subject_id,ankle,arm-length,bicep,calf,chest,forearm,height,hip,leg-length,shoulder-breadth,shoulder-to-crotch,thigh,waist,wrist
-5OHO2b5mRDY1rvAf07sYYtekEEX7ViEGmvRr7l4tfc,22.00178337097168,46.76323318481445,28.288970947265625,35.64996337890625,99.2533950805664,24.81337547302246,164.37962341308594,92.1286849975586,75.12725830078125,33.848777770996094,60.541385650634766,52.41831970214844,87.30789947509766,15.19203758239746
-67TrwlJ3GSsqPeHaa2Nb0iQ-BKZfIx4ERysQPZ0-SY,20.78885269165039,42.22955703735352,24.52714157104492,29.18135643005371,93.62777709960938,21.97903823852539,146.51663208007812,87.13410186767578,67.26985931396484,31.65919685363769,52.6972770690918,41.84494400024414,74.4008560180664,15.120060920715332
-CQBOT5zSJk5ZYlZ4cgBP2x4lzzLLdPC6sIbhUHYddI,24.376115798950195,45.99767303466797,29.44034194946289,37.11942672729492,113.5492706298828,25.034324645996094,160.16490173339844,106.76206970214844,72.8509750366211,35.03535079956055,60.5288314819336,54.90545654296875,107.0347900390625,16.706375122070312
-ENkfo777FGDxVRXMHmkujRtZle23u0_smgNc2pQuUY,24.880470275878903,46.4306640625,29.9108829498291,39.28228759765625,94.17327880859376,25.15575790405273,162.006591796875,102.333740234375,75.34252166748047,33.09746170043945,59.270545959472656,55.3901252746582,85.31018829345703,16.6101131439209
-EujjqWPZ_L0NO_RqgxJ79mA23Tjj33cYAoFaysL4I0,22.742536544799805,45.37940216064453,32.74854278564453,37.94465255737305,122.96255493164062,26.89884376525879,155.54574584960938,114.80290985107422,68.06900787353516,35.909629821777344,59.71751022338867,57.096954345703125,112.93948364257812,16.802091598510742
-QVnfQ26qAbPK2NBge_b9gErXDn4CdOYWdc4fILEjjQ,22.11094665527344,42.74123764038086,27.424707412719727,35.65148162841797,89.4739761352539,23.59394836425781,158.33795166015625,94.87220001220705,70.54869842529297,31.470802307128903,58.75323486328125,51.796165466308594,77.15232849121094,15.86899185180664
-cVyBck9teEIqY0XFjfj5XuSX-RPHG8mWNFEaP5wDWE,22.312450408935547,43.671913146972656,31.953712463378903,37.76602554321289,106.53643035888672,27.21356201171875,156.61866760253906,103.14043426513672,69.95234680175781,34.373390197753906,59.047359466552734,56.29758071899414,85.88825988769531,17.6932315826416
-c_G-UGrzClrDaGeYF9dAts4LHTS7ucdaBFDpn_sOE0,25.29034996032715,49.6096076965332,29.87209892272949,39.482872009277344,99.97396087646484,26.237478256225582,172.86705017089844,108.0689697265625,78.5002670288086,34.663333892822266,63.54736709594727,58.38501739501953,90.38313293457033,16.210710525512695
-f435rmMBWdNpQenjlVoMqciq2qSKrVkdrcdeBhFadA,22.53120422363281,49.2200927734375,26.90044212341309,35.371822357177734,94.22655487060548,22.571287155151367,166.5394287109375,102.5193099975586,77.68121337890625,33.05937957763672,59.38827133178711,53.33388137817383,82.11270904541016,14.188421249389648
-gMnbkDTbXza9PMNAhyVL5xBmz4VZQU_7eNooMMvalk,25.126089096069336,53.44363784790039,27.75780868530273,37.10091400146485,93.89010620117188,25.06172752380371,181.02784729003903,98.17752838134766,84.92781829833984,33.03047561645508,64.01351928710938,53.059268951416016,81.50312042236328,16.282514572143555
-gXu1nZDGq7CwAyObp3f3MhE0r5BBxuer9T15M92u-U,20.931018829345703,46.20817565917969,29.47761344909668,33.437435150146484,92.39200592041016,24.056921005249023,158.7543487548828,93.67941284179688,74.02307891845703,32.34389877319336,56.48509216308594,54.13359451293945,79.95699310302734,14.579545021057127
-kOx6TND-xhoWgxKctLcShlDXu7NGp1nFzUNlIqDC8E,21.079761505126957,45.45671844482422,23.91275405883789,32.1273078918457,86.20568084716797,22.25738906860352,161.33181762695312,89.7505111694336,72.91248321533203,29.95335960388184,60.03893280029297,49.086647033691406,66.98853302001953,14.919239044189451
-nb6YMhnr5iOO8SbyCamexRSVRxegqztWFmTJZM2X94,22.67784309387207,47.12709045410156,27.806718826293945,34.69304656982422,89.25285339355469,23.21061134338379,163.29432678222656,96.18466186523438,76.039306640625,31.362478256225582,58.375,50.12926864624024,78.24508666992188,15.207329750061035
-sHYg3xM3uHrzxlrZ2to6JCRvfCROFtdR8BoEarbu0Y,23.362548828125,50.205039978027344,28.219707489013672,38.21259307861328,102.1435546875,25.0490665435791,176.4343719482422,106.52654266357422,81.48880767822266,34.80927276611328,64.53680419921875,52.61399459838867,93.0442352294922,15.801148414611816
0D-8Ft39MufsfV1e8PSPutSzSJ4BYLTcQYupqyYs52c,20.953752517700195,44.99239730834961,27.430883407592773,33.89942932128906,87.34469604492188,23.061843872070312,157.07015991210938,94.67545318603516,69.17514038085938,31.33038902282715,59.02237701416016,53.10393142700195,82.19783020019531,14.711585998535156
0_Be70jSUDcGB5ClohaaXArKKavaPoKiI0b8OAnJFbA,26.227447509765625,49.67819213867188,26.42189216613769,36.28799819946289,100.0691146850586,24.236106872558597,168.81375122070312,99.21615600585938,77.24885559082031,34.72777557373047,62.67652893066406,50.35700225830078,89.46890258789062,14.806180953979492
0llUez60571dPHH-iNUKIhyU8RNcRM3u8cJx27lOkkk,22.06548118591309,48.283958435058594,27.866151809692383,36.30577850341797,95.32306671142578,24.341794967651367,169.62521362304688,94.22338104248048,76.8064956665039,33.0548095703125,62.374488830566406,54.52182388305664,72.86249542236328,15.54216194152832
0nUGCGJVMuW97nuWEcXti8w-lDDCvyrOgT7RzfE_C1I,23.03183937072754,48.67331314086914,28.263959884643555,36.24233627319336,101.45004272460938,24.26540756225586,169.77513122558594,106.48950958251952,79.05758666992188,32.736454010009766,61.78771209716797,56.129913330078125,83.8014144897461,15.470462799072266
0qRH3UAnRSlRrPNxpd94zBYVRZViXIJ98JiQOkF9TOY,24.41596984863281,44.67102813720703,34.02150344848633,39.71658706665039,99.6177749633789,27.057537078857425,161.09735107421875,108.1435089111328,70.70780944824219,33.48346328735352,61.80668640136719,60.24334335327149,89.17278289794922,16.63928985595703
0rGJdyxMb1htbhTkMtbdeGGj8aPapDY8PlclNf3Ofy0,22.121170043945312,50.0666618347168,33.132747650146484,37.4149169921875,111.11244201660156,25.94504737854004,163.7317657470703,110.9326400756836,76.93948364257812,35.44302749633789,59.32429122924805,60.00509262084961,97.04959106445312,16.555471420288086
0wvZ5ZeHgraG0oQGr38yR75PmIG9-hXYnUWW0uJqWtE,22.54987144470215,47.887325286865234,33.670108795166016,37.30579376220703,112.3879623413086,27.62906646728516,166.53775024414062,111.89044952392578,74.93448638916016,35.88084411621094,62.13562774658203,61.3396110534668,97.4811553955078,17.1543025970459
1-Z2ZgpojmGFUzkcCbcse4YJKzOIF6LNchJsfy6laU4,22.286760330200195,44.68696594238281,23.724693298339844,34.742610931396484,82.40026092529297,23.338987350463867,159.8365020751953,91.83966827392578,70.7750015258789,32.89825820922852,59.5645637512207,48.082061767578125,71.39347839355469,15.25199031829834
13pX7gY7asIuwkUe84q-h_Y4ih0x3AWA_elpNZmNBKg,20.825942993164062,50.94427108764648,25.26238822937012,31.34707260131836,87.31368255615234,21.579315185546875,168.4728240966797,93.66131591796876,78.33564758300781,32.636287689208984,60.76560592651367,47.09126663208008,67.684814453125,14.78540325164795
14jpgC_nNGPOffvAQo4KbTLvFLaJKqAloOYHFvSaP14,23.52410125732422,48.19753646850586,32.65481185913086,38.360145568847656,119.11448669433594,27.302064895629883,165.19491577148438,108.58586120605467,74.9403305053711,37.18885040283203,61.90311050415039,60.36492538452149,98.3752899169922,16.44611930847168
18UYtlOrWXTtl9rdyTZn15jBQQas9SHzofFmCJwC3Xw,22.280521392822266,46.28203582763672,27.914691925048828,35.31764221191406,97.53553009033205,24.12632942199707,160.4709014892578,103.42962646484376,72.2280502319336,35.886383056640625,61.309268951416016,57.11328506469727,84.64244842529297,16.39433479309082
1D-rS4ceivG5o5yI7oRT4XD61IjRxaI_SeFBoqHYems,23.08041381835937,49.12768173217773,28.414459228515625,38.56144332885742,93.39962005615234,24.29977035522461,169.54229736328125,100.67453002929688,77.6395034790039,34.207733154296875,62.63411712646485,54.66332244873047,78.13336944580078,16.740795135498047
1EDRp_apkqyIjHTghIXLzqX30_MDFtPqhAYeUyF2tL4,24.036474227905277,45.282135009765625,30.14162254333496,40.4699592590332,95.40482330322266,26.022403717041016,161.63357543945312,103.71168518066406,70.59870910644531,33.37874221801758,61.86981201171875,55.196048736572266,86.04528045654297,16.081483840942383
1F0kEDeQXT7IOic6etMSOANMhH7SvKE1o-THF11ugdw,22.806394577026367,47.06086730957031,26.653339385986328,39.459129333496094,94.0296401977539,23.882434844970703,160.21852111816406,97.20577239990234,73.15338134765625,33.059913635253906,58.7928352355957,51.90180587768555,81.38391876220703,14.944025993347168
1KrwWNhtm7WrMFYURvkl4aTk_3kOdqtVURRKQoYX8XQ,22.599443435668945,48.45741653442383,28.09447479248047,36.50622177124024,92.93629455566406,24.205177307128903,162.80702209472656,97.92972564697266,75.9937744140625,34.409854888916016,59.21636581420898,50.17811965942383,85.15086364746094,14.808453559875488
1URL293v7fRtwuqARugrJik3jCDPz73GZIcPzdhd56A,24.33282470703125,46.90985107421875,28.081920623779297,39.076473236083984,97.87828063964844,25.032642364501957,161.39137268066406,105.90386962890624,72.00284576416016,33.4484977722168,62.25896453857422,57.02068328857422,88.85763549804688,15.971505165100098
1eyiZ_Rvz8UaYjXqcnoxSDSIOJNFEtE3wALP1pOVFWo,23.737960815429688,50.49484252929688,27.326318740844727,37.77935028076172,88.88947296142578,24.122299194335938,171.79905700683594,98.19741821289062,79.81324005126953,32.42753601074219,61.87739562988281,52.50125503540039,78.02482604980469,15.426907539367676
1hW_MCqKCiuyI_RdcwYn7k0pFVsCyG5epVA4Lv-4jGU,22.58608627319336,46.094486236572266,27.437929153442383,37.16923522949219,89.19153594970703,23.316377639770508,162.3371124267578,96.8127670288086,75.9902572631836,31.261754989624023,57.73405456542969,52.78351593017578,80.69123077392578,15.435639381408691
1iNLc9Y7A66Ulg98SZyMiKgeyOdmugfXlmXEYSMa7iI,23.3764762878418,48.279747009277344,28.5120849609375,38.868289947509766,93.47380828857422,24.312530517578125,170.36068725585938,107.29231262207033,79.1264877319336,33.26886367797852,61.88245391845703,56.847129821777344,84.08770751953125,14.933624267578123
1r-5y6wiubbNTNDOhH0ypmCfrIdg_mJnMzR69G2i6no,22.07048225402832,51.62034606933594,24.21930885314941,31.686996459960938,85.02081298828125,22.972505569458008,169.2164306640625,90.55326080322266,80.34208679199219,33.643856048583984,59.02701950073242,43.96139907836914,75.51879119873047,15.773797035217283
1wP6j4QiFLHGuLAm_s4df3xbuRn7c6TAX_N415huzDg,23.93388557434082,50.77123260498047,28.30501365661621,38.64670944213867,102.9622039794922,25.558032989501957,175.88548278808594,104.43807983398438,81.93487548828125,35.13468933105469,64.6199722290039,54.56203079223633,95.1157455444336,16.417987823486328
22ECz4XgvzzUy8vVo-peN9oEhJiOqZo3QwBBuIpNyqU,22.289875030517575,48.272071838378906,30.70331573486328,36.63473129272461,102.28885650634766,26.0811824798584,163.58584594726562,100.28044128417967,74.82734680175781,33.06485366821289,60.205379486083984,57.34062194824219,86.05390167236328,16.440460205078125
27fgXorDJPfXnx9zZsB9ZKNwkIY9dUPGaGFaLKX4nKc,20.92096328735352,43.56281280517578,25.0067138671875,31.48600959777832,83.31199645996094,21.8660945892334,153.40528869628906,90.30299377441406,69.79593658447266,29.277633666992188,55.86012268066406,45.40093994140625,67.42786407470703,14.871424674987791
2A02K7VTiazsZPJow1JvfW1rcmsCwRcc6udVInDdVfo,24.92074966430664,50.87155532836914,26.8181095123291,39.3043098449707,96.19219207763672,24.59461975097656,175.4066925048828,102.61275482177734,79.49666595458984,34.8982048034668,64.9070816040039,52.92129898071289,88.24603271484375,15.70671844482422
2NWEZ9_atmcpO1hW35vimzq3zGQrfywdEdGvLkStrGo,21.375606536865234,47.06450653076172,25.19011116027832,34.23427200317383,81.83576202392578,22.68685913085937,169.3643035888672,94.28793334960938,77.607666015625,31.659687042236328,60.09965133666992,48.84772491455078,75.59247589111328,14.33060359954834
2Q1z0YAxR5KlamR3g5E3v9P6MYZkNHS5Jc3oReJhaAA,22.90557861328125,45.74873733520508,26.53684425354004,36.71290588378906,91.56161499023438,23.9198055267334,161.7175750732422,100.95443725585938,74.82514190673828,32.54400634765625,58.84856796264648,50.74721908569336,78.16004943847656,15.369043350219728
2XxoxDTOvtuoTIbSfRRHmzG621PArvFXEGQw7eLhTKA,24.44216728210449,46.923301696777344,32.910484313964844,39.98864364624024,103.68083190917967,28.49013900756836,159.2215118408203,104.66130065917967,75.1431884765625,33.124019622802734,58.69729995727539,58.21172332763672,92.50763702392578,18.95884132385254
2eAFDpd5_d9dDkD8Wufm0nmGIXv5zqtQIWLWQ5P4M6c,24.233776092529297,48.15271759033203,28.54453659057617,38.95841217041016,96.27783966064452,25.2940673828125,166.2782440185547,100.74641418457033,75.81748962402344,32.52134704589844,61.89051818847656,53.54510498046875,85.10908508300781,15.88343906402588
2iddLMv6IBuiVCaT2BJzjPJXfB5xu78N0UxRxIf2o_U,22.55992317199707,50.42573547363281,24.32812118530273,37.94060897827149,85.47596740722656,22.464662551879883,174.484619140625,97.8724365234375,82.68121337890625,32.126190185546875,62.268821716308594,51.33407211303711,76.15034484863281,14.174857139587402
2lEWBQrGR_vm8phdFZXOUSOhbHgplfgxN8NXLIJvAFU,23.003324508666992,47.1253547668457,28.050121307373047,36.35768508911133,96.16275787353516,24.54242515563965,163.0580291748047,95.03447723388672,74.91320037841797,32.28316879272461,60.01708221435547,50.68498992919922,79.44277954101562,15.426566123962402
2xxiZFm5qMJAVTRt3PwYFITQtRxLUHetHmjN_qp4D_Y,23.624801635742188,46.44612121582031,29.327289581298828,39.35114669799805,98.0508804321289,24.98572540283203,157.62767028808594,109.39189910888672,71.3988265991211,33.504051208496094,58.800079345703125,56.52810287475586,89.73368835449219,16.51665496826172
33kQep-kt5ANgw-ZuhiXxYHHKj9EgooiTmgbFXAxp5M,22.5406551361084,47.14166259765625,26.23104858398437,33.91293716430664,90.97679901123048,23.047138214111328,163.17630004882812,95.49356079101562,76.5185775756836,34.10603713989258,58.20989608764648,50.7135009765625,79.01925659179688,14.995241165161133
3DHVh6yH4O8Yxk5pCf44wqCFmoSfAeKW5YIorkkBRXU,23.249147415161133,48.27641296386719,25.435510635375977,34.8415412902832,88.39102172851562,24.016185760498047,165.05242919921875,96.78654479980467,76.92207336425781,33.03657531738281,58.621673583984375,49.04425048828125,75.1349868774414,15.332594871520996
3HTxlEply3gwyMnwXZ4MJiN0FwDmsLLer9CnROMOtFs,21.75551986694336,50.74779510498047,26.3336238861084,33.48355865478516,84.57298278808594,24.478984832763672,174.6734619140625,92.355712890625,81.27581787109375,33.24593734741211,61.49738311767578,49.26056289672852,73.2947998046875,14.804752349853516
3IuFMuxOGgrsnMzvxLln5FuovY0dDmgrEjYVS478NbI,24.105432510375977,46.199161529541016,30.53614997863769,36.609031677246094,97.17745971679688,26.36592483520508,171.9857177734375,105.33390045166016,76.81746673583984,35.36285781860352,65.99368286132812,54.459590911865234,88.81378936767578,16.764331817626953
3LtoBREo0oJ058FPutEgX3dYNGp3wm5eiTGKD3Nc-Js,24.93412399291992,51.085391998291016,29.312652587890625,38.14729309082031,96.14927673339844,25.025798797607425,175.10357666015625,108.2780532836914,79.26248168945312,35.0762939453125,64.71824645996094,53.97757339477539,88.26471710205078,16.36383819580078
3NqXXy-rq13kLzqPJL253KQvUdWlJsQnuSd3Sd6RQSI,21.600038528442383,45.63924789428711,28.27733039855957,35.00853729248047,91.28962707519533,23.92564010620117,165.657470703125,92.9954605102539,76.37281036376953,33.493446350097656,59.366493225097656,52.92332077026367,73.08287811279297,15.005501747131348
3O9btgqdy7RllKtquu5GJakJSzLCiZlK7mjps2nDB7s,21.417869567871094,48.46392822265625,25.84181404113769,34.47638320922852,88.46890258789062,22.957246780395508,167.32357788085938,95.24655151367188,77.08722686767578,32.49405670166016,60.224246978759766,49.60627746582031,76.02149200439453,14.57403564453125
3VAjyqA7VZJYiY8-2KpTG0pMgxeUi26w4RSXLzz5q6w,21.441856384277344,44.6085319519043,22.61407852172852,34.705848693847656,81.5449447631836,21.43575859069824,159.1269073486328,87.64702606201172,70.44632720947266,30.589466094970703,58.195560455322266,48.178001403808594,70.03486633300781,13.123608589172363
3aHFd4mFwyX39yx0F0TkXJ6UozmoLUnbf_Zlv7ARHAU,24.379404067993164,52.131954193115234,27.850801467895508,36.07818984985352,90.74156951904295,24.601985931396484,179.19573974609375,100.80683135986328,87.72988891601562,33.31471252441406,61.46570587158203,53.479129791259766,79.85150909423828,15.765325546264648
3jslvtD5_LOEvSftuCbSHqqk_t9fVhzp4nGUwkS_ik8,22.993696212768555,48.26714706420898,25.55513572692871,37.78310394287109,88.32844543457031,24.5891170501709,166.67092895507812,93.2319107055664,76.44396209716797,31.016550064086918,59.93139266967773,51.45061492919922,71.71896362304688,16.061100006103516
3k47JvUqGCbFaJgJEhEiAhXxa5O1yS1Ms0w94x02iI4,23.815216064453125,46.76918411254883,29.606420516967773,37.72991180419922,112.06155395507812,25.755098342895508,166.14743041992188,103.6939468383789,76.0223388671875,34.5919189453125,61.20209884643555,55.98799514770508,100.34426879882812,16.938854217529297
3ksASfe4f_APd1tLxccDtth3VbpJ9SgIcz5vPw7Y1os,23.89372444152832,47.66479110717773,31.942279815673828,39.25181198120117,113.65008544921876,25.01327514648437,166.11715698242188,118.57276153564452,74.8769760131836,33.480796813964844,62.29280471801758,57.75485610961914,106.21986389160156,15.524381637573242
3lCM3aLY_S5D8So-cmKS_wxvg4LEd3ByaVj7RwtJXPk,23.601062774658203,49.992000579833984,22.93655776977539,36.32235336303711,86.52153015136719,22.70113182067871,170.75503540039062,90.04361724853516,79.01244354248047,30.141891479492188,59.8513298034668,44.72948455810547,76.06050109863281,16.005760192871094
3sB6D9ahz7CjOisVrAIJNqpEfD1lfw0Rb8mSijk1xc8,23.0714111328125,48.59657287597656,31.330406188964844,35.19013977050781,109.8245620727539,26.22853660583496,167.21432495117188,107.13188934326172,77.38746643066406,34.36103439331055,62.15890121459961,57.22689056396485,92.23451232910156,16.92511558532715
3xVJO9HyrOrQkIXXjdqeHftluBQ_Jkt2Tn748nJt9gk,22.61237335205078,47.83156967163086,27.28826332092285,39.38432693481445,95.77833557128906,24.69903564453125,165.92684936523438,93.29840087890624,76.53697204589844,32.95097732543945,59.24696350097656,52.21823501586914,82.2266845703125,15.664861679077148
4BXlHd3dwVd6PpZncEnIpr675Ozub9a3aCKVl2bfRdY,23.56215476989746,50.75336456298828,27.64275932312012,34.63108444213867,95.4163589477539,23.974109649658203,170.5407257080078,100.599365234375,81.39363098144531,33.98633575439453,60.842960357666016,52.38809967041016,81.9393310546875,15.562896728515623
4ETJJKC9HNKcvTvC-u5DrkNO9ia7tsMZdnpvVuU2kmc,21.92441940307617,48.17008590698242,25.903461456298828,33.59937286376953,89.69903564453125,22.742361068725582,168.9649658203125,95.60244750976562,79.16602325439453,29.861204147338867,60.18283081054688,50.78529357910156,74.9278793334961,15.140247344970703
4Ji4jvSX5vPu7giQHWXRgilR8UetKbKXNRwnKE7CHsE,22.33717155456543,48.127197265625,25.842754364013672,36.61544036865234,96.15847778320312,23.210786819458008,165.69761657714844,95.09998321533205,76.21992492675781,33.99281311035156,59.475215911865234,48.91780090332031,80.94694519042969,15.634200096130373
4O8aBm6WqK4iZEWaVSE77na_BaO5FzaUWq8yTrb-hS4,24.76078224182129,48.00104522705078,26.32696914672852,36.62633514404297,87.691650390625,23.70932006835937,169.73289489746094,98.70677185058594,77.37704467773438,33.64762496948242,61.6568603515625,53.07627868652344,73.0081558227539,15.487597465515137
4V0D7qiw6J5sTLHjBGkxAjwpIZRx-KPVaQWLWf8xy4o,20.74202919006348,47.09541320800781,26.88514709472656,34.68529510498047,95.95661163330078,23.532934188842773,163.8970947265625,104.18953704833984,74.43533325195312,33.02961730957031,61.155311584472656,52.45353317260742,91.83299255371094,14.917346954345703
4V5t1ip62IcSKtuK7qkTrk1d0nDXVf2qVARD7g_SNI4,22.81171989440918,47.55776596069336,26.53988265991211,36.05466842651367,86.01060485839844,22.948427200317383,163.94891357421875,93.90637969970705,77.283447265625,30.72929954528809,57.937049865722656,50.36880111694336,76.76567840576172,15.174786567687988
4bBr6L-kFUuzyOWO3vI_4OGSbP_3WZjfIF8OvUCdu-0,22.093481063842773,47.2809944152832,23.47223854064941,33.13392639160156,91.48159790039062,21.97950553894043,164.5360565185547,89.28866577148438,75.43451690673828,31.702959060668945,60.33383941650391,45.20659255981445,72.17577362060547,14.657027244567873
4bITwZfmlJUYVTWFNlQsWqjmpXd7p_B1KyqLCAdWbVQ,21.729846954345703,44.49730682373047,26.8911247253418,35.338809967041016,87.13169860839844,22.711576461791992,157.91867065429688,93.3673858642578,71.58680725097656,30.74971008300781,57.020389556884766,53.30097961425781,71.86102294921875,15.22095012664795
4bpNJgeZd3-fSRjAsrW6eRInYZ6LOOeVVGC0dfWjwNg,22.06092834472656,49.73380661010742,23.319072723388672,31.63530540466309,91.84209442138672,22.201372146606445,167.8433380126953,88.4359359741211,77.9020767211914,32.93450164794922,60.73188400268555,47.09466552734375,72.39541625976562,14.616981506347656
4d_X7JZm0gneZC8ffiFtMDo1I7gKKmN0V0ER7YrB8pI,23.323522567749023,45.75940704345703,35.442134857177734,40.27214431762695,102.69129180908205,27.32673072814941,163.1024627685547,107.83265686035156,74.89495086669922,32.24552917480469,59.848331451416016,64.40576171875,91.19351959228516,16.729063034057617
4gXQA7YvC9wjEAkjxtjYg_1zS4JZ6WaJLbs3nQKKfnY,26.2567195892334,45.65607070922852,35.389095306396484,44.48801040649414,102.1886749267578,29.06593894958496,162.29458618164062,108.9304656982422,70.74609375,35.01505661010742,62.20629119873047,58.32423782348633,96.56246948242188,18.28909492492676
4gzhVdluq4GEahFOrrRVLFhPRtaCNe6TRS0xydt5czg,22.391189575195312,46.80754470825195,25.2641658782959,35.22339630126953,83.4017333984375,22.59098052978516,158.70526123046875,90.63597106933594,72.40633392333984,32.83577346801758,57.62242889404297,46.19355010986328,71.7653579711914,14.677420616149902
4z9kqRwkw3EEXpQm5AQj28m_K4HzCJi32K02uiLQ_Sw,21.04560852050781,44.9931755065918,26.46958923339844,34.154296875,85.1450424194336,22.941478729248047,160.26478576660156,94.44283294677734,71.34307861328125,32.898284912109375,58.81360626220703,50.06003189086914,75.95101165771484,14.680831909179688
4zydBaQiHRmsujJ961bicneBbDYHlmHxPeLTQBorLzY,21.10027503967285,48.9707145690918,26.37160873413086,31.4118595123291,88.22805786132812,22.70855140686035,166.95603942871094,95.18148803710938,77.91580963134766,33.025230407714844,61.32758331298828,47.58760070800781,73.5728530883789,14.980027198791504
59bc274f681516389ccf3d08,22.68255615234375,46.99745178222656,29.1801872253418,35.491844177246094,103.20985412597656,24.75226402282715,164.1516876220703,107.26795196533205,75.0186767578125,32.929481506347656,60.47475814819336,55.47791290283203,85.2437515258789,14.998458862304688
59bc2757681516389ccf4018,24.890010833740234,46.28756713867188,26.88668632507324,37.74913024902344,88.30863189697266,25.275739669799805,163.37176513671875,98.54338836669922,72.45146942138672,32.47273254394531,61.46366500854492,53.99177169799805,73.19129943847656,16.69658851623535
59bc2758681516389ccf4047,21.895368576049805,47.65990447998047,25.942556381225582,30.623292922973636,85.36853790283203,23.02227783203125,165.17417907714844,92.80371856689452,77.36064147949219,33.7833251953125,59.49690246582031,47.252479553222656,81.63770294189453,15.5053071975708
59bc2758681516389ccf4064,25.00495338439941,51.97239303588867,36.72856521606445,44.01591110229492,118.88298034667967,29.331100463867188,183.00604248046875,124.65128326416016,83.72428894042969,36.19296646118164,69.42646026611328,70.17158508300781,109.01707458496094,17.435911178588867
59bc2758681516389ccf4071,25.614805221557617,47.604339599609375,45.069129943847656,44.94682312011719,148.7958526611328,31.64352798461914,163.99378967285156,145.5550994873047,74.24581909179688,38.26397705078125,63.359413146972656,75.81639862060547,129.25729370117188,19.124832153320312
59bc2758681516389ccf4077,23.27415657043457,51.45687484741211,31.1682243347168,39.70743179321289,96.68221282958984,25.937129974365234,170.08441162109375,115.8496551513672,79.36279296875,33.24088668823242,62.73667144775391,62.34639358520508,94.39581298828124,17.251596450805664
59bc275a681516389ccf40d8,24.929155349731445,45.724220275878906,46.47322463989258,41.680625915527344,139.53770446777344,31.900314331054688,157.48704528808594,149.4500732421875,66.37552642822266,37.489784240722656,63.99299621582031,70.45103454589844,123.22821807861328,19.217369079589844
59bc275a681516389ccf40ff,28.00337600708008,47.91699981689453,37.281036376953125,43.32609558105469,127.12908172607422,30.770383834838867,167.16317749023438,110.90097045898438,75.66747283935547,38.49708557128906,62.916015625,57.62206268310547,104.11641693115234,20.920991897583008
59bc275b681516389ccf4111,23.33139991760254,43.050140380859375,33.287086486816406,36.53116607666016,116.99549102783205,26.978910446166992,149.33901977539062,111.23329162597656,67.25596618652344,34.72739791870117,56.151123046875,53.039695739746094,103.81707763671876,17.209671020507812
59bc275b681516389ccf415f,23.145627975463867,49.455108642578125,39.78297805786133,42.74919509887695,116.50180053710938,30.032638549804688,167.82565307617188,120.25802612304688,77.61901092529297,36.68692398071289,63.12061309814453,72.25641632080078,105.3504638671875,17.504030227661133
59bc275c681516389ccf4171,26.036983489990234,46.35341644287109,38.2940788269043,43.30301284790039,131.00892639160156,29.593582153320312,159.02928161621094,129.25184631347656,69.0234375,38.66559219360352,62.235748291015625,65.14395904541016,119.48908996582033,18.99181365966797
59bc275c681516389ccf4180,25.63058853149414,46.50661087036133,35.963157653808594,39.518348693847656,133.68997192382812,27.269147872924805,162.94895935058594,129.2054901123047,74.5469970703125,35.863285064697266,61.18380355834961,67.65208435058594,112.6383285522461,18.34444046020508
59bc275c681516389ccf4198,24.034015655517575,51.16572189331055,33.286041259765625,36.34900665283203,127.79397583007812,25.82516860961914,168.50856018066406,124.24185943603516,78.22982025146484,36.69542694091797,63.4077033996582,58.277618408203125,108.60009002685548,16.976037979125977
59bc275c681516389ccf41a4,24.616209030151367,48.35683441162109,31.075193405151367,36.68880844116211,116.93394470214844,28.21412467956543,169.67234802246094,123.69896697998048,81.25180053710938,33.42591857910156,62.10032272338867,64.26768493652344,112.0389633178711,18.720050811767575
59bc275c681516389ccf41bc,24.44781494140625,48.76071548461914,33.309940338134766,39.61088180541992,111.09004974365234,26.147411346435547,174.46498107910156,119.2706527709961,81.05365753173828,35.29326248168945,63.77766799926758,67.4677734375,99.3231201171875,16.303436279296875
59bc275c681516389ccf41bf,30.9379940032959,45.62310409545898,55.81306076049805,45.407981872558594,153.9407501220703,39.74776077270508,162.54913330078125,158.51791381835938,70.76309967041016,38.0206413269043,66.20304107666016,84.19622802734375,146.97230529785156,23.49059295654297
59bc275d681516389ccf41e4,22.43675994873047,48.01180267333984,33.90989303588867,36.622196197509766,116.87029266357422,28.14246368408203,165.79757690429688,116.12032318115234,78.8533706665039,35.34912109375,59.8536491394043,57.42250442504883,105.74661254882812,17.63439178466797
59bc275d681516389ccf41ed,24.229711532592773,46.4321403503418,38.5355110168457,43.06377029418945,124.3535385131836,27.683717727661133,163.41864013671875,123.88067626953124,74.11746215820312,35.52568054199219,63.108985900878906,67.52831268310547,109.20608520507812,17.931779861450195
59bc275d681516389ccf41f6,24.174480438232425,47.67095565795898,36.76393127441406,39.84859085083008,106.33674621582033,28.728168487548828,161.76840209960938,113.55496215820312,73.20603942871094,34.805419921875,61.288970947265625,63.31632232666016,100.24129486083984,18.228504180908203
59bc275d681516389ccf420b,24.65460968017578,44.79795455932617,37.08483505249024,39.06320571899414,122.0279769897461,29.530237197875977,156.8723907470703,117.2849578857422,71.73101806640625,34.39828872680664,58.74031448364258,64.04643249511719,106.7132797241211,18.484037399291992
59bc275d681516389ccf4220,24.75418281555176,51.52927017211914,35.410945892333984,40.9030647277832,110.27752685546876,28.078689575195312,178.2296600341797,116.33185577392578,84.79777526855469,34.594932556152344,65.72147369384766,64.10223388671875,94.33024597167967,17.40797996520996
59bc275e681516389ccf422d,27.60524559020996,44.348270416259766,45.71307373046875,49.518062591552734,126.50959014892578,32.4310188293457,159.19393920898438,147.04783630371094,69.7496566772461,36.13393020629883,63.63776016235352,76.88240051269531,114.71343994140624,18.863689422607425
59bc275e681516389ccf4248,27.444843292236328,53.97886276245117,44.08871841430664,45.27530670166016,132.42591857910156,32.82573318481445,181.57632446289065,137.99728393554688,86.72459411621094,37.65971755981445,67.55337524414062,75.54991912841797,121.037353515625,19.69677734375
59bc275e681516389ccf424f,23.54164695739746,52.9316291809082,33.18976974487305,41.88903427124024,108.13639068603516,26.314802169799805,178.8065948486328,109.55274200439452,85.77440643310547,33.75651931762695,64.21855163574219,60.22987747192383,97.1098861694336,17.059864044189453
59bc275f681516389ccf42dd,21.143972396850582,45.17984008789063,27.560108184814453,33.57445526123047,97.86721801757812,22.93450927734375,161.56849670410156,94.04601287841795,72.19664001464844,31.17100143432617,59.28644561767578,47.70165252685547,75.92356872558594,13.914597511291504
59bc2760681516389ccf4333,21.14923477172852,46.59723281860352,23.697065353393555,33.20305633544922,82.49739074707031,21.620532989501957,161.9053497314453,88.5430679321289,72.45433807373047,31.43641662597656,58.85387420654297,45.88589477539063,69.49959564208984,14.372257232666016
59bc2762681516389ccf440f,23.15851783752441,45.49078369140625,34.351802825927734,38.50037384033203,106.31739807128906,27.66672706604004,162.3108673095703,109.80260467529295,72.58609771728516,33.13657760620117,60.59819793701172,60.70112609863281,88.47762298583984,17.636943817138672
59bc2763681516389ccf447a,22.93202781677246,46.33583831787109,29.647136688232425,37.23762512207031,97.7189483642578,25.10612678527832,161.74658203125,105.0294952392578,72.6473617553711,32.67203903198242,60.988731384277344,55.33175277709961,83.6630859375,16.73153305053711
59bc2764681516389ccf448d,24.76844787597656,43.51354217529297,38.0775260925293,40.41056442260742,114.21321868896484,27.044479370117188,156.95248413085938,128.00389099121094,69.94060516357422,34.09505081176758,61.83095169067383,69.56288146972656,114.01244354248048,16.03227424621582
59bc2764681516389ccf449b,23.56239128112793,49.140663146972656,31.325313568115234,36.02750396728516,106.28810119628906,25.895139694213867,170.84442138671875,114.22377014160156,79.45318603515625,35.39946746826172,64.24956512451172,61.455562591552734,98.31578063964844,15.59068775177002
59bc2764681516389ccf44c2,23.191673278808597,42.47455978393555,28.148759841918945,37.889442443847656,110.0667495727539,25.485597610473636,153.31600952148438,99.53335571289062,67.49729919433594,33.483760833740234,58.64731597900391,55.27676010131836,88.65998840332031,16.276668548583984
59bc2764681516389ccf44e2,24.0859375,47.461910247802734,31.116004943847656,38.596824645996094,106.96390533447266,25.28249168395996,167.01377868652344,107.1247100830078,76.7305679321289,33.93522262573242,62.785892486572266,60.33351516723633,98.41585540771484,15.20918083190918
59bc2765681516389ccf44f7,21.94550132751465,47.95013046264648,25.484336853027344,32.46530532836914,85.81626892089844,22.27117347717285,165.71969604492188,103.45597839355467,76.27534484863281,31.267898559570312,61.14500045776367,51.55033874511719,78.39317321777344,15.756113052368164
59bc2765681516389ccf4503,21.422096252441406,47.51996612548828,26.54811668395996,31.94359588623047,83.67066955566406,23.09579467773437,156.20220947265625,98.68939971923828,73.89820861816406,31.110427856445312,55.59850692749024,49.05327987670898,72.89482879638672,15.098219871520996
59bc2765681516389ccf4510,22.231586456298828,43.90174865722656,30.55303001403809,36.37875747680664,106.93952178955078,25.1442985534668,157.33616638183594,110.0118408203125,71.63417053222656,33.52566909790039,56.96273422241211,52.26739883422852,97.91291809082033,17.09146499633789
59bc2765681516389ccf4513,23.322519302368164,47.63555145263672,30.963258743286133,38.257720947265625,99.9602279663086,24.88444709777832,168.46102905273438,103.36111450195312,76.63388061523438,33.74259567260742,62.525665283203125,56.58955001831055,81.5417251586914,15.75599479675293
59bc2765681516389ccf4523,22.25450897216797,46.88638305664063,27.177982330322266,34.340789794921875,102.76457214355467,24.203271865844727,164.54429626464844,97.68572235107422,76.5307846069336,34.12473678588867,60.94776916503906,51.70672225952149,92.14850616455078,16.441913604736328
59bc2765681516389ccf4530,21.14940643310547,44.57902145385742,27.47366523742676,31.971763610839844,98.407470703125,22.607072830200195,159.62977600097656,94.22520446777344,73.10923767089844,31.938758850097656,57.98505401611328,47.568946838378906,85.93815612792969,14.42820930480957
59bc2765681516389ccf4551,25.51651382446289,46.8772087097168,41.48991775512695,39.85147476196289,129.2558135986328,30.718202590942383,164.4932403564453,122.9077606201172,75.358642578125,36.955223083496094,61.655643463134766,63.2265625,126.4811782836914,17.94289779663086
59bc2766681516389ccf4567,25.274066925048828,46.7932243347168,36.786109924316406,43.38358688354492,114.40460205078124,29.42100715637207,165.6866912841797,124.82080078125,74.44352722167969,34.986019134521484,64.05194854736328,61.81549072265625,105.3519058227539,17.258445739746094
59bc2766681516389ccf45b4,24.079395294189453,48.931827545166016,29.89777565002441,37.800628662109375,95.5386199951172,25.795568466186523,173.09962463378906,104.7808609008789,77.03048706054688,33.833919525146484,63.25753784179688,53.88043594360352,81.44903564453125,17.459434509277344
59bc2767681516389ccf45e0,23.047508239746094,51.12730026245117,24.734302520751957,36.00774383544922,92.334716796875,24.436279296875,173.43914794921875,95.54670715332033,80.461669921875,34.52595138549805,60.69740676879883,51.67768096923828,79.5113296508789,16.248884201049805
59bc2767681516389ccf45ec,21.96312713623047,45.11640167236328,25.432619094848636,34.29215240478516,85.85061645507812,22.281085968017575,160.89076232910156,92.64946746826172,73.14523315429688,30.443775177001957,57.86114501953125,49.44841384887695,72.023681640625,14.536463737487791
59bc2768681516389ccf4635,22.29136085510254,49.54008483886719,25.12942123413086,35.63764190673828,93.5320281982422,21.27727508544922,167.3385467529297,93.2886199951172,77.88684844970703,32.939781188964844,60.83034133911133,50.45790481567383,73.64997100830078,14.95718002319336
59bc2768681516389ccf4677,20.64389419555664,43.510929107666016,26.75045585632324,33.315486907958984,97.41832733154295,22.02326202392578,150.82186889648438,96.04907989501952,69.28671264648438,32.360557556152344,54.75287628173828,51.51335525512695,77.35069274902344,14.115941047668455
59bc276a681516389ccf4711,24.73991203308105,47.7120246887207,30.33485221862793,38.32067489624024,90.22718048095705,26.41475296020508,166.81161499023438,102.25675964355467,76.92488098144531,32.912635803222656,60.33013534545898,56.24087524414063,80.92436218261719,17.434717178344727
59bc276b681516389ccf4751,24.06519317626953,46.644866943359375,31.417707443237305,40.966888427734375,98.8787841796875,26.976844787597656,165.92332458496094,106.33554077148438,73.61713409423828,33.404502868652344,60.92209243774414,61.96003341674805,92.23728942871094,16.555095672607422
59bc276b681516389ccf4772,23.13798141479492,46.62087631225586,29.006732940673828,35.98411178588867,90.66168212890624,24.662826538085938,165.75201416015625,96.26025390625,73.83748626708984,33.219390869140625,61.3045539855957,52.50628662109375,78.17759704589844,15.908671379089355
59bc276b681516389ccf4781,19.842924118041992,44.88651657104492,23.71782112121582,29.85167121887207,84.38832092285156,21.028488159179688,154.62240600585938,85.55746459960938,71.34992218017578,29.774757385253903,55.82371520996094,43.64896011352539,68.54796600341797,13.09393310546875
59bc276c681516389ccf47c9,23.6343994140625,48.10200881958008,30.025821685791016,37.38099670410156,92.7847137451172,25.246437072753903,162.27728271484375,103.56280517578124,73.3865966796875,32.87813186645508,61.02545928955078,59.13438415527344,87.11224365234375,15.77212619781494
59bc276c681516389ccf47e4,22.051597595214844,43.84450149536133,25.87022399902344,35.36674499511719,94.76866149902344,23.228689193725582,154.1808319091797,97.2987289428711,68.2532730102539,33.25790786743164,57.56078720092773,50.10442733764648,75.33417510986328,14.950762748718262
59bc276d681516389ccf481d,22.288969039916992,47.77900314331055,27.10211181640625,36.07427215576172,88.12897491455078,24.733339309692383,165.62474060058594,95.5022430419922,76.34222412109375,32.069419860839844,59.4470329284668,51.56205749511719,73.10320281982422,15.814515113830566
59bc276d681516389ccf4838,22.977521896362305,47.04037857055664,28.481704711914062,37.540557861328125,88.69466400146484,24.528703689575195,164.62814331054688,97.78279113769533,73.9236831665039,33.39009094238281,61.6655158996582,51.9005241394043,74.91790008544922,15.508224487304688
59bc276e681516389ccf4844,24.173490524291992,50.939849853515625,27.328052520751957,39.03739547729492,92.0576629638672,24.33617401123047,167.08477783203125,101.00206756591795,79.29649353027344,33.702606201171875,59.79806518554688,52.81221771240234,79.85425567626953,14.736669540405272
59bc276e681516389ccf485c,22.891712188720703,49.15789413452149,25.62006187438965,35.733665466308594,85.13037109375,22.679664611816406,165.5552978515625,91.35537719726562,79.18024444580078,32.765377044677734,58.42913436889648,47.17686462402344,75.50082397460938,15.151544570922852
59bc276e681516389ccf4871,21.151948928833008,43.45051956176758,23.98592185974121,33.189632415771484,86.32673645019531,20.96406555175781,156.40194702148438,97.38899230957033,70.7044906616211,30.59327507019043,57.15434646606445,47.335540771484375,73.10480499267578,13.675374031066896
59bc276f681516389ccf4892,22.53763961791992,46.22116470336914,30.169713973999023,38.110931396484375,99.06893157958984,26.721160888671875,163.20028686523438,100.81768798828124,73.33269500732422,34.018951416015625,61.266448974609375,55.86305236816406,85.75615692138672,15.844185829162598
59bc2770681516389ccf48fb,23.14582061767578,51.384803771972656,27.86832046508789,39.56286239624024,93.52716064453124,24.0581111907959,175.90977478027344,98.82096099853516,82.4382095336914,33.28111267089844,63.6699104309082,52.39214706420898,85.45394897460938,14.943838119506836
59bc2770681516389ccf4940,22.248708724975582,47.150146484375,27.766963958740234,35.75292205810547,90.766357421875,24.356843948364254,163.0884552001953,97.33193969726562,73.6876220703125,33.06562805175781,60.77249526977539,51.413204193115234,80.3988037109375,15.468998908996582
59bc2770681516389ccf494c,23.82245445251465,46.62311553955078,30.529525756835938,37.46919250488281,102.1802215576172,25.25529670715332,165.38198852539062,108.5886001586914,75.21762084960938,33.90752029418945,61.54581451416016,57.87420654296875,86.02031707763672,15.884254455566406
5D0ey117hSU15IhFwv_AMoW12dWLH-hA78F27-tMvGk,20.956254959106445,45.79186248779297,25.17671585083008,31.18064308166504,88.8179702758789,22.66315078735352,161.80088806152344,94.74569702148438,73.13670349121094,32.23036193847656,58.49322128295898,49.874507904052734,77.46621704101562,14.863141059875488
5EGWEEK1LY65tkKLQ7EYnBzkxSvRVvGKkbbH5xXhHSQ,20.886510848999023,41.5931396484375,28.101009368896484,35.06235122680664,93.38225555419922,22.37910270690918,151.09620666503906,97.88565826416016,66.3646469116211,30.723175048828125,56.76300811767578,52.107566833496094,82.87203216552734,13.968351364135742
5Xh-fOMeqv6IdKC9QUomitc2GYfGUqP79yO-sQDvXPw,20.66305160522461,45.41102981567383,24.986780166625977,30.450986862182617,84.73938751220703,21.29513359069824,157.27601623535156,90.03412628173828,72.7687759399414,30.60869407653809,56.771732330322266,44.94974136352539,76.73571014404297,13.80237865447998
5_m2-TYDAgPpC0RM31LQ6jzDxAXdYr9vW4q1fXj7ypM,21.69438743591309,50.48507308959961,24.97953987121582,36.768856048583984,84.14324188232422,22.110370635986328,175.20887756347656,94.30027770996094,78.90884399414062,32.202362060546875,63.23545837402344,50.392860412597656,74.26959991455078,13.785758018493652
5a1c3bd3e7cb79000482763c,23.95226287841797,50.25160217285156,29.19645118713379,37.833492279052734,102.67850494384766,25.360212326049805,175.31219482421875,106.39356994628906,80.7364273071289,33.26008987426758,64.2109375,58.31132888793945,89.97222900390625,16.268089294433594
5a1c474ee7cb790004827648,21.38630104064941,46.49043273925781,25.613237380981445,34.193687438964844,84.56295013427734,22.021907806396484,160.69186401367188,91.76058959960938,76.75617980957031,32.101051330566406,56.38517379760742,48.23322677612305,73.51268005371094,14.381402015686035
5a1f033a9f17b800040cc7c4,25.24239921569824,48.72613525390625,35.80802917480469,38.742923736572266,130.99774169921875,31.05255699157715,166.6975860595703,118.8826904296875,77.50205993652344,36.6964225769043,63.48663330078125,59.69909286499024,112.7287139892578,19.53072166442871
5aoCyghZ3fcYFvdtisw_9R9F6gKFYsUgQHnJrNi3mco,20.55885887145996,41.3593978881836,26.613920211791992,34.9376335144043,91.31536102294922,22.81429672241211,146.99537658691406,91.59408569335938,64.60601043701172,30.90999412536621,54.2568244934082,48.06661224365234,76.54486083984375,14.496987342834473
5gfj-28LyuYgH-n7VKAyoMTnOYZMpyrEX4-r7kMpPUo,22.967952728271484,45.93922805786133,26.165706634521484,35.14982604980469,101.05381774902344,24.055004119873047,161.9559783935547,102.5599136352539,74.39335632324219,33.179805755615234,60.90800094604492,49.50275802612305,92.46305084228516,16.086444854736328
5jRtkerX_S4OdzjiEwlCW0fFR9v7AclSRaXaHJLKEiM,22.326305389404297,44.78202819824219,29.177955627441406,30.21957397460937,94.1881866455078,26.36973762512207,158.33834838867188,104.13348388671876,72.17063903808594,33.462921142578125,57.83230209350586,57.189109802246094,83.0051498413086,16.088224411010742
5lqVSo7SYRUF4NpANtJ40yI1p40uN33TvH0k5kKXEG0,20.89555931091309,42.13595962524414,23.62575340270996,34.57966613769531,93.05802154541016,20.89016342163086,151.0582275390625,91.0158462524414,66.60681915283203,30.906007766723636,57.49098205566406,48.69317626953125,72.40657806396484,14.703463554382324
5rSctrSuzwYcwlosuroM6rtJGcvbPcxme9ZOuJwx2Ps,21.556245803833008,42.25265884399414,25.715728759765625,32.8194580078125,85.80509948730469,22.820661544799805,156.8524932861328,89.18690490722656,68.52735900878906,30.995494842529297,58.14719772338867,46.51582336425781,71.61743927001953,15.215816497802734
5sX0pr2d25brSxyDduPE6bR9NiPFlYJB_7iiFN4hzdc,21.618900299072266,44.87205505371094,27.80510711669922,35.24708938598633,88.67608642578125,23.584510803222656,157.8052978515625,94.25062561035156,73.24287414550781,31.945476531982425,56.09880828857422,53.45393753051758,75.54700469970703,15.087618827819824
5tYrch-RIFBKZvBrbi6l4kDWdbvDSxEI53zArLytcL0,23.18187713623047,48.32619094848633,24.74882698059082,34.5278205871582,86.22432708740234,22.36100578308105,169.66090393066406,97.74400329589844,79.35659790039062,32.57350540161133,60.67668151855469,50.82089614868164,75.31649780273438,15.738759994506836
5uUKnbSqv9aSGLFdTKky-BMjYiXJrekNriewE4Fg_Zg,20.710798263549805,47.869720458984375,25.75445938110352,30.787017822265625,81.45320129394531,22.430307388305664,158.25552368164062,87.61358642578125,72.6911392211914,32.1796760559082,56.920528411865234,45.34770202636719,68.32046508789062,14.563374519348145
63z9hct-f8Aj4nNaZT3lwNRfpiAH0qQx_MKqr1mN5C0,24.26640510559082,51.50337600708008,28.795101165771484,36.47911834716797,92.35543060302734,25.068567276000977,170.7788543701172,100.6650390625,82.38778686523438,32.54269790649414,59.70431137084961,53.238895416259766,81.0115966796875,15.809843063354492
65Hr2F3AwIYt1nNQaCfz0O846XdFrWBG74_H5ydeeMM,21.57536506652832,46.477787017822266,23.611270904541016,35.15977478027344,80.58219146728516,22.191059112548828,160.7310333251953,88.35062408447266,73.17664337158203,30.34934425354004,57.92007827758789,47.158504486083984,69.31752014160156,15.547859191894531
65UyB8JMCYFMX-M8OoS8ux5lzr52EmO7TKJ9o4v8ESs,21.37908744812012,45.188453674316406,30.454090118408203,35.220462799072266,89.75521087646484,23.08178329467773,160.55690002441406,100.3193359375,71.34282684326172,32.35405731201172,59.998046875,54.91130065917969,83.94640350341797,14.304956436157228
6CxHzwqW23eLWqsWrQuJbwr9UWlo7pv87YqZTFiWxws,22.004079818725582,44.5446662902832,24.11671257019043,33.259761810302734,85.47166442871094,21.04391288757324,162.4407501220703,86.67359924316406,70.97380828857422,31.24011611938477,60.17032241821289,43.74020385742188,73.2765121459961,14.687094688415527
6DyKMxQrUO8OJstSulWISLqB6oXt3KWHnwMacXGfiDc,26.061012268066406,46.27332305908203,42.81343460083008,42.18340301513672,136.1505126953125,31.43671226501465,158.81167602539062,145.2313232421875,67.76976013183594,36.64831161499024,66.05545043945312,74.70075988769531,122.78450775146484,18.34402275085449
6DygBssi3bh-0jbhhfaeZGOZwojzTtHGQW4mray-UaA,23.054197311401367,46.813419342041016,28.801097869873047,35.56362533569336,93.92449188232422,24.357391357421875,158.18759155273438,100.40258026123048,72.25369262695312,32.96037292480469,57.67808532714844,55.16820907592773,80.78095245361328,16.50922393798828
6G6oYfY_1KdG63aIAEbDisjnRAalV7xOP0Kj9jajxJU,23.88340377807617,46.086673736572266,26.47433090209961,38.39935302734375,97.67322540283205,24.784543991088867,158.99659729003906,99.03211212158205,73.46837615966797,33.14690399169922,58.620849609375,50.30325698852539,85.9277572631836,15.856433868408203
6GY7MGgcD8y0dG5ul2mm8JrMe4nkDDvvXu1ZejVL6L4,22.67685890197754,44.39227294921875,24.188203811645508,34.93733215332031,84.44432830810547,22.308183670043945,159.32620239257812,92.06871795654295,69.86720275878906,31.17902946472168,60.22172164916992,50.790260314941406,73.49687957763672,14.355133056640623
6MP7BRnpZvShtyTR6BH1pHChF47m7ePY1qc1SVTzdOs,20.988466262817383,47.10254669189453,29.561262130737305,34.04922866821289,87.84442901611328,23.571157455444336,163.04527282714844,97.65155792236328,75.15489196777344,32.70913314819336,58.61793518066406,51.67953109741211,76.95565032958984,14.18869686126709
6PZ9cpIq6FDbMhzwtoeGDW5kqAB7XS14Bl_f2uxIbJw,22.4910831451416,51.17182540893555,25.844139099121094,33.72663879394531,87.70233917236328,22.50787353515625,171.58738708496094,90.62105560302734,80.75763702392578,32.405399322509766,61.73823547363281,49.80880355834961,71.74053192138672,15.364608764648438
6U7cdxwjQPZ8HMX3IQ66wLplGicALdww5a9S3WBNtpA,24.08342170715332,50.52169418334961,27.24539566040039,36.90877532958984,91.7708969116211,24.74614524841309,168.6934356689453,96.49005889892578,78.94913482666016,33.69805145263672,59.58518981933594,49.35136032104492,80.41810607910156,15.916236877441406
6br0Uv77d13mO-1TaZ1tZfaabJ_I6d4wwTBKdXTJ5sA,22.67559051513672,47.91480255126953,25.96237564086914,37.20724487304688,84.7527847290039,23.7434024810791,165.55169677734375,93.92755889892578,74.13800048828125,33.05342483520508,61.27599334716797,51.45294570922852,70.1293716430664,14.611032485961914
6lCPFQmNmohQyzpaKgMfsiOOi0dY4S0a3r-zgaLBlXc,23.81361198425293,48.30757522583008,28.61149024963379,39.24842071533203,94.20770263671876,24.407934188842773,167.9202117919922,98.6270523071289,79.01676177978516,33.17777633666992,60.59516143798828,53.33333587646485,82.75200653076172,15.440902709960938
6nhmektE6ad0XnCmzOglnMvhYkol8-HBL1KCEcdKSPI,22.751115798950195,47.12703323364258,25.283710479736328,33.648040771484375,89.5548095703125,21.66546630859375,158.33616638183594,96.46232604980467,76.4425048828125,31.407442092895508,55.74870681762695,51.92052459716797,78.63582611083984,13.954259872436523
6pSoYMGobKGaplxJ9bYxiH_b0bpbbF-idqM7990uPYE,20.11565971374512,43.03007507324219,23.710716247558597,33.005592346191406,80.66305541992188,20.975154876708984,153.76181030273438,85.88874816894531,70.69441223144531,30.39801406860352,54.74464416503906,46.06401062011719,68.1148452758789,13.3696928024292
72e6xpPgFKeAYYBN_LHxJRrZcwx9fD4-ixWA5ZZw9zs,26.25553703308105,43.31584548950195,34.01466369628906,41.61856842041016,107.70970153808594,27.15122413635254,160.78659057617188,112.3886947631836,70.57437133789062,34.70277404785156,61.5260124206543,62.24674224853516,100.01912689208984,17.134239196777344
730fN81DLQtgxZ5K4FpOgJUOCAIgg9I1bVhmIXOQgmA,24.948171615600582,48.513858795166016,33.199188232421875,41.03249740600586,110.16026306152344,28.129274368286133,173.46836853027344,119.7997055053711,80.48795318603516,35.38660430908203,63.58068084716797,61.616455078125,103.14871978759766,16.84571647644043
77csKdLCSitYlRyQ52C9fvGmti-1sM6a_BiioTn20n0,24.51812171936035,50.158992767333984,32.9940071105957,37.17763519287109,103.1866226196289,26.307353973388672,172.47634887695312,108.94772338867188,80.01237487792969,35.63949203491211,62.49762344360352,56.63035583496094,90.0947494506836,16.438556671142578
78aFkOzy-pjbj9lmsp4uyrbotokRlchqTKpxs3K6npU,25.28492927551269,50.98178482055664,32.00047302246094,42.75414657592773,105.73245239257812,25.950443267822266,173.83030700683594,112.0676727294922,80.12638092041016,34.88518142700195,64.27171325683594,63.09074783325195,91.22241973876952,17.538164138793945
7KuyUFbS0pv7tYKNBOdclSFLnM8Ww3QycBqrLugWQ9I,21.35280036926269,48.411766052246094,25.629653930664062,33.88113021850586,94.87691497802734,22.55293083190918,165.54901123046875,92.15032958984376,74.3486328125,33.26172637939453,61.446266174316406,47.3832893371582,79.53091430664062,14.766084671020508
7McuSPbjJDQZAl-MIhD3mwI9s0PWZxcD2COwRLwRxJM,20.849878311157227,45.1674919128418,27.609996795654297,35.55330276489258,87.9631118774414,22.989131927490234,156.28033447265625,95.03290557861328,72.14627075195312,31.052135467529297,56.04596328735352,51.14413070678711,80.04796600341797,13.920787811279297
7MvJ6pMSwyNUqLhEgn6cZlVZutLryVZVL9vZrfYBCr4,25.3144645690918,45.1221923828125,37.05235290527344,39.528202056884766,122.78881072998048,28.18622589111328,169.91282653808594,117.81797790527344,76.94945526123047,35.20045471191406,64.4553451538086,58.68829345703125,117.48296356201172,18.84950065612793
7R3ZLSU3UC0OzNPDENGA8_CmaR-zVyj6DcbSlEwQJG0,21.945863723754883,51.555938720703125,28.989622116088867,33.90528106689453,93.8492202758789,24.72005653381348,172.20835876464844,101.53374481201172,84.00074768066406,32.591835021972656,60.73057556152344,54.370361328125,82.22610473632812,16.36928939819336
7ZYlxTERmHBIDp2DG-eUiSEMowbgMvn47rv5cU-lKMs,24.022356033325195,47.05691146850586,33.28520965576172,36.73345565795898,105.1161117553711,26.010311126708984,165.49508666992188,114.3428192138672,75.13756561279297,33.774566650390625,61.07060623168945,60.341915130615234,99.1423110961914,16.55217742919922
7ayEmm7kpuu9odyNPchjRmDxZzVMso0-yacXVxeP1_A,23.426414489746094,48.83528900146485,27.72477531433105,33.58465576171875,92.90036010742188,25.302249908447266,167.59803771972656,96.75798034667967,78.29838562011719,32.60273361206055,59.31430816650391,51.23003768920898,75.33483123779297,16.14209747314453
7bFe7VxhOBSMEBgASPgM3QkOFW6-cFMHDHydK-nTdDU,27.926006317138672,45.53873062133789,34.16820526123047,44.32969284057617,114.85769653320312,28.527149200439453,165.8993377685547,111.62903594970705,73.69068145751953,34.43243408203125,62.49855041503906,64.88004302978516,99.30367279052734,19.78580665588379
7on0Aq8zXDK44F64ewSKeu7qCBgj0BNwUKgIl7UlD6I,23.727554321289062,46.75922775268555,28.82724952697754,36.158477783203125,106.90237426757812,27.128568649291992,160.22830200195312,100.85328674316406,74.45600128173828,34.13925552368164,57.45000076293945,51.86258316040039,90.54930877685548,17.72372817993164
7sOceDDQu_x9GG3g_KIVn2YCJrZtZBVQmpZW3qSajEg,25.718595504760746,45.80717468261719,32.77763748168945,41.39840316772461,114.69085693359376,25.330102920532227,154.0897979736328,120.58684539794922,69.36153411865234,34.08463287353516,60.413330078125,66.58230590820312,102.32384490966795,17.693761825561523
7tXOo2zQVaooe8RHfl4Db8bshORuWkeNqa-z90Ou4lc,21.197975158691406,47.19426727294922,21.83802604675293,31.905187606811523,85.75193786621094,21.09117317199707,164.7085723876953,88.60323333740234,75.71395874023438,30.437055587768555,59.33272171020508,44.61123275756836,70.17806243896484,14.128148078918455
8295UeA_WBf3kSL6aaOPEdzqyYybkjMWPlgOy26WnE8,20.942502975463867,44.2902717590332,23.65038108825684,32.18653106689453,98.6808090209961,21.131635665893555,158.4896240234375,93.23550415039062,73.48778533935547,31.13150405883789,57.03776168823242,48.49428939819336,77.80232238769531,13.82079029083252
8OKqZDzQXThKc8E4ithqthMcYG2HxoGCezI_x1gLif8,24.679676055908203,46.76384735107422,34.25214385986328,36.71402740478516,101.25393676757812,27.744909286499023,162.59494018554688,111.82230377197266,76.16883087158203,35.326873779296875,61.28525924682617,57.64259338378906,90.51750946044922,17.18376350402832
8OXGiJTp2phyVALrYrdH0lvVu-3sEjUHY-TGGXvwHNg,24.610441207885746,44.09546661376953,34.36769485473633,41.76435852050781,120.88758850097656,27.23590087890625,158.86160278320312,110.95549774169922,67.5662841796875,37.05350112915039,61.85052108764648,55.23336791992188,112.01890563964844,17.83469009399414
8PEXA0Sfr-ccgI-cjmAYWSeB_SOb61Ow4AvERq7vKGU,24.849777221679688,49.10032653808594,26.53040313720703,37.86788558959961,89.07317352294922,25.01521873474121,163.57264709472656,92.85267639160156,76.41837310791016,33.388553619384766,57.87792205810547,51.79451751708984,69.03462219238281,15.472334861755373
8PK-JTZ7W6YcmAysOpC6gylBq-f4mjEOjxG0eDEjonk,22.96735954284668,45.65106201171875,30.79005622863769,36.8510627746582,105.74474334716795,26.01688575744629,160.5941619873047,104.01806640625,71.74159240722656,35.350521087646484,60.38157272338867,55.134864807128906,89.96045684814453,16.649507522583008
8PaJAtXARTOyCHcL_MaqL-ZedWtRwNrUNJwEdmsqZDU,20.38617706298828,44.616737365722656,25.42856788635254,31.721059799194336,87.69718170166016,21.888202667236328,156.32884216308594,95.02433013916016,71.83792114257812,30.764629364013672,57.25748443603516,49.34746170043945,79.93030548095703,13.653759002685549
8Q7D5dDdthAM7BK240hEoUVK5Pt2vt4sAYCjNn3e5i8,22.795799255371094,45.3867416381836,31.895919799804688,36.25912094116211,89.7839584350586,26.12952995300293,158.00112915039062,100.8536605834961,71.74991607666016,33.06853103637695,57.72866821289063,57.435997009277344,83.13402557373047,16.15268325805664
8UQcii6gOsAZ8HUKyvQSY4pNNig85oyG7YWf8Pv24rw,20.869110107421875,43.23553085327149,24.9704532623291,33.81993103027344,91.15406799316406,21.95683860778809,148.36219787597656,94.69081115722656,68.00313568115234,30.127952575683597,54.70345687866211,46.90535354614258,76.50756072998047,13.81778621673584
8XB65OIFyJWssH8CLHyyTWVuuBT-H3u3C1haKwy-LkE,22.04624557495117,44.47837066650391,23.66741180419922,32.674949645996094,85.96165466308594,21.8474178314209,161.73419189453125,89.75685119628906,73.24969482421875,31.86898231506348,58.65292739868164,46.99491500854492,76.81293487548828,16.005395889282227
8YgXcWe0_qvmBTG-C3zcan3y7XTDDI9i0OyZUOfrLLw,20.62069129943848,44.56501007080078,27.01884078979492,32.81063461303711,91.61451721191406,23.0648250579834,157.7696075439453,97.5199737548828,70.0838623046875,30.96356773376465,58.26936721801758,51.92630386352539,76.12816619873047,14.397857666015623
8_NeFeMY4mHqhfRnmfSscbTTByzF7e5kO78ewuBIvtg,25.215801239013672,49.17499542236328,29.313146591186523,37.03581237792969,103.3664093017578,24.991424560546875,169.52908325195312,108.93805694580078,78.2721939086914,35.20572280883789,62.2151985168457,57.085567474365234,91.77918243408205,15.837031364440918
8dNapeHYd_jNji_IkOHzYEWBvjDrfJPWr8fW01bifZU,21.868797302246094,45.06990051269531,27.069311141967773,35.01636505126953,87.34978485107422,23.50165367126465,159.03121948242188,93.32743072509766,70.93836975097656,32.54548263549805,58.80600738525391,51.54059600830078,75.79524993896484,14.797669410705566
8ihJtq2eo1xEMbVx1nioChqxCCPS6gQb-nzd9lm44kU,22.135257720947266,47.690059661865234,25.430828094482425,34.2567138671875,93.29913330078124,23.03612518310547,159.8474884033203,93.8541488647461,74.59375762939453,32.46687316894531,58.54048538208008,48.96090316772461,80.1063232421875,14.611416816711426
8lrTWVmtwtJGPW_DSzp4TFHjNcFRAs7IJczSOvygXpI,23.163179397583008,46.00160217285156,26.878570556640625,35.90085983276367,94.95046997070312,23.659507751464844,157.87901306152344,99.48663330078124,73.0055160522461,32.777587890625,57.97642517089844,53.32147216796875,89.92481994628906,15.229825973510742
8rXP3LvC1O-XRy-r_RvlCDR_6TSdtYQKaDfL3J8ZCsA,21.712343215942383,44.725040435791016,26.06643295288086,32.994895935058594,86.04784393310547,22.90307235717773,160.61505126953125,91.91413879394533,73.09928894042969,30.693971633911133,57.9888801574707,48.98789978027344,76.47454071044922,14.59855842590332
95QV4fp-kUUuyLGld-fsc9qz-gsgCyECvI6vSzZiqoM,23.52132225036621,45.38970947265625,31.687124252319336,38.94701766967773,104.52809143066406,25.454626083374023,159.16610717773438,100.52355194091795,72.37945556640625,32.616539001464844,58.99214553833008,57.8048210144043,86.6588134765625,15.035338401794434
96LtCRgHuVdWN4VIvc2STyiKSLUPLDAQx5GcgbOQXgA,24.032915115356445,50.18367767333984,27.98934364318848,38.32859420776367,84.9012222290039,24.844425201416016,173.6614532470703,94.34487915039062,82.13866424560547,32.250091552734375,61.46403884887695,52.315555572509766,76.0911636352539,15.617158889770508
98ybaqAtTEscPfdBt_pbzyB7uRzO8UymbWubJOh3cd8,23.387435913085938,50.33438491821289,29.51380157470703,35.557857513427734,94.26927947998048,25.21348571777344,169.70655822753906,103.47250366210938,79.99442291259766,33.81126403808594,60.95797348022461,54.361759185791016,83.76412963867188,16.16363525390625
99p9fJq9dc9r49WjqJ6wJmYIh5NpRDNjjliIKhN2nFY,23.3431396484375,48.94156265258789,35.483428955078125,38.41312789916992,120.45919036865234,26.975942611694336,166.0220184326172,112.65306854248048,75.96800994873047,36.511962890625,61.31962585449219,61.64101409912109,106.45713806152344,17.07703399658203
99rCWDsiu7BmmWXnf7NmjfD2FXdXJBHckHavK5uW9hM,21.85524177551269,45.8597412109375,24.97732734680176,34.16168594360352,91.53274536132812,21.908647537231445,159.1798095703125,98.44048309326172,73.30188751220703,32.427146911621094,57.78554534912109,48.551307678222656,73.95664978027344,14.15198040008545
9Dd6Dz9YjZ4Ch6cyA4fFjjy4uY9HzV_CpAIbhDicJzc,21.65694999694824,46.929683685302734,33.394264221191406,35.94609832763672,112.1921157836914,26.60171127319336,157.76504516601562,117.26246643066406,71.01535034179688,34.47389221191406,60.8759765625,62.29551696777344,102.11404418945312,15.408041000366213
9LOvmRMbqtYCq9Jtlup3dS7xmEidwjlTRwAFr489UF8,22.02273178100586,46.83110427856445,25.577585220336918,36.76289367675781,90.889404296875,23.25560760498047,159.97393798828125,93.59973907470705,74.11097717285156,32.49812698364258,58.84141540527344,49.11125946044922,77.72613525390625,14.203028678894045
9Ltq8GHN65IkHZN4ivszslPGuydQhRqlasJyfRcynB8,20.89427375793457,44.91358947753906,24.641218185424805,31.315099716186523,86.00418090820312,21.22986221313477,152.15199279785156,92.04138946533205,70.65233612060547,29.94119644165039,53.82587432861328,46.64744567871094,70.42552185058594,13.452082633972168
9M8tILHpx5CTackWNzCIbIj0IJjBSpN7nG0btn5QAoc,23.27644157409668,49.057838439941406,31.239898681640625,36.46146774291992,107.20677947998048,27.028928756713867,163.2494354248047,111.6262435913086,76.7535629272461,34.557979583740234,60.50468826293945,59.07952880859375,95.96341705322266,18.15941047668457
9XOBx08BW9pET4ZXxgXqQtDDuEo5bdVjbEiOOJqJ4_A,22.619421005249023,47.94081115722656,30.534648895263672,35.51301193237305,100.20600128173828,25.99168968200684,164.75083923339844,97.75823211669922,78.55545806884766,34.1129035949707,58.77824783325195,55.49673080444336,83.11992645263672,15.75278663635254
9ZCT7eFSAxVn7Pk-q0U6mCUeQTkjVVgF9ULy7MVNiFA,20.88687515258789,47.0680046081543,27.72222137451172,30.347248077392575,87.24822998046875,23.743614196777344,161.0938720703125,94.95187377929688,75.14485931396484,31.655635833740234,58.59086990356445,50.08709716796875,77.23649597167969,14.71487808227539
9d25hpzM5Sy8yAUwZGwrN9NhmV1ZZjI_2YxfvF4A8YQ,22.64039802551269,42.033504486083984,29.16396713256836,36.98271179199219,100.9030990600586,25.64052963256836,154.69970703125,100.86123657226562,68.89262390136719,32.374534606933594,57.61036682128906,53.04193115234375,87.28288269042969,16.218122482299805
9mPdGPLxTxIMgWJUqKBGAxM5MkQW1U-W4Lja23hvvwU,22.629728317260746,48.54298400878906,25.92103385925293,35.06112289428711,95.29169464111328,22.4401798248291,166.57286071777344,97.69303894042967,74.40718078613281,32.241600036621094,61.797481536865234,50.124267578125,77.40339660644531,14.680583953857422
9qVCJoXCAJwZaC9u5-kXG26GlA3JmoMw92Rp5oiVEg4,21.848371505737305,43.789161682128906,28.690954208374023,35.6844596862793,94.80005645751952,24.2022762298584,154.632080078125,98.16104125976562,68.4205322265625,30.962400436401367,57.71638107299805,52.36678314208984,85.13432312011719,15.262089729309082
9r9UXEUP4rNlsPts3IprlY15Ikn3pbSbpz56rvkQmuw,23.131113052368164,48.42048263549805,26.898616790771484,35.48569869995117,97.3042984008789,23.239896774291992,167.69171142578125,96.46141052246094,78.16898345947266,32.26383590698242,60.18698501586914,50.34083557128906,78.4860610961914,14.965042114257812
9wCJatfv6BpfIhr16KyPosqMAPyrZUL2SCdjDms6N_g,21.669044494628903,49.24422454833984,26.01446533203125,35.325626373291016,85.58641815185547,22.603857040405277,167.6505126953125,90.89249420166016,78.25838470458984,32.81218719482422,59.774024963378906,49.16714859008789,76.87889862060547,14.408705711364746
9yDE38ljye2XhcQc38xggbv64HwXDSbDkh5bb3lMNkU,22.04895782470703,47.49018859863281,26.95758819580078,32.581546783447266,86.00697326660156,24.853418350219727,167.31101989746094,95.73676300048828,77.8640365600586,32.58598327636719,60.03389739990234,49.3574104309082,72.33474731445312,15.166584014892578
A85jp7bNmv_K4qwOlKkYUhq8jD0NdTiPnw-ww-ITGiQ,22.40607643127441,49.964473724365234,22.950719833374023,32.25407409667969,86.7021484375,20.728816986083984,166.63662719726562,90.21278381347656,78.08021545410156,32.09892272949219,58.926082611083984,44.97785568237305,68.81492614746094,13.277141571044922
AJhTuQCUcGqNWYEnrAPV9E_5n-63xapWDqLl5xY09b8,22.43772315979004,46.25963592529297,28.20364761352539,34.97050094604492,89.20964813232422,25.434682846069336,160.25335693359375,94.42708587646484,74.66682434082031,32.48685836791992,56.49681854248047,52.5109748840332,73.16832733154297,15.200387954711914
AJrINvKEvx1BaOMF9r23zwKdD9tfkHY4jSO3GyImELQ,22.5465030670166,47.570308685302734,28.458553314208984,36.904747009277344,95.63002014160156,25.0908260345459,162.621337890625,96.1023406982422,74.98907470703125,33.18561172485352,58.7108154296875,54.172950744628906,83.73316955566406,15.57118797302246
ALq8LcExnBnHix58FvA7d3ih7OuuuutlokIyPGjte1s,21.798133850097656,42.91323852539063,24.47623634338379,33.746192932128906,81.9250259399414,21.065479278564453,153.50796508789062,89.79325103759766,67.95430755615234,30.042211532592773,56.60255432128906,48.89722442626953,69.90423583984375,14.073657989501951
ANcS9XoH2pvznx3fHddauqj8ZSRshkxtCyuPPA08d_I,21.39574432373047,47.38937377929688,24.9592227935791,32.7166862487793,85.62718200683594,22.997486114501957,160.4427032470703,94.35627746582033,73.90269470214844,32.87449264526367,57.28096771240234,50.22954940795898,77.32469940185547,15.349105834960938
AOROve_CMsO6bxWVAi3J6cn6izwWWgxmcCmZcV7Q0cU,22.834793090820312,47.46168899536133,27.54150390625,37.10081100463867,96.52001953125,23.56117820739746,162.03578186035156,101.73522186279295,74.25677490234375,32.5565071105957,60.24125289916992,50.69889068603516,85.54640197753906,15.241616249084473
AQaWg3TKMsHldi2NRDqm2W6mtwmAyo-MNKnIYVt9Cjw,21.38356208801269,46.91196441650391,19.130897521972656,30.412975311279297,81.28012084960938,18.88115692138672,159.15838623046875,80.67623138427734,73.75911712646484,30.30020904541016,57.13249969482422,37.68911361694336,68.78086853027344,14.048003196716309
AR7uEXdi39EGZhXMCi74TR3E_kgSL3w9hQIhNDM3Y0U,21.94974899291992,46.44451904296875,24.16539001464844,33.08338928222656,80.97110748291016,22.605791091918945,159.30447387695312,90.0818862915039,72.14171600341797,32.48163604736328,57.52327346801758,46.00490951538086,71.79391479492188,14.910404205322266
ARC9XVPHMy4OmvCLVt3pOlOR-Wv17WxdC6zj0jJiquc,23.78396797180176,48.36675262451172,27.99378204345703,38.29865646362305,94.35926055908205,24.44526672363281,168.55453491210938,103.23731231689452,79.28807067871094,31.58553123474121,59.81428146362305,58.42314910888672,79.3061294555664,15.326953887939451
ARfS_g_SLShf-MC6iRRcqbVYLj8XcaIMC0f1HHttn1Q,21.69764518737793,46.98237991333008,25.35264205932617,33.2115478515625,95.23186492919922,22.90680503845215,165.1873016357422,92.56550598144533,75.3502197265625,34.25836563110352,61.25135803222656,46.3480339050293,81.78768157958984,15.73121738433838
ASWDIHpxAgE8tjKibGquSeNFX7ipcfS8_dfxbSxsPJ4,22.72494506835937,49.54974365234375,30.830087661743164,35.440528869628906,92.15679931640624,25.208086013793945,170.59072875976562,106.05753326416016,80.5016860961914,31.981943130493164,61.74671936035156,53.31201171875,84.99736785888672,16.9639835357666
AUIZuo6lfanwDEDqrbi0_Z4Rsle6CF3P6RaNyWw0_Sg,20.72789764404297,46.18620300292969,23.259824752807617,31.583288192749023,83.01380920410156,22.55335998535156,153.26773071289062,85.90033721923828,71.9666976928711,30.58133888244629,54.46924209594727,46.72768783569336,66.37677764892578,14.369526863098145
AVuZ9mUs33ut1kxRBTAy5aqL5sjjBnIieerhQKSVEN4,22.0881290435791,45.99472427368164,27.868806838989254,37.44377136230469,95.3526382446289,23.991016387939453,162.8599395751953,110.25212097167967,73.49324798583984,32.40690612792969,59.96296691894531,58.188724517822266,85.39724731445312,15.549653053283691
AWTr9jz168GTtnjbrdysCTk07lCDRKt7xoyPExsYJbk,22.000659942626957,47.27322006225586,28.082426071166992,34.4608268737793,103.42245483398438,24.059356689453125,162.13519287109375,101.76587677001952,75.27777862548828,33.14203643798828,58.88071823120117,53.195404052734375,92.19454193115234,15.517423629760742
AX7n8bvX-5xbg8q0cCKaxASM66m2Xg7msSV5tYExzjc,24.223087310791016,54.08176803588867,26.07316017150879,38.76897430419922,92.24474334716795,24.616193771362305,180.13345336914062,104.1458740234375,83.36090850830078,34.107547760009766,65.88731384277344,55.29308319091797,79.97025299072266,16.556215286254883
AYTfYEz3WD-XDPEqz4dwBmf_kEM8aL1V3rC8IaXKhFY,21.2932186126709,47.630496978759766,27.050121307373047,35.267879486083984,85.43071746826172,23.858278274536133,167.6522674560547,92.27058410644533,76.82988739013672,32.93997573852539,60.47971725463867,48.97932434082031,73.99420928955078,14.434746742248535
AgS48Otp4jBlbXCuMT4yzzXXIQprRt0tzGYCI6cJ1FA,23.284412384033203,47.2379150390625,26.600303649902344,33.710880279541016,88.0973129272461,23.94795227050781,166.60523986816406,93.37488555908205,75.44220733642578,32.111793518066406,61.119388580322266,46.50812911987305,74.11390686035156,15.68759822845459
AhfyGaD1BKo0-u6PeQk2oI-Bw5l0XxpAqNroFuZuy0I,23.537914276123047,46.42230987548828,35.570499420166016,39.89052200317383,121.8310089111328,28.01719856262207,160.88949584960938,116.15213012695312,72.07172393798828,35.287864685058594,62.3215217590332,60.96171951293945,110.68537139892578,16.68091583251953
AhtPy8eUpV2vcLu0n2Ml3Tli0oyLRJqXybWmMsm6i48,23.27767944335937,49.86439514160156,27.63456153869629,35.96099090576172,92.07781982421876,23.868350982666016,174.7926025390625,98.10911560058594,80.76813507080078,34.61299133300781,64.05744171142578,51.27643203735352,76.88734436035156,15.600369453430176
Av0raRwCIkOPOO2_mAsoEehVscy8jZGYrLC9GOVIcF0,21.99367332458496,48.70986557006836,27.138710021972656,37.0250129699707,89.07975769042969,23.783906936645508,162.99952697753906,95.75946807861328,76.35282135009766,33.76918029785156,58.82917022705078,52.5013542175293,81.37370300292969,15.239584922790527
Ay17AXkv1EI2b1Cp-qH1xBuAKF-bNQVMEYruSbLCYxQ,23.2315616607666,48.53130340576172,28.701372146606445,36.14103317260742,93.997802734375,25.25016975402832,164.32333374023438,100.69172668457033,76.91287231445312,31.75051498413086,58.62431716918945,52.82941055297852,78.54553985595703,15.479562759399414
B0Z9Yi4-Fq_kfX9T9yRIA6iZrVAr611tdGaSdtGmckg,24.56868553161621,50.8041877746582,29.163009643554688,39.32181930541992,97.4558563232422,25.638029098510746,175.64096069335938,95.55165100097656,80.64582824707031,34.217159271240234,63.967769622802734,52.7266731262207,76.91587829589844,16.886459350585938
B10606VgKgwKhNZbpLpWmRMz9OyxGOh_GsYBqDBVuoU,22.95965385437012,48.16400146484375,27.780363082885746,36.321895599365234,89.17830657958984,25.061752319335938,166.41944885253906,101.66258239746094,74.60277557373047,33.03141021728516,62.03022766113281,54.9913215637207,76.71886444091797,15.6785306930542
B1EmAqa-3fmzu1QK7URXNIRTDCHrCquueFZNV7V5MHY,21.820911407470703,41.46430587768555,29.2203311920166,36.677284240722656,93.4843521118164,23.900754928588867,151.4287872314453,99.00364685058594,66.75328826904297,32.18828201293945,56.55927658081055,54.607791900634766,82.94328308105469,14.547430038452148
BIF35RoJ4W76JSB5HL0sgDi6obf_rKNkxKcIQjmIM5o,23.384477615356445,49.90450668334961,27.59774208068848,34.563438415527344,90.36195373535156,24.30123710632324,172.16122436523438,98.91799926757812,80.71851348876953,32.47270202636719,62.01955795288086,50.75542068481445,75.5041732788086,15.705211639404297
BIgqCAZI0sAs9l6VoYb7f5DEalgi2C2UbnCcl6iXX0U,25.476009368896484,45.85808181762695,34.85780334472656,39.90747833251953,103.43244171142578,28.35872459411621,163.04949951171875,110.75071716308594,72.68276977539062,35.76292037963867,61.45924377441406,60.15625381469727,97.73299407958984,16.46831512451172
BN5HI-Z_2P6YYrmnCnCxuMkNIK4gXS98XmLvD4GMLwM,24.71489715576172,43.8153076171875,43.092063903808594,44.778587341308594,119.412841796875,33.66048812866211,158.30386352539062,118.07770538330078,67.12237548828125,35.77071762084961,62.18491363525391,65.13004302978516,107.1659698486328,19.883758544921875
BNldbDpAydeJs9HMe4pjl5PF65x7iRBWOhN8P6lTKpg,21.301738739013672,48.16517639160156,22.59647560119629,31.62735939025879,79.63896179199219,21.844491958618164,162.08389282226562,85.35105895996094,75.01317596435547,32.000343322753906,57.65202331542969,44.15644073486328,64.66781616210938,15.052383422851562
B_HmsIJRHhy2Nz0cI3egjmWuu1BAEsxE__E_yjjxaXg,23.94568252563477,54.62275314331055,29.317909240722656,41.15482711791992,100.13675689697266,25.43760299682617,182.30142211914065,104.12857055664062,89.45519256591797,34.140159606933594,63.75101089477539,57.95253753662109,91.61695098876952,17.407033920288086
BdFJ6S4lBl4736lPf9jCcvW62dG3MLjVe1wmgozKwfE,20.649208068847656,42.96498489379883,27.120988845825195,33.77018737792969,86.935302734375,23.688365936279297,153.40953063964844,90.78823852539062,68.04486846923828,30.324575424194336,57.026668548583984,47.78143310546875,75.59194946289062,16.113571166992188
BsfJzTZxaGixB_zWMI7Cy7JNn8EAkY0gRBq12NeV33g,22.283470153808597,51.25531768798828,23.43377685546875,33.84944152832031,87.1081314086914,21.46210479736328,171.0528564453125,93.74787139892578,80.64158630371094,31.14584350585937,61.48648834228516,48.549346923828125,74.1814956665039,15.143519401550291
BuS-57KVH5PUMufrQLs3EkdD9lLWqtt06DpoL12nlsA,23.254240036010746,46.50278854370117,28.371315002441406,37.0861701965332,93.5320281982422,26.24806404113769,162.0434112548828,99.1222152709961,73.98834228515625,33.823726654052734,58.51167297363281,50.688323974609375,79.25763702392578,16.81114959716797
BudSKCmehLTLYkcJ3Rqgwlytb6Y9zez4iFh-Qs0uz00,21.264062881469727,43.93262100219727,24.334503173828125,34.280120849609375,86.3637466430664,22.15567970275879,155.5779571533203,94.0890655517578,71.73535919189453,30.9180965423584,55.39527893066406,50.88246536254883,71.86610412597656,14.97253131866455
Bwo4aB1FVh_V5rDzT7D64XUtIYW0ZjOAy6k67FYdICY,22.95232391357422,46.92569732666016,34.25624465942383,40.458927154541016,115.18218231201172,26.313371658325195,166.822509765625,108.95348358154295,75.15460968017578,33.21661376953125,61.76081085205078,55.53815460205078,100.68912506103516,17.135957717895508
BzT7pQ7_8gIZuqadGE7M2TJT_LmR--lXZRnZ6QKQl0k,26.54232215881348,52.531925201416016,40.29985427856445,43.42390441894531,136.21945190429688,30.542543411254883,174.25830078125,127.31317901611328,82.72835540771484,38.4779167175293,64.98002624511719,67.65676879882812,120.63963317871094,18.673301696777344
C0rmfpGsQBjErdJrkM-Y1_LWHu1K4s0L10e3BfcR66c,20.80704498291016,47.0767822265625,27.66610145568848,32.90958786010742,102.32217407226562,24.655902862548828,165.0498809814453,102.4816665649414,74.43335723876953,33.61227035522461,61.99769592285156,54.15284729003906,89.93296813964844,14.954797744750977
C2_TbTQS8mt1iDuch-2UdIl07Aw7vZ9jqRFmU-5u0Ns,23.43802833557129,46.78017044067383,34.958396911621094,38.853118896484375,106.06746673583984,28.161785125732425,165.82872009277344,110.4988784790039,75.6397933959961,34.968406677246094,62.21718215942383,56.972618103027344,99.33390045166016,16.41946029663086
C4lhsTVb9LE9gZst01WWtbVCB6yRT6AIZlzghAXpFaQ,21.257020950317383,45.91073226928711,28.573501586914062,36.75422668457031,100.21141052246094,25.05655288696289,156.30650329589844,98.72815704345705,72.1329116821289,33.44694900512695,57.571815490722656,53.33095169067383,84.88188171386719,15.09488010406494
CBrJEu7fU9HXJOmfRDmx9NjLqMjHBnhyyXhyR6aDYNY,25.571260452270508,44.872989654541016,36.99375915527344,44.33799362182617,120.60211181640624,28.169334411621094,160.72589111328125,132.1691436767578,70.04785919189453,36.22536849975586,63.94535827636719,70.2541732788086,112.6649932861328,18.053253173828125
CCHsOEZmSYbVoB3ecu47M09hpz0wKo9-Pm2qTUlzAJA,23.043914794921875,45.35092544555664,32.28271484375,41.07062530517578,93.04376220703124,25.315921783447266,159.43223571777344,102.21559143066406,71.10526275634766,33.173866271972656,59.628849029541016,57.5821533203125,84.2005844116211,15.628653526306152
CM-k2sWlxOSS_H9bXQ268_o8gAVOdk6nsVPBJyWO8rM,23.71234703063965,39.3863525390625,30.72441673278809,38.440914154052734,103.44180297851562,25.18400382995605,151.43182373046875,101.53933715820312,65.6993408203125,31.810962677001957,58.35058975219727,61.06357955932617,86.05240631103516,17.154579162597656
COBCfW9dpPdtWTJu2CzyQdM7de12tj2ggfL7I-Dy1wU,23.38981056213379,48.81803894042969,27.70771598815918,35.912498474121094,92.0629653930664,24.843669891357425,167.76414489746094,99.09668731689452,80.51847839355469,31.86768341064453,59.12092971801758,52.14060974121094,82.562744140625,15.350421905517578
CPLbY6ZD-pyFOqduSW9IFPmHCFn5PSATTg3653t9Dbw,23.59200096130371,48.13312911987305,31.048328399658203,39.17117691040039,95.20775604248048,27.368078231811523,169.4734649658203,105.69129943847656,78.0412368774414,34.096290588378906,61.702545166015625,58.53502655029297,85.65216827392578,15.899372100830078
C_1f3G-Fy_rRM0SHkTaT_pe2C-1nph4BWwNGS3MueH4,23.318012237548828,50.05763244628906,29.659326553344727,35.71331787109375,99.81402587890624,24.643428802490234,174.919921875,104.338134765625,81.56018829345703,33.95187759399414,63.787574768066406,55.97187042236328,87.09044647216797,16.23331069946289
CigWnxFs_t9NJNTzq7PMdcO6162RK6ETpwLtHG31qbE,21.264427185058597,47.99962615966797,25.079853057861328,31.297609329223636,93.9203872680664,22.749290466308597,163.4053955078125,97.27999877929688,75.968505859375,31.91562271118164,58.78229522705078,48.9739990234375,81.12118530273438,14.603466987609863
CkenlGnzhHhAweaBpkT1av5IZItgFBk2k05QPYSLXu8,24.330591201782227,49.646087646484375,29.628759384155277,37.65288925170898,93.19683837890624,25.142803192138672,166.64132690429688,101.1247787475586,79.0309829711914,34.54923248291016,60.13007354736328,57.059024810791016,79.91561126708984,15.844762802124023
CvOfSHnVlyG0_I8VeK9Rs5VsGk0HaOAHI1evhHuIvTc,25.99935913085937,47.07118988037109,40.58207321166992,43.22879409790039,120.9639129638672,30.49684333801269,163.7820587158203,124.99411010742188,72.4903335571289,35.874122619628906,62.82569885253906,64.96151733398438,124.75477600097656,22.024721145629883
D-00SIzv7YqJxQbnWSav0Mpc5tNuECWfkjuE5q4BuNM,20.95773696899414,46.47999572753906,25.939233779907227,32.25581359863281,86.33696746826172,23.252784729003903,159.52342224121094,96.38197326660156,76.86384582519531,30.83150863647461,54.45054244995117,50.74001693725586,81.89144897460938,14.683958053588867
DAidIHQc5eh1Eo_4g2j6WhWGPXqGaWU050M3TAJKsOo,24.418947219848636,45.56751251220703,37.40278244018555,40.93871688842773,110.0550765991211,28.350486755371094,165.22254943847656,113.55227661132812,75.27040100097656,33.345458984375,60.793731689453125,61.35306167602539,100.42740631103516,17.809789657592773
DCA3Le3s1Oh-UiRWy_kDjoieCC_MvJg_4ndji_I87jc,22.543121337890625,47.703033447265625,28.909910202026367,34.98462677001953,96.38735961914062,23.15211296081543,165.39190673828125,99.25389099121094,76.68511199951172,33.749168395996094,59.17802810668945,55.42955017089844,82.30667114257812,14.596832275390623
DCmj2JmoHv4tUSv4DJVwagjX6xlF7R_HOPVY_qLDciM,20.81892967224121,45.31929397583008,25.045801162719727,34.243770599365234,90.3059310913086,21.84586524963379,155.6902313232422,94.27452850341795,71.47013854980469,32.15888595581055,55.751712799072266,46.26106262207031,82.00201416015625,14.510528564453123
DDliBRlYFBCyG-UjlAVLiDG4nvRl8nodOUOtLxfu5Us,24.615352630615234,45.67506408691406,38.282135009765625,41.46359252929688,106.60161590576172,29.72575569152832,162.37344360351562,111.0610809326172,71.52738189697266,35.73531723022461,63.09992218017578,59.35364532470703,103.7259750366211,17.78623390197754
DNDgaE6BmUFno7fz7Lv2jHwHZ7Za8QFpLVa0hgdtcxk,23.399049758911133,47.13336181640625,28.70824813842773,37.80835723876953,92.20427703857422,24.332876205444336,168.00172424316406,102.01951599121094,75.74576568603516,32.534847259521484,62.8347282409668,57.23265075683594,84.03578186035156,14.895272254943848
DTjqT-10YClWQzHylJUcdSeas3p3DzwsjLzIP3ixZ8Q,23.449710845947266,47.93829727172852,28.42949485778809,37.25484848022461,89.95193481445312,25.502593994140625,166.39369201660156,101.4143295288086,76.9240951538086,33.35435104370117,59.47968292236328,52.07709503173828,81.41722869873047,15.86127758026123
E7nVTJrt4u_NE0ng5HgEB-JnAxOzuZvzYqwUfliS1Yk,21.474201202392575,46.854339599609375,29.288253784179688,33.733856201171875,97.12638854980467,25.275575637817383,159.8487548828125,107.08112335205078,73.61466217041016,33.489200592041016,58.4324951171875,52.41738128662109,85.95560455322266,15.736857414245604
E8tDQ5IgdBwbjLIXu7GwcupEHYbi0eB18YNcsgsSbP8,25.233661651611328,53.05076599121094,39.38959884643555,42.4163932800293,114.3191146850586,29.861278533935547,179.71429443359375,123.12508392333984,84.51344299316406,36.19195938110352,65.48489379882812,67.98037719726562,110.02165985107422,17.281450271606445
EApSPjEmc7qb4yp3y2p50Xiv6LaNsRds8TwVXx8h_6o,22.195804595947266,47.862735748291016,34.21566390991211,34.6685676574707,108.12291717529295,25.698692321777344,165.37155151367188,112.89535522460938,75.6531753540039,33.29991149902344,62.214141845703125,54.85887145996094,100.75708770751952,15.72177791595459
EBFIHGLlPfeXlotkyUFlWP6VUxGoWbXvpo4jB8ESXYo,23.34330177307129,49.0478515625,27.2227840423584,37.04791641235352,95.25982666015624,24.249629974365234,167.23260498046875,96.50726318359376,78.16442108154297,34.27764892578125,61.54359817504883,53.86397171020508,78.92514038085938,15.736163139343262
ECoa3Ple2_VClgZ3w6ArCH22bluCUpp5c2egmx6k6SA,22.44226455688477,48.94766616821289,25.361366271972656,34.35997772216797,87.61341094970703,23.80646705627441,168.9807586669922,91.67475128173828,76.97635650634766,33.00123977661133,61.20168685913086,47.30276107788086,74.36711883544922,15.996967315673828
EDxCRFGEDIz3y0Po9KOn_bb2ehChgvksQ9rqfGDQ3no,22.83251571655273,48.40456008911133,24.08906555175781,34.57052993774414,84.13955688476562,22.947702407836918,164.44090270996094,96.96221160888672,74.72001647949219,32.06452178955078,60.46813583374024,47.59901809692383,77.13489532470703,15.00740909576416
EHvGjGPbMe-9c5RQM9QVBebxCQhJ3r9Ic1RnQdCuS_o,22.355453491210938,46.70975875854492,26.12993812561035,34.55327224731445,93.59921264648438,23.303789138793945,164.51893615722656,89.62042236328125,74.8066177368164,31.67034149169922,60.60664749145508,47.699012756347656,77.5665512084961,15.554971694946287
EJ9WxsKpBR1iAQXdMdj1nrUbRPwihEfi_SGgd1NN4ac,22.25922966003418,47.26839447021485,24.95093536376953,33.6275749206543,78.76676940917969,23.15998268127441,158.455078125,90.74471282958984,73.0179443359375,30.8660945892334,56.65071105957031,48.11067199707031,68.02214050292969,14.478577613830566
EN45bXeRCREnNHm6nZ-FCHtpgW5bGuJSdWlVLEebsL0,21.16171264648437,48.87320327758789,26.44855117797852,31.1555290222168,102.0064468383789,23.208765029907227,166.0214080810547,94.3148422241211,77.2662582397461,32.586185455322266,59.86911010742188,51.92263412475586,78.58443450927734,16.57538414001465
ENgw2m_MNUmwXsw6B4gqR0zeU-YRSH_QSuLOAD1qcv0,23.84815788269043,47.55898666381836,28.58800506591797,37.534942626953125,93.5055923461914,25.665040969848636,166.56759643554688,99.9712905883789,75.55298614501953,34.27968978881836,60.85446166992188,49.95234680175781,85.86409759521484,15.154911994934082
EP3nlJStPZoBk24yoJJ95kaD-CzK-Bwt7UeWZzA2Tic,22.179807662963867,47.82239532470703,22.808025360107425,32.85899353027344,81.74893951416016,21.520193099975582,161.07363891601562,88.84244537353516,74.0844955444336,32.50177764892578,57.848628997802734,44.41221618652344,68.25617980957031,14.364409446716309
ERgXhIP8ECRfbjznIweOW0N1ebpTx-AcczTw2U1joqM,24.35989189147949,44.44641876220703,31.00119972229004,39.68434524536133,105.3221206665039,26.193798065185547,159.7958984375,104.64216613769533,72.39080810546875,33.489410400390625,58.89413833618164,55.385772705078125,89.32150268554688,16.36086082458496
EVzxmfGWPMsEwiPrz8uVa7SgSaddRdIYfmRGS-11j7g,22.89604759216309,45.52732467651367,24.810396194458008,35.55005645751953,88.31717681884766,23.36328887939453,162.00218200683594,96.87064361572266,73.89429473876953,30.84883499145508,59.19548416137695,54.738277435302734,75.9867935180664,15.50265407562256
EYCxG2aZTvf9mzPRA15QhSaxoXd_VJJ44jbWTwSYYbU,23.144895553588867,46.79060745239258,26.03939819335937,33.6795768737793,91.89376831054688,23.112606048583984,157.7989044189453,94.24156188964844,72.55415344238281,31.8320255279541,58.16059875488281,47.12403869628906,76.32295227050781,15.756962776184082
EYHKvjkoWEhaMdxSneiWiRED2E5xCMMOBM26nJiqKwM,23.196685791015625,52.12213134765625,27.946266174316406,34.77667617797852,91.46135711669922,23.500173568725582,168.50914001464844,96.10287475585938,81.00398254394531,34.131874084472656,60.13606262207031,52.26485061645508,79.29996490478516,15.867046356201172
EdIZ4UZyPF9NeVOxjGlJKATWntX22ts3CfBx99chEmw,21.91112327575684,45.11967086791992,27.64364624023437,36.37251663208008,94.46862030029295,23.75821304321289,160.37046813964844,91.27165985107422,73.02095794677734,32.604713439941406,59.18541717529297,47.632591247558594,82.6569595336914,15.36610984802246
EiIlFN1kdDC4IuIIEaEOUsCL3sfvPUkvsRXER8kWg2k,23.78660774230957,49.03891372680664,26.897947311401367,34.625850677490234,89.49822998046875,23.414690017700195,173.9119110107422,99.6652374267578,80.0858383178711,34.739830017089844,64.41668701171875,50.672882080078125,82.12833404541016,15.374589920043944
F2hVcfRAAc0OEz5QPIHt5zGIc7QLe54EUpedTB6pm7Q,21.428638458251957,45.46046447753906,26.0981388092041,31.800168991088867,101.73461151123048,23.145700454711918,161.68655395507812,92.88656616210938,74.69804382324219,33.01382064819336,58.15530014038086,46.59459686279297,82.79671478271484,14.837377548217772
F4TnEhf6SPRvMS4EpUaOTA2ZE-WJVz2b-YcJF3TxyKA,22.49657440185547,48.212677001953125,29.57163429260254,35.80494689941406,89.29119110107422,25.35272216796875,164.9707489013672,100.00894927978516,74.87755584716797,34.51814651489258,60.13613128662109,52.51118469238281,74.53558349609375,16.517013549804688
F62bkPo2vAFFkdRq_QK_2Vez9YTohUvOij_OAnI7Ysk,23.38868522644043,46.69557571411133,27.98847961425781,35.83137893676758,96.30078887939452,24.145841598510746,162.81491088867188,101.38221740722656,72.95741271972656,33.717994689941406,60.91244888305664,52.605934143066406,88.20025634765625,16.1903076171875
FYyN-I3eUVTrNJplKYfglP48b18n5SFmNaF-3XPqTWE,20.65057182312012,45.2376708984375,24.042030334472656,33.79525375366211,80.913330078125,22.274696350097656,154.6067352294922,86.98159790039062,70.63935852050781,31.992265701293945,55.04692077636719,47.52953338623047,67.82091522216797,14.070780754089355
FmgyxUyfXZdhV2BlpOlISUa68okBmPEVJi6Ny8eqygk,27.72201538085937,49.68685531616211,35.15064239501953,42.69542694091797,112.1288070678711,28.95267868041992,171.74456787109375,123.13633728027344,80.09551239013672,35.3618049621582,63.60457992553711,64.37220764160156,102.64142608642578,18.99312400817871
FtkKahQT8PBxplm9wrVH-dSoQTvozlx_jTfWxbcWQnA,24.06513214111328,50.10659790039063,28.40382575988769,37.93172836303711,100.7148666381836,24.478126525878903,171.245361328125,105.39508819580078,79.04765319824219,34.57848358154297,62.12920379638672,56.397708892822266,84.35548400878906,15.857769012451172
FwAVG7nOPd6T1uCC4QKtEfaDCf9KzAoZatrGs55pMFY,22.165184020996094,44.74352264404297,26.329160690307617,34.77705001831055,85.15540313720703,22.008495330810547,151.535400390625,89.69692993164062,70.44139862060547,29.814329147338867,54.21378326416016,51.40633392333984,70.45189666748047,14.12042236328125
FwKn-jm3nCeeL0h6WpYdyUgAQd9jn1r7V1DlVSacAFQ,23.14088630676269,47.68339920043945,27.363502502441406,37.48895263671875,94.0192413330078,24.418983459472656,161.9385223388672,92.5561065673828,74.64803314208984,32.03384780883789,58.94185256958008,48.83684921264648,80.23253631591797,16.655290603637695
G0ilgccW_OJkq0lraQtSuT_anU-idRoxUedr96glmYI,26.24239730834961,48.283935546875,36.37495040893555,43.26571273803711,126.13591766357422,28.03312492370605,174.907958984375,135.0896453857422,77.76399993896484,35.82990264892578,67.78506469726562,72.9073486328125,118.67533111572266,17.09722900390625
G1cJvbexZIXKGdvja22JWyvwHdLKKmzp7oKBLC_GU_A,23.416824340820312,46.95286178588867,27.58910751342773,37.03927993774414,88.37898254394531,24.445951461791992,162.55271911621094,97.82136535644533,74.21365356445312,32.51614761352539,58.021114349365234,55.1519775390625,77.38077545166016,15.291180610656738
G2--3a1ZbnW54xZrzDhQDiV0ykwTVJPyaXDJqjk77og,23.42413711547852,49.82386016845703,26.668067932128903,36.3836669921875,91.65686798095705,23.62287139892578,172.13560485839844,99.96387481689452,79.7215805053711,32.66472244262695,62.40543365478516,51.254337310791016,77.88521575927734,15.058696746826172
G8cSXcCF9RyYdLwbhiH-x6yvLcuXMaK6070kee5v5gg,22.808252334594727,46.57598114013672,26.867467880249023,37.046913146972656,86.9765625,23.085866928100582,158.12509155273438,97.46316528320312,71.40738677978516,31.940174102783203,58.13038635253906,51.801517486572266,78.31143188476562,15.166200637817385
GFy9ZiAZQPteKzU20LglQEdnXUvL6Y3Ho1ScbVkm9xg,22.16366577148437,44.23316192626953,27.08283424377441,33.376644134521484,93.75574493408205,23.902484893798828,158.3113250732422,91.3975601196289,72.8323745727539,31.91863822937012,56.18479919433594,50.09868621826172,75.2440185546875,14.616484642028809
GK2jds8tP3G6PyRZEtetBwDgWLEMWJUaEN_1btjyNrM,21.554487228393555,46.120079040527344,24.08440589904785,33.73336410522461,82.1718521118164,21.431665420532227,161.482421875,89.27346801757812,74.1310806274414,31.228628158569336,60.69363784790039,47.12407684326172,67.9443359375,13.791954040527344
GUs7AZWemh8euI1tdR7BnHQ3M_zQO-TpuTXgcj2YENY,22.021350860595703,50.26231384277344,29.88976287841797,34.50048828125,103.12958526611328,24.352680206298828,168.84983825683594,108.94181823730467,80.03492736816406,32.74222183227539,61.19564437866211,55.704376220703125,85.2117691040039,15.929217338562012
GYTnlaKA2rWl9aSy0W9Jdwv3IV-sh-UTxnNHvGd5IzE,22.160234451293945,46.18024444580078,28.765249252319336,35.143775939941406,100.92132568359376,24.588077545166016,161.4841766357422,100.07229614257812,72.85913848876953,32.26401138305664,59.75348663330078,54.10731506347656,77.81464385986328,15.883919715881348
GZz1_lA8IKwVLSHb5fZCKDqucfDREPVT6ljopD4SUtY,23.71671485900879,43.25141525268555,33.671024322509766,35.95924377441406,115.57624816894533,26.94713592529297,156.6249542236328,110.16866302490234,68.33275604248047,34.98188018798828,60.867584228515625,53.60002899169922,114.73836517333984,18.197731018066406
GbOk4JbzF5zpkg24rqvg_gA8BAMUKFen4zBSFPCcQVs,24.676448822021484,51.54585266113281,34.2104377746582,39.702911376953125,117.39210510253906,26.7304801940918,179.9844207763672,114.76466369628906,83.6144790649414,34.73645782470703,65.94525146484375,60.74018096923828,96.87300872802734,16.080493927001953
GcZhyDSNbtxmLBhHArlnq9FFr5ZheFVWdHOuOCSmcEQ,21.46001434326172,42.42678451538086,32.60738754272461,36.72607421875,103.8027114868164,27.61439323425293,153.326416015625,97.29511260986328,69.58401489257812,31.55304336547852,56.36370849609375,55.67917251586914,93.03063201904295,15.603353500366213
GldAW2Eejab3EXj8xHMXbKx3jWxkUD6SqNszUe1Kkvk,26.062124252319336,48.52393341064453,44.93565368652344,42.04032516479492,137.70811462402344,30.51365089416504,172.50955200195312,138.43751525878906,76.21783447265625,38.3826904296875,68.06945037841797,66.79185485839844,122.78670501708984,18.827537536621094
GpkhlpuszLjuM1kxQYLm1dTntansHENN0m19dOGMrZE,21.90224838256836,47.51798629760742,28.193849563598636,34.609130859375,99.17255401611328,23.4263973236084,161.03858947753906,97.7531280517578,73.3970718383789,33.658897399902344,59.69587326049805,52.7393913269043,86.6961441040039,15.31655979156494
H-BOQIk-p4BUA9aTSXwPPf32VpCrBRWxHaToTc0_oRQ,21.21129035949707,46.1283073425293,25.6093807220459,36.73372268676758,87.37149810791016,21.632253646850582,165.7679901123047,90.58439636230467,75.73484802246094,31.78727912902832,59.80035781860352,49.87166976928711,76.00860595703125,14.605606079101562
H5bknoN0C0lLje6-NMuSk0boQrWDmbQjhK9OdFBs65c,21.355907440185547,44.76811599731445,28.96628189086914,35.696319580078125,100.5774917602539,24.41570472717285,151.8816680908203,97.1091766357422,70.41931915283203,32.861209869384766,55.72747421264648,54.03826141357422,87.4696273803711,14.562493324279783
H96X3Mk2kr5Ok54Lck9oR93rz2WR7maI1yuww5V37Nc,23.23013687133789,44.77686309814453,30.217491149902344,36.2212142944336,93.3105239868164,26.026426315307617,159.71942138671875,100.24728393554688,70.93753814697266,32.81767654418945,59.47112274169922,55.34759521484375,86.07927703857422,16.191768646240234
HIVFr4flHT5mIj9iFPzrQHaYMNLObgz2cUmp3hd8Re4,23.060836791992188,46.161842346191406,28.28811264038086,37.7247314453125,105.62987518310548,24.19324111938477,164.4069061279297,107.5229721069336,72.16590881347656,35.29804611206055,62.78163528442383,56.04528427124024,94.35177612304688,15.025206565856934
HJgSywNiNKZPY048xDEr1Y5tGGATF6u-XsTas7G4AkM,23.178258895874023,44.44443130493164,31.32490921020508,37.90721893310547,98.78410339355467,26.07148742675781,160.0371856689453,105.9868621826172,73.15714263916016,33.27970886230469,59.0927848815918,57.97869873046875,91.3603515625,17.10721206665039
HYLKMpRR-ZZA0GvRtRs5stQ0mPS1AmH92glIqg1DLpo,23.004865646362305,44.59943771362305,35.990238189697266,39.47643661499024,124.32279205322266,27.379796981811523,161.0439910888672,117.40194702148438,71.28447723388672,35.53762435913086,61.78091430664063,63.03820037841797,109.44416046142578,17.287639617919922
Hy31xfPOxuoBInQX_sziauZLswjtbSy3-mVtPjcpt5c,23.33147430419922,50.76956558227539,26.724836349487305,35.26132583618164,87.5989990234375,23.59842872619629,172.85452270507812,98.10951232910156,80.98950958251953,33.182647705078125,62.04263687133789,50.436771392822266,82.62022399902344,15.80670166015625
HzrSqvrAMyVOWeRXPyWhFSSXoRnsCNpdNHbl-RW1o5Q,22.72905158996582,47.57011795043945,27.658611297607425,35.215576171875,95.38845825195312,23.37369728088379,166.43023681640625,91.71932983398438,76.24161529541016,33.099788665771484,60.72753143310547,46.97983551025391,75.3985366821289,17.074161529541016
I8BI3wv3aghDCeaSa36TdxzoN8tuvQBE0v4X0ts5EX8,22.33194351196289,45.89839553833008,27.72300338745117,36.070430755615234,88.21812438964844,23.793848037719727,164.1800079345703,101.16886138916016,74.4200439453125,32.39493179321289,60.983001708984375,55.33313751220703,75.05045318603516,15.316086769104004
IIHoiNOLWvZ9I7UuzbNCmayVsZTvP0prTJiWmC9k27M,21.444242477416992,45.9647216796875,22.423643112182617,33.7285041809082,86.99632263183594,20.78528594970703,159.67648315429688,89.80088806152344,71.88943481445312,32.68313980102539,58.51850128173828,48.23761749267578,69.19583129882812,14.400114059448242
IN-FCi-cwCWmJlFjgaVL25Lo4ZIk7hTEURYDqRzBKEA,20.90494155883789,42.77323532104492,24.7086238861084,31.83390235900879,87.96600341796875,23.72111701965332,152.3119354248047,89.27299499511719,67.79542541503906,30.989416122436523,55.34481430053711,47.16106033325195,71.651611328125,14.126662254333496
IVZsXcxTQUz90kwtRiKB4GtNs8mtCn6CfhIUT-FImgA,23.13066291809082,50.94332504272461,26.50864028930664,35.07936477661133,91.18206787109376,22.694440841674805,178.4059295654297,97.8795928955078,84.33395385742188,35.609405517578125,64.42691802978516,47.837196350097656,75.31339263916016,15.254756927490234
I_t_iHa3Pb9mihi3932MMvmki-Gs31ZOj0CiKO-Dw-Y,24.177194595336918,48.43719482421875,29.01040267944336,39.793365478515625,99.62749481201172,25.5212345123291,170.19052124023438,102.11570739746094,80.7989730834961,34.0756950378418,60.75182342529297,55.9627799987793,79.88236236572266,17.093700408935547
IaTbCFs4sdnWmB8bXOiGcUq55LAW3OvrB4QCGvpVjMU,21.80560874938965,49.258907318115234,28.407093048095703,34.76535415649414,91.08834075927734,24.56940460205078,174.3203125,96.85829162597656,81.19356536865234,32.947052001953125,63.39005279541016,51.95285034179688,80.48578643798828,14.534958839416504
IhDJdQLAqc7iFAtk1w3TvnMiaZViF2KeqrZ2-Kul0Ks,24.051427841186523,47.07145690917969,26.271093368530277,37.02935791015625,93.66424560546876,24.67084503173828,160.16302490234375,92.45977783203124,74.4228515625,31.26258850097656,57.59788513183594,51.55052947998047,74.60575866699219,15.00014591217041
IiFA9usnpMOtdgyH3Hw-V13AzQoibMlu8lGGE61x3ng,22.686010360717773,47.3073844909668,36.12420654296875,38.96939468383789,112.5751953125,27.332748413085938,160.82528686523438,118.77930450439452,74.02143859863281,35.18235397338867,60.627960205078125,60.904178619384766,108.40339660644533,17.033376693725586
IkyccBea5QhAAGKh0beMSEPTd5dSn-mS0WrB89edmY8,23.834753036499023,50.092403411865234,26.4986515045166,37.12173461914063,93.52111053466795,23.979536056518555,174.2496337890625,96.08650970458984,81.30781555175781,32.35291290283203,62.69096755981445,50.65650177001953,83.29783630371094,15.796053886413574
IobbStbutxAR7KpE4p6lisXd64G60dx3H9W1Wa4_8I0,23.08080673217773,46.01100540161133,29.217945098876957,38.36186981201172,101.47340393066406,24.773178100585938,164.91001892089844,99.79615020751952,72.95619201660156,34.30305862426758,63.47565078735352,52.023963928222656,86.541015625,15.572746276855469
Iq9BZmJt_Dg-EuoVbU_Q7ttc7RWfR-PyHACAyA_NwHs,23.23981475830078,53.11115264892578,29.802831649780277,36.12179946899414,97.40876007080078,25.971315383911133,181.12257385253903,106.8810806274414,86.52589416503906,35.878665924072266,65.00414276123047,55.14666366577149,87.0676498413086,16.839555740356445
IsQFJLfyQDwpkDNLiJ6IBIwizzxKW3YAzl_4qgPap3M,24.473323822021484,46.65073013305664,32.92537307739258,41.17205047607422,101.07511901855467,25.55877685546875,165.49362182617188,114.51113891601562,74.19021606445312,34.01205825805664,63.90608215332031,59.8886833190918,93.41423034667967,16.581445693969727
IvCNsbRv3wHMgRl6sQUrzAn36i8TlTm0_4uXheFRrXI,21.81007957458496,46.232643127441406,27.478864669799805,36.20933151245117,91.89614868164062,24.56251335144043,160.7601318359375,99.0546417236328,72.48648071289062,32.629371643066406,60.47011184692383,51.1285514831543,87.4122543334961,14.840619087219238
Ivrs8ftoE3vUVDxW8ck98It03rOa_Dv5WI2KKizXFVs,21.916881561279297,44.11906433105469,27.933319091796875,32.807003021240234,101.43310546875,25.02645874023437,157.86404418945312,101.5546875,72.2353744506836,32.6231689453125,57.67411422729492,50.97917556762695,91.93268585205078,15.573875427246094
JIDeRFzpDbcfojQQ6lmOZQMRkTWTOk7Pat0FtOpYyB4,24.733009338378903,52.06157684326172,41.59943008422852,45.550418853759766,135.68685913085938,32.08425521850586,180.0909881591797,130.32763671875,83.63440704345703,37.45888900756836,67.34607696533203,75.68177795410156,117.19266510009766,18.141756057739254
JNvYCjFCVizUSPlVWEiT5RvXAV3AcfPFkpa01Y_3DMQ,23.383440017700195,49.852638244628906,29.295629501342773,38.863407135009766,112.78775024414062,25.145109176635746,171.94937133789062,109.18853759765624,78.1843490600586,36.42891693115234,63.86882400512695,59.71062469482422,101.9026107788086,16.227054595947266
JcbwYfgh9SOZjvpMdR0ZJfhL21gnv7rVQ3obwyGPsSE,20.268531799316406,48.044898986816406,27.66962242126465,33.98496627807617,87.19618225097656,24.274154663085938,163.02328491210938,95.72319793701172,78.00994873046875,32.144874572753906,57.02288055419922,48.66141128540039,79.40950012207031,14.302106857299805
Jl7P3QEvzUYthLKj4GKVLYxq4aeEPTe7gpr9L9XksqI,22.889711380004883,45.55294036865234,31.167722702026367,37.2761116027832,93.47154235839844,25.884265899658203,158.25917053222656,103.56522369384766,70.5881576538086,33.4207763671875,60.24431610107422,53.81434631347656,86.11849212646484,16.579803466796875
JtJm2KmKqA6oCQqOJJKOflI2bLAHwcc6AsP8PmsTqfo,25.15447998046875,47.6270751953125,35.02640914916992,39.87619400024414,112.32268524169922,27.152551651000977,168.15713500976562,126.8800811767578,75.01156616210938,34.06269454956055,63.36783599853516,65.84386444091797,102.95025634765624,16.91176986694336
KBAU1rWD43nsok2kcZJkGqqMKRUMIpMURs6n7DiIbAk,23.184478759765625,46.11526870727539,29.104707717895508,38.93507385253906,94.18440246582033,25.013134002685547,163.79891967773438,99.92965698242188,75.09693145751953,30.894126892089844,60.43368911743164,56.38622283935547,76.36695861816406,16.65583038330078
KRhhODp3IdNvOwJrGTgxyFFSajMFzlvI6-oXD7zUB1M,22.341955184936523,50.76394271850586,26.32383728027344,34.72028350830078,86.3526611328125,23.13227081298828,169.96499633789062,94.66974639892578,79.05863189697266,31.02059364318848,60.46193313598633,49.53752899169922,76.72071838378906,15.017077445983888
KUNSraIYDWHRcL691_W2GTTD0xKejJUyZHVqdQyezaM,23.00166702270508,49.30023193359375,26.454160690307617,33.979270935058594,96.56730651855467,23.970579147338867,171.33370971679688,95.13399505615234,80.91148376464844,32.219600677490234,61.52276992797852,51.9769287109375,82.4214859008789,14.973121643066406
K_II_ceJULbMT4-1kDxWSxcLNVQVQ_xXiH2yEzIwerw,20.93260955810547,45.11647033691406,22.99608612060547,33.23070526123047,82.89474487304688,20.72152709960937,160.19610595703125,88.9882583618164,72.73733520507812,30.474029541015625,57.62806701660156,46.83515167236328,71.36932373046875,13.713217735290527
KkcKYV7B1vYaAU3rhnwuJURVMpt_DsVVfOjKhQWyIUY,23.56292152404785,48.94535827636719,35.36605453491211,39.18962860107422,116.85013580322266,26.57941246032715,165.161376953125,119.59766387939452,76.11405944824219,34.64255905151367,63.05345916748047,66.15387725830078,108.2160873413086,15.707433700561523
KuaO0HukXURPXHNjwVlRBX54vTgGoJCgIlE6pJFBjuU,21.23789596557617,47.30076599121094,27.57986831665039,35.47007369995117,102.0481948852539,24.601829528808597,162.95303344726562,98.67068481445312,74.59944915771484,32.8748893737793,59.73581314086914,53.63126754760742,79.57678985595703,15.815643310546877
KyUpCvLOaHfJNvUi1UqsGflxRBbyk5O5sHHE4Z3fYs0,21.808353424072266,48.00015640258789,23.318992614746094,33.983131408691406,78.43778991699219,21.93362236022949,162.9103240966797,88.48711395263672,73.85984802246094,30.04812240600586,59.14140319824219,44.98812103271485,71.87508392333984,14.414708137512209
Ky_Za0ND8jBPfLFuDU32SxskrabV7a4v3m1vEZipuJE,25.441606521606445,48.31523895263672,40.632137298583984,40.392425537109375,116.04882049560548,28.036924362182617,161.5702667236328,125.52180480957033,74.89080810546875,35.06377029418945,60.42943954467773,68.5262451171875,104.52413940429688,17.352558135986328
L3gOZE9_foSWpEGDymPGZ72xRwNAjs30LgwA2HK5Pck,22.053958892822266,45.1903190612793,27.292724609375,35.574119567871094,89.03645324707031,22.630231857299805,156.1342315673828,100.13565063476562,72.9397201538086,30.97843170166016,56.70718383789063,54.25374603271485,80.11570739746094,14.573643684387209
L5hyLcjEUehth3dkw0b_hcjI6YWRayLrwwg9Cv2G7Fg,22.69679832458496,49.80456161499024,25.79582977294922,35.24561309814453,92.9739990234375,23.639169692993164,170.09898376464844,94.53833770751952,79.46153259277344,32.810848236083984,61.621673583984375,48.38380432128906,77.29410552978516,15.602450370788574
L71qKO8OfKBmm1Z7R-XkSlh6-sUkbfN-36XlMGpabXw,22.643054962158203,49.24256896972656,41.08658599853516,41.150535583496094,128.01510620117188,28.454418182373047,170.14779663085938,129.484130859375,77.24371337890625,37.12020111083984,65.43498229980469,68.03227233886719,122.39217376708984,16.738834381103516
L8AV1kOMRp33zMsQyVZeFe95-Hl09uh5wFdYt4BRDZk,23.153207778930664,47.22920608520508,35.116146087646484,37.046871185302734,114.56694793701172,23.19184875488281,164.24061584472656,114.60325622558594,77.15481567382812,32.67123794555664,59.19418716430664,56.07448959350586,100.03968811035156,14.661550521850586
LAylutsZzyozv6hpU2zkLc7tSoVn0KA7MHpFSNF31bU,22.598800659179688,48.29800796508789,23.1920108795166,33.93293762207031,82.95530700683594,21.98305892944336,167.19456481933594,91.51734924316406,78.71196746826172,31.28050994873047,58.89007186889648,47.59941101074219,69.80783081054688,14.748188972473145
LG8w5pRNQxAS1OXu32ttcFgCo2x_udBwl4IY-pkH-G0,21.86262321472168,44.65763092041016,30.08261489868164,34.088157653808594,96.34825134277344,24.246946334838867,157.9282684326172,100.40779113769533,73.29451751708984,33.47733688354492,57.393550872802734,54.3169059753418,80.09230041503906,15.348886489868164
LIZFonGXPE6zHm2vvXFEn-7NojsZnLo5XQxnYr1eG9c,24.06180191040039,52.77163314819336,32.22486114501953,39.879337310791016,102.6942901611328,26.290197372436523,180.4218597412109,104.67619323730467,83.17811584472656,37.07003784179688,66.41710662841797,54.716827392578125,88.93531799316406,16.757755279541016
LWS7u2dM1oIlDpu0qfB0Fh8kUXtyKa2Bzu2Zy8gx69U,24.23614501953125,47.39051818847656,27.695331573486328,38.43518829345703,99.97805786132812,24.69865226745605,172.28582763671875,100.67241668701172,78.29131317138672,34.301002502441406,63.76618576049805,51.24137496948242,92.2215347290039,16.617822647094727
LWmSj6WXNRmjBFn3XHudfNM3LZ2Jw0kSsv0naXOdIlg,22.734786987304688,52.49483489990234,26.489431381225582,35.44068908691406,90.1961898803711,23.428800582885746,175.2445068359375,97.39762115478516,82.93453979492188,32.94151306152344,62.69907760620117,50.19200897216797,78.97496032714844,15.526988983154297
Las9lyHX8ahvkOTjgNXmDsoVcfV_I00LIW5AiGjrD8U,20.68387222290039,47.83126068115234,25.675270080566406,33.998619079589844,88.1236343383789,23.485933303833008,164.65374755859375,91.34050750732422,77.16285705566406,31.828418731689453,58.54191207885742,50.34831619262695,76.44918060302734,15.169479370117188
LhpKk8JN769XdQ3ri6vIcmu9Uu2zEIgxyqbrDnHLQD4,22.53681182861328,46.66070175170898,28.037622451782227,34.771507263183594,97.2365951538086,24.144704818725582,159.62242126464844,102.10308074951172,72.08057403564453,35.4619026184082,60.6988410949707,56.246849060058594,82.66780853271484,16.271522521972656
Ln93h-QpBiCetrCjogBLV0szB4r9JwHItcq7dAbq8Qw,22.04024314880371,44.53269577026367,34.09890365600586,37.88726425170898,116.16554260253906,25.80381965637207,159.1802215576172,117.53067779541016,72.36256408691406,34.75379180908203,60.361812591552734,58.29838943481445,104.33544921875,15.791132926940918
LqwmZFz9Zs0XAy0zY8sJEZuwuRFvikqWWqAZangX8fw,24.66537475585937,46.75534439086914,32.07168960571289,41.80131912231445,108.13064575195312,28.411136627197266,166.94418334960938,113.61138153076172,75.67902374267578,34.30171203613281,63.6530647277832,59.63986587524414,99.1331558227539,17.11124610900879
M1muFKjSI5wj9-wBh5LrgBgLuujJ0hpuesndt7O2Xf0,23.2586669921875,47.30839538574219,29.543004989624023,36.58493041992188,99.76531219482422,25.195636749267575,169.9635009765625,100.74816131591795,77.80087280273438,34.42967224121094,62.86293029785156,53.708255767822266,84.89300537109375,16.027334213256836
M4CDQ5dw5yfMbxuejEOqxuSzEnV459VW5flcUAFQg2Q,23.26844596862793,44.578372955322266,28.51449966430664,37.13044738769531,99.8855209350586,24.40861320495605,158.81448364257812,104.3671646118164,73.54182434082031,31.68658828735352,58.1424560546875,58.06639862060547,80.68476867675781,15.667702674865724
M6VgD6r_83GpclmUFF5AvByf2g0vZHHJ4KibcKPUz4o,22.83879280090332,47.24054336547852,29.557716369628903,34.641204833984375,96.2155532836914,24.58978271484375,166.59205627441406,105.89264678955078,76.45849609375,34.127620697021484,61.15709686279297,55.59270858764648,87.79163360595703,16.240253448486328
MDqQHenu2xxbf_I4_Uo5YARw9wxHCXDSQKgC3ZWHyBM,21.27084350585937,49.14163589477539,24.72338104248047,35.45716857910156,87.2220230102539,21.91720199584961,164.00949096679688,97.56449127197266,76.6585922241211,33.34286117553711,60.17496109008789,49.73898315429688,80.7962646484375,14.653308868408203
MEg2fJbKd6vFArod3Em2Yg6Fzg8I_UVysW9tVVNJXuU,22.64849853515625,47.41689682006836,25.074892044067383,33.09529495239258,90.07035827636719,23.818613052368164,162.53005981445312,91.359130859375,74.6859359741211,31.53135871887207,59.38876724243164,46.43789291381836,70.5516586303711,15.947060585021973
MRRpwL1LnxGuSlgB75qZkvbiwBOg7an478NWRRJhFZg,24.113710403442383,49.4795150756836,29.491159439086918,35.620384216308594,100.43093872070312,25.902130126953125,166.84140014648438,101.64681243896484,77.22244262695312,33.71659851074219,59.97625350952149,53.83271026611328,82.37764739990234,16.639053344726562
MTXbtemM3j9GYgqgOkhXXNyNs1NVodSfuPageeXGSXk,23.166654586791992,48.71162796020508,28.76387596130371,37.297122955322266,87.4090805053711,24.663198471069336,169.9958038330078,99.0553970336914,77.93828582763672,32.811161041259766,62.362918853759766,50.47726440429688,81.72647857666016,16.21197509765625
MY3CwjtZZyuG5LA3zEnBVMp4G0PiQJo5xyLOZQ2OsO0,24.136688232421875,47.41347885131836,32.25678634643555,42.60176086425781,127.321044921875,25.97199440002441,167.31414794921875,115.96540069580078,75.2333755493164,37.431182861328125,63.989990234375,58.44167709350586,114.41871643066406,16.34579849243164
M_VIme6ZNwUHowz1e0dEdO7dB4CUb4nq2g5LJrboM_8,20.308971405029297,43.376346588134766,24.12273597717285,32.255104064941406,80.30040740966797,22.198923110961918,154.49081420898438,87.94577026367188,69.25082397460938,31.69083595275879,56.66242980957031,42.988765716552734,69.34584045410156,14.772509574890137
Mb3jqMAc-x1zRUhGxkpbGYT-zSWg4PPvzVTWtPamncU,23.26084327697754,49.15397262573242,25.59523200988769,35.452178955078125,92.90746307373048,24.96302032470703,167.80657958984375,90.63623809814452,77.16620635986328,31.805644989013672,61.29999542236328,47.71263122558594,75.11882019042969,16.138769149780273
MbI0nuaGlMFelp1gYz2NnBZ3E9Kqgno4bxUrxlZczOA,20.734210968017575,45.80231094360352,23.395872116088867,32.15541458129883,81.4870834350586,21.859952926635746,156.1723175048828,87.29022216796875,71.4792709350586,31.58870887756348,56.3607177734375,44.81694412231445,71.45170593261719,14.370564460754396
MjymGihCG7nyeic8DITCiZw4B1jxJ3mfz7RoNe_CpRA,23.69869804382324,49.30147933959961,28.20081329345703,36.41206741333008,108.89685821533205,25.019716262817383,163.77130126953125,107.74017333984376,76.0009994506836,35.204307556152344,61.1748046875,55.87040328979492,96.8974380493164,16.199748992919922
MmlaGbcovUveI_4bIkPI7PtbtuIXmJXEuh7PcWd1vs4,21.740083694458008,45.02312088012695,27.174718856811523,31.53207778930664,92.45171356201172,23.795053482055664,152.49957275390625,94.26324462890624,70.8314437866211,31.065900802612305,55.80714797973633,48.31755828857422,78.86099243164062,16.064044952392578
MyfWZFbdaoAyalT_KRfL_POdoeNK5jBv71Dq2iP2Kno,22.515138626098636,46.397647857666016,25.3231258392334,35.53877258300781,88.24175262451172,23.124004364013672,164.73825073242188,93.3925323486328,74.66706848144531,33.171722412109375,60.898956298828125,48.96925735473633,76.90975189208984,15.86524772644043
NHYTWvYxeqGl68vqemGdwryhfk8YKDAAT6yHGpcYTMU,23.41754913330078,44.81294250488281,30.36742782592773,38.37435531616211,103.18321228027344,25.108293533325195,161.59127807617188,112.5302505493164,72.31714630126953,32.50305938720703,61.45450592041016,59.43440246582031,94.48631286621094,14.944246292114258
NMF25R019iMg46ITv51G7T57n1OQ-0PqjDBBaBM-KeY,21.203895568847656,44.7116584777832,26.30124282836914,34.571537017822266,87.54463958740234,22.55278968811035,154.58514404296875,89.7619857788086,70.1721420288086,31.66179656982422,56.251914978027344,48.60137939453125,74.85675048828125,14.749999046325684
NPC5AE7iwKfWfpBfXabJrkmqPUFfC93c-kUzJxIlRpI,22.10260963439941,48.52409362792969,25.008420944213867,33.919551849365234,86.80612182617188,22.240816116333008,167.84657287597656,87.87229919433594,76.37906646728516,31.02621459960937,60.57872009277344,48.18099212646485,71.89483642578125,14.304428100585938
NTmudVTq3KXZsMxKbzh7FZ_Cwidx_LNAFffrMFwhizk,23.56104850769043,40.788818359375,32.58458709716797,38.658790588378906,113.8180694580078,26.89388656616211,150.49534606933594,100.68437957763672,66.37738037109375,34.16551208496094,56.86447143554688,56.97455978393555,96.78948211669922,16.701217651367188
NXmoPHhsDXHFFY9qBe87PNHfINaJfDwlbacZeImZi1U,21.914766311645508,45.7362060546875,25.33474540710449,34.29379653930664,83.16114807128906,22.42489051818848,163.10464477539062,89.85264587402344,72.78768157958984,32.17216110229492,59.919803619384766,47.33667755126953,73.513427734375,14.594637870788574
Nd9tQGPzZWHmXztXwfqP_CNNVoQ5a-YgEhcOnNMObTQ,23.532367706298828,49.0115966796875,31.33988571166992,36.084228515625,107.90235900878906,24.373550415039062,165.5897216796875,114.94190979003906,79.79933166503906,35.26162338256836,58.92448425292969,54.78960800170898,93.8603286743164,15.52285861968994
NeyszvHjJ3aJ--cxUOQR12-MFqZA82Uityzo5zWJNRM,22.10757064819336,50.10174179077149,28.420040130615234,33.214073181152344,96.6828384399414,23.269926071166992,167.31532287597656,99.32747650146484,79.37071990966797,33.79564666748047,59.41469955444336,54.31547546386719,86.38764953613281,15.99898624420166
NtGhhuJmxasrSRLy3LsguIRU14n0gjoJg_Qr7Ct7-aA,23.59349250793457,50.45554733276367,25.539247512817383,34.779640197753906,93.26038360595705,23.47398376464844,174.42495727539062,96.3793487548828,83.69583129882812,32.848236083984375,61.76308441162109,49.67803192138672,76.27086639404297,15.159502983093262
O4seCrLSEagQp6BGJTsPYovKuLedF1KiXDYJjsxHV0w,22.060487747192383,44.52094650268555,23.66437149047852,31.804391860961918,84.49539947509766,22.13410186767578,160.89022827148438,86.91593170166016,74.02906799316406,30.484050750732425,57.5229606628418,44.69364929199219,69.13531494140625,14.269536972045898
OAbrCqaAW3pJE5CZ4IQFZbVuacN5J6rhE7eBJqme8HA,23.762624740600582,50.02980422973633,26.08979606628418,35.36827087402344,113.78630065917967,23.651893615722656,174.48519897460938,112.37950897216795,81.24212646484375,33.339046478271484,64.67059326171875,50.55070877075195,96.16658782958984,15.954692840576172
OG9Sg6chAt62VpE1YhaBQcIQ1Qv22fYUHRPndomcxz0,21.82144546508789,44.18928146362305,27.756080627441406,35.32118225097656,96.99478149414062,23.817537307739254,159.1749267578125,95.39736938476562,69.51542663574219,33.235809326171875,59.27615737915039,52.054237365722656,81.6817398071289,15.409553527832031
OHJbKBoYWYD-m6mpQi8Xw4zXuMKQe0g8APH6z__VLv8,22.66724395751953,45.78873825073242,29.63360977172852,35.5687255859375,97.2168960571289,25.14943504333496,166.5050506591797,103.8739242553711,75.9269027709961,34.18604278564453,61.62248992919922,55.94274520874024,79.83182525634766,15.859052658081056
ONExtjPuO-BP4G0Mxy8Hnm5snWhuR8xoomIwRPxkGXc,22.387741088867188,44.99747467041016,26.398944854736328,32.816768646240234,85.57723999023438,23.442033767700195,155.37185668945312,98.95423889160156,72.0017318725586,31.0859489440918,56.462100982666016,51.17152404785156,73.50214385986328,15.214323043823242
OSK2OpdvdiHXzX-5IyZVXyqrqIC4TbkGTeUWo2A55jY,24.730987548828125,52.45043182373047,30.98339080810547,41.602935791015625,100.29033660888672,28.22438621520996,184.5269775390625,107.89307403564452,86.42158508300781,34.556365966796875,67.685791015625,56.761016845703125,89.05330657958984,16.89472770690918
OW69pCNzvuyn4IDrAvGcRw6BjIQPd71jXCOtNPWpKIg,21.899089813232425,45.35067367553711,24.05847549438477,32.55653381347656,84.8198471069336,22.726789474487305,160.93746948242188,92.38516998291016,71.88034057617188,32.702022552490234,58.79866790771485,46.29059600830078,71.7286605834961,15.51264476776123
OkD_s5l3lVIhaNKIZPzRPwKaGobxBEXGVQ0qW86r5A0,20.873559951782227,44.8392448425293,23.097217559814453,32.57811737060547,80.46855163574219,20.808673858642575,153.09495544433594,87.03439331054688,69.99266815185547,31.204509735107425,55.162445068359375,45.15394592285156,71.44940948486328,13.776617050170898
Oou9zXqnLOriTu0LP3ndMcnjJTQb2i5674RjAxO-t7I,20.66129875183105,44.57126998901367,31.46511459350586,35.41484451293945,93.8391342163086,25.888202667236328,153.04164123535156,96.82373809814452,67.4767837524414,33.81595230102539,57.25468444824219,53.23312377929688,85.97557067871094,15.64252758026123
Op8r02niR4ewKbhCNlxQ0bbj9lntsw2SLCKTfXOjsc0,23.27946662902832,49.07957077026367,24.1047420501709,32.98761367797852,86.14691162109375,23.18513298034668,169.5716094970703,90.48207092285156,76.13272857666016,32.84796524047852,62.29007339477539,47.439640045166016,68.73181915283203,15.427728652954102
OpsAHKwX0vH2qhmJul_yqJDkZ6aEfgL7JmQXapmG43k,22.69770622253418,46.35664749145508,37.62895584106445,38.41620635986328,117.52051544189452,25.40085792541504,166.81869506835938,119.24986267089844,74.21631622314453,35.91355514526367,64.25594329833984,65.70268249511719,106.75800323486328,15.36766529083252
OuqGc3iTumHR0ki5YB_FgsSlcIE4r70wUppri1uf9HI,21.56942176818848,48.00832748413086,26.201152801513672,34.150604248046875,90.18434143066406,23.09505271911621,164.3762969970703,94.85208129882812,74.44710540771484,32.20201110839844,59.78813934326172,48.7682991027832,80.05665588378906,15.13803005218506
P04VOrUsLTX6SIW5Iogjg7m40YuLGUqVBqRSEFya9GI,21.135194778442383,50.13446044921875,24.690025329589844,29.0660343170166,89.87501525878906,21.504091262817383,168.70997619628906,93.13259887695312,78.99488067626953,31.769922256469727,60.832664489746094,45.99800109863281,83.38399505615234,14.2959623336792
P2napCkrkVITcwLhUfdanIOl4ysctsqjd_4DRNa4dus,25.40513801574707,49.55120849609375,31.81159782409668,40.32373046875,102.99156951904295,27.671720504760746,165.12828063964844,111.09191131591795,76.37189483642578,33.343204498291016,61.63300323486328,63.06953811645508,93.18504333496094,16.984094619750977
P7Fj7Yam-B8N2UIU2PCCVq3wZNCVx43pbvCaLr6Jahk,23.28842163085937,50.26517868041992,33.629539489746094,42.07687377929688,121.46925354003906,27.598438262939453,172.47250366210938,123.39618682861328,80.9368667602539,33.789772033691406,64.10513305664062,66.22882843017578,107.52045440673828,17.486923217773438
P8HjcpmrkvjCE8bRSLOeAp0dccbVIhGqff_ua4RKIac,21.54999542236328,47.05093765258789,27.33057975769043,32.30363464355469,91.41726684570312,23.19465446472168,167.66188049316406,95.97653198242188,77.43222045898438,30.75992774963379,60.88801193237305,51.908241271972656,76.30307006835938,14.64708423614502
P9xEH1gTLHYiXIPkKlGqZ63y1rExLqOPPSkimNdQsYc,21.63862991333008,44.12688446044922,26.37237548828125,33.32349395751953,95.55458068847656,23.01543235778809,163.2906494140625,98.24024963378906,74.14118194580078,32.6817626953125,59.40916061401367,49.30328750610352,83.99310302734375,15.905202865600586
PEHN1aqxst83Z9A4dsV9vlx4izfDR4pcnR-j3mGZQFY,22.29021644592285,47.5654411315918,26.000398635864254,34.47086334228516,85.69306182861328,23.44240379333496,162.1998291015625,87.35078430175781,75.18096923828125,32.31653594970703,57.7479133605957,47.892032623291016,68.22837829589844,14.499454498291016
PSWXWb1JMr1NXcxjGIGDSeYOT6YZLvclRRYBZT5AkzI,23.7161865234375,48.86319351196289,28.667110443115234,37.29184341430664,95.00820922851562,25.10997772216797,171.92120361328125,101.5699462890625,77.21405029296875,33.934627532958984,63.64856719970703,56.94210433959961,79.78409576416016,16.026653289794922
PvvWNiET5hz701BDbx_LMXCRHnH7W94qby9EuCVLxs8,21.836803436279297,46.3502197265625,29.320388793945312,32.800071716308594,94.52001953125,25.176982879638672,154.11428833007812,93.97885131835938,70.09951782226562,34.82023620605469,54.78849029541016,53.71617126464844,74.45515441894531,15.97319507598877
PzOCTMEqFNW_m0El8kk94x5NoGcA-L_d65TiAJe5p68,23.360923767089844,44.80232620239258,26.186182022094727,36.86217498779297,90.1010971069336,23.26706314086914,159.38168334960938,96.4058837890625,70.48343658447266,32.4898567199707,59.0566635131836,52.933013916015625,75.91825103759766,15.457995414733888
Q-y1oIbsoe4Rqzy9N4iKyG8Asqb6CI_dA39f6Xayv6s,22.02999687194824,44.2319564819336,25.82399559020996,35.68586730957031,87.27338409423828,23.64850807189941,154.216796875,90.49656677246094,69.85952758789062,31.25603675842285,56.11198425292969,48.66499710083008,73.0830078125,14.81602668762207
Q7mU0hXmoLdyNJep0JFlulz3lLODrEnGPuKc8TMdcx0,23.00166130065918,47.80474090576172,28.65362930297852,38.58849334716797,100.79930114746094,23.83812141418457,166.0294189453125,104.91123962402344,77.52151489257812,31.62705612182617,59.92521286010742,52.96432495117188,83.48301696777344,15.67363452911377
Q8EWvJHo7ZjvwLJNpaJxCxZAky0rrnvcmYsTvGSOPFg,22.45030975341797,43.380977630615234,24.43931770324707,35.0017204284668,85.87802124023438,22.90017509460449,156.33328247070312,92.9798812866211,69.02706909179688,31.466209411621094,57.55179977416992,48.858829498291016,74.47522735595703,15.781859397888184
QCS_XzowNPVZ6LaRgVS6VUwPbRWnZ8G6G8Jy4ABnbFs,24.013214111328125,44.68876647949219,33.1457633972168,34.25109100341797,104.99576568603516,27.668731689453125,158.84735107421875,102.67247772216795,72.22412872314453,33.9385871887207,58.56499099731445,51.57923126220703,94.9661865234375,16.871854782104492
QLWl4hAxVhedj3BGM7HyF5my3GJnKsXc51wfIX553Qs,25.15969467163086,47.982723236083984,31.940898895263672,39.42863464355469,104.68644714355467,28.537416458129883,172.89915466308594,107.48404693603516,78.66062927246094,34.5031623840332,63.70914077758789,57.305782318115234,94.81964874267578,17.200197219848633
QN6awL28K1oOGTfvrs6JaebgAll0DiBRUmVZiVuZx2k,22.83454132080078,46.9688606262207,31.504344940185547,37.091339111328125,108.86634826660156,26.73528480529785,163.20994567871094,109.97640228271484,74.06503295898438,35.57240676879883,60.5925407409668,59.81363677978516,93.9554672241211,16.027938842773438
QVqq2Hw45tSfwmA9HO7AxeBnonmAaUIEM7yz8UnYktc,21.55163955688477,47.502967834472656,27.745988845825195,34.24267578125,95.1103515625,23.697689056396484,166.46200561523438,100.36817169189452,76.63819885253906,31.855058670043945,60.75085067749024,50.26456069946289,76.82209014892578,15.80320644378662
Qdp6TYwkdxbX5uoZpl2PtFjq4Vq5PnUV4j5xrz-ZQ6Y,22.95701026916504,47.21883392333984,26.61130142211914,36.49303436279297,94.99752044677734,24.05789566040039,162.70806884765625,97.32310485839844,75.48970031738281,32.437347412109375,58.16208267211914,51.31157684326172,79.62483978271484,15.715462684631348
QeM2XorlxNq4QlazMs-7rhh0gSmxLTaOiQHR6S0dxxA,23.892396926879883,50.462005615234375,30.62407493591309,35.551239013671875,104.7918701171875,25.74005126953125,169.80413818359375,99.62574768066406,80.2700424194336,34.630699157714844,61.50056076049805,52.35573196411133,89.16854858398438,16.288686752319336
QfKpuP6dZQy-hOYNYE5Unp5XJ0g0H2AU6yLy8KASKNg,21.11996459960937,45.22443008422852,23.96303367614746,32.2936897277832,82.76011657714844,21.406116485595703,155.07394409179688,87.84532928466797,71.81055450439453,30.69117546081543,54.23247146606445,45.93406677246094,71.68231964111328,14.14939308166504
QjI7V3xOO1AI6u5KD4WeyvLAaS_pr4ZsGG6xDhzHRpY,23.392480850219727,45.606746673583984,33.1887092590332,38.34519958496094,116.35094451904295,27.174352645874023,161.26832580566406,117.96070098876952,71.19929504394531,34.21255111694336,63.95604705810547,59.9185676574707,106.0142059326172,16.013900756835938
QjnGzy-1LuyPq1STjAITAM5lIyPavydwCFsdj0JzYRA,23.804346084594727,46.45000457763672,34.38419723510742,41.03293991088867,123.04918670654295,27.65889549255371,158.843994140625,109.90245819091795,69.91444396972656,35.357421875,62.497352600097656,58.00524520874024,111.5490951538086,17.37384033203125
Qq9NaLjx3iFSgN4IO9FFHNQhM-HniE8cy7GXNWpJVtk,24.355558395385746,47.86301040649414,31.499860763549805,37.81734085083008,91.26614379882812,26.333614349365234,174.0977783203125,103.62360382080078,80.9747543334961,33.1043586730957,63.032188415527344,56.43088912963867,81.68984985351562,16.29608154296875
QsfW9r37rNEuvlI7R89pMY3WbI0itD-PML1D28QCAEg,22.522823333740234,46.5499267578125,25.67008209228516,34.183162689208984,87.45228576660156,22.58930015563965,161.66802978515625,94.36808013916016,76.6060562133789,31.388397216796875,56.022762298583984,49.56697845458984,75.77815246582031,14.542675971984863
R1D_E6s-GP4mOhzN9yvgHcF-8vXl9GVKmbq1XL_g5_o,21.83400535583496,46.645240783691406,25.55261611938477,35.07324981689453,86.00606536865234,22.587278366088867,162.43017578125,92.85546112060548,73.04652404785156,32.467262268066406,59.9341049194336,48.90898895263672,77.12940979003906,15.348074913024902
R2dKfCDJQHFZH_8b0YP1p0k_uYowFNx37BmijYalB7M,22.946720123291016,42.60742950439453,27.895551681518555,36.49438095092773,92.01200103759766,24.29969596862793,155.5982666015625,101.23907470703124,67.94384002685547,32.92388916015625,59.25533676147461,55.1418342590332,76.77404022216797,15.183430671691896
R2oQsZsj0aVNB5JF8rS1AwZranVfJ3b5YWVVZ1etG7A,21.107465744018555,49.21609878540039,27.489940643310547,33.450927734375,95.48328399658205,23.56075668334961,164.3135986328125,106.37710571289062,76.59188842773438,32.163108825683594,61.28333282470703,55.55287170410156,85.88340759277344,14.23279094696045
RQq_cqoXxjRz_clDrc-_WzDZjYVR7-wSKqcbn4WSwSE,22.451385498046875,44.186561584472656,22.572790145874023,33.37602996826172,80.66494750976562,20.81202888488769,155.464599609375,87.29716491699219,71.32032775878906,29.38828659057617,53.949806213378906,45.87986755371094,65.39279174804688,13.943346977233888
RZGVhoCaP47IHpVlPgcaB8_FpevNIj4qwzBE3mqIJ-s,23.959474563598636,50.85403823852539,26.467103958129883,36.296607971191406,91.62933349609376,23.90299415588379,173.41734313964844,97.4570541381836,81.86993408203125,32.37462615966797,61.518104553222656,51.86270904541016,73.94306182861328,15.203450202941896
R_Xg4Nh-OYq6AJspZUtA0VXq04NHInTcUqlNXvVr1iE,22.16261863708496,48.74352264404297,27.45413017272949,36.4527473449707,89.07584381103516,24.61690330505371,167.67982482910156,98.04010009765624,79.34902954101562,32.54202651977539,60.09152221679688,50.67487335205078,80.63896179199219,15.0601806640625
ReXksxD2slcyWPByLyLntNmLGJITrJkkgxHefm7FCSw,22.011030197143555,45.85776901245117,22.534942626953125,33.853965759277344,85.64399719238281,21.323421478271484,161.5657958984375,87.1273422241211,72.85993194580078,31.937782287597656,59.9712028503418,45.19105529785156,69.41626739501953,14.215221405029297
RtKCT7Vv4B2-hjY1uFTiLCA4OBe30BT7_rgFeDPrxq4,24.12985610961914,50.620548248291016,34.00177383422852,39.85511016845703,106.58330535888672,27.92549133300781,172.52252197265625,121.16432189941406,82.14888000488281,34.69984436035156,61.319461822509766,65.7830810546875,97.28670501708984,16.062416076660156
S0K6y-KfAfl0vF2ldf5Uu5ISSEF_Z3Kznu1p6VUX9sY,20.49456214904785,44.600772857666016,23.183616638183597,32.32029342651367,85.49041748046875,21.278196334838867,157.44570922851562,86.24081420898438,69.73419952392578,31.274545669555664,57.57077407836914,45.63541412353516,70.34698486328125,14.542886734008787
S15tQ15Us0X6SmjBk8n1rSFhgtMbZ3kSb8R-ABuo0ww,26.617515563964844,52.45271301269531,36.580528259277344,42.772342681884766,114.61940002441406,28.73887062072754,175.56558227539062,117.18708038330078,82.98653411865234,36.94500732421875,65.3145980834961,66.44784545898438,98.39907836914062,18.963041305541992
S2mmeg781MZQc-lUFAQ7ShYJ6xh3LhzmNqNSN5xCu34,21.3349609375,47.15381622314453,24.88729858398437,34.24153137207031,85.44476318359375,22.431529998779297,164.81741333007812,95.18148040771484,75.2652359008789,33.45051574707031,59.233680725097656,48.8938102722168,74.75371551513672,14.535504341125488
S45BGG7fwwStlMSiUGTnZJTJYx3izNJXWKNQ5fsxIlg,21.730003356933597,46.92398834228516,27.45643424987793,33.4759521484375,93.57959747314452,24.70372200012207,160.9130401611328,98.6314697265625,72.58942413330078,33.80850982666016,60.34794235229492,52.538230895996094,78.58556365966797,15.269209861755373
S7yKMTRDnBadwqQLxj-YxnZ7tUY-sxd7zBKF-N-laAg,22.224647521972656,46.22859954833984,26.11721420288086,34.650840759277344,87.95526885986328,22.23260307312012,162.1014862060547,99.1976547241211,76.88374328613281,31.763961791992188,58.02275848388672,52.9544792175293,81.20013427734375,14.676838874816896
SDeiJFKVmRceC3qDqcpQTyDnNDOrSB2SriupQya166k,24.384862899780277,45.05655288696289,35.362403869628906,41.40547943115234,121.01268768310548,27.13164710998535,159.5763397216797,123.88968658447266,71.45198059082031,35.49713516235352,60.19866180419922,64.8690185546875,111.99920654296876,17.700239181518555
SGYSr86YAIQ-rG6imvNMUUDbP-rLA3m8pglajFBEf7o,23.873693466186523,50.778079986572266,28.950145721435547,39.04087829589844,107.13016510009766,25.813262939453125,175.37208557128906,108.27820587158205,80.185791015625,35.34115219116211,65.1990966796875,57.77077102661133,98.56291961669922,16.519670486450195
SPNzQXP6J5sNtZRUepCJSwqxWzJrf-oJlQYaASJQeRQ,21.84538459777832,47.24917221069336,24.771987915039062,33.858943939208984,88.19781494140625,23.238262176513672,161.8587188720703,90.78266143798828,73.6045913696289,31.42162322998047,58.031982421875,45.56386184692383,71.63139343261719,14.764463424682615
SeU7Oa1_lbmjnPf7Ia-FHrIGFRH9rMXzK6XlsB8wg6I,21.9653377532959,45.17268753051758,29.20073890686035,36.09713363647461,101.98225402832033,23.76466178894043,156.1988067626953,97.4001235961914,71.29818725585938,33.37630844116211,56.54599380493164,51.20761489868164,77.89602661132812,14.83082675933838
SqTmoUOeRjG1RbZSxonfRdS_8B1Voibyz8Xfwl2JoUk,21.60957908630371,45.66860961914063,25.96514892578125,34.4870719909668,83.81597137451172,23.335906982421875,155.61834716796875,97.4147491455078,70.87606811523438,30.68025779724121,57.41453552246094,51.6605110168457,72.83650970458984,15.216995239257812
SwdoheNdtbyXKHsPtVSV6G-OOC3MuPRGDwlN6zqYhLQ,27.6684627532959,50.9521598815918,38.33772659301758,45.57169723510742,113.54349517822266,32.76101303100586,175.4217987060547,121.92859649658205,81.48060607910156,36.27718734741211,66.64151000976562,69.40508270263672,110.93372344970705,19.285415649414062
TCrzWF7EcyvrBbCU3rIqA3vv-wkBBnFpBR-BXZGOqss,22.13811683654785,48.73458862304688,25.090166091918945,34.49821472167969,87.52013397216797,22.91439437866211,165.9875946044922,91.2623519897461,78.03018951416016,32.797637939453125,58.11953353881836,52.28868865966797,72.35293579101562,15.273676872253418
TH0MiV9KcajD00Dm4oCUNaMx14p36PTQyxhJcUUN3Cg,21.74930763244629,48.13815689086914,28.80543327331543,33.64915084838867,90.40471649169922,23.98206329345703,164.6828155517578,98.58150482177734,76.92793273925781,33.49126052856445,60.1893424987793,51.51284790039063,84.0401382446289,15.666234970092772
THEwqU40js1n9THdzHKyVX6jgnrohfzOOWqALF-UYFA,22.778587341308597,45.40580368041992,29.32449150085449,37.6705436706543,101.78207397460938,26.050994873046875,162.76483154296875,100.2818832397461,70.50597381591797,33.281272888183594,62.353641510009766,53.05686950683594,81.71566772460938,16.047882080078125
TJjX3J-3iPEpXzXvRTGzscpZesSkq8B20bxBlVHSY-0,21.932382583618164,53.09069061279297,24.04029083251953,33.76047897338867,94.28241729736328,22.166200637817383,179.380126953125,89.2911148071289,86.63287353515625,33.56027603149414,61.78671646118164,47.61906051635742,67.57951354980469,14.766890525817873
TKll-RyU4HX19igR4WPoDasfvSupSAHzE55GmliHne0,26.627948760986328,48.47779846191406,33.10953903198242,43.152591705322266,117.7835922241211,28.907581329345703,171.28970336914062,118.0961685180664,79.02967834472656,35.910438537597656,62.81639862060547,62.54277801513672,98.71647644042967,18.60990524291992
TLI5z5j7y9XIr6a-acw6-gcpuKN6bHj9IOq0Z4CdvN0,22.793872833251957,47.30677795410156,25.84199523925781,33.56558609008789,97.99847412109376,24.95862197875977,168.44070434570312,100.7634048461914,77.67523956298828,31.436447143554688,61.04226303100586,49.89475631713867,82.23104095458984,15.973858833312988
TPVBpaYELi7ENqmqo8NHztlKE0bYPQNK8mflHJTIv_8,25.662960052490234,46.26136779785156,40.06745529174805,42.98391342163086,118.46411895751952,30.65395736694336,169.30960083007812,123.0178680419922,73.79390716552734,35.388797760009766,64.65984344482422,68.76950073242188,109.60432434082033,18.268081665039062
Tcsl1T7nm2w9g_-EcckeB3erb9nyXx-zel-M7_f-6Gg,22.018150329589844,44.99959945678711,24.9945068359375,36.04082107543945,91.57429504394533,24.89349365234375,154.14759826660156,94.76647186279295,69.38397979736328,31.0299015045166,57.07014846801758,48.96723937988281,75.27586364746094,15.773293495178224
TgS_yYcLOuY7Of8dI9_BSUucaGg0t0RTQETeUmtMiio,22.440385818481445,45.80442428588867,29.13424301147461,36.38880157470703,93.5746612548828,24.589599609375,162.7139892578125,94.65801239013672,73.34491729736328,33.67189025878906,60.083526611328125,47.49871826171875,82.56342315673828,15.052672386169434
Tl1DIq7LCXOu6GG9TyJKbI3an7F3dSdeVdjao5faPfw,22.318262100219727,46.03589630126953,29.00325584411621,35.60722732543945,89.14769744873047,23.823076248168945,164.631591796875,96.7431182861328,76.86962127685547,31.499025344848636,58.80425262451172,55.08843231201172,77.04826354980469,15.219404220581056
Tmr6CYfbPz6eFTe9n_GhgP1TyZ9sCQryAXkgPFrO1J8,22.406173706054688,43.52597427368164,31.080028533935547,38.21699523925781,108.78936004638672,25.50787925720215,159.59828186035156,106.83199310302734,71.23843383789062,33.09817886352539,59.49796676635742,53.41072082519531,99.27890014648438,15.861708641052246
TszWqWftIyEOXwJ4495NROUPn2ui88j8RdJrMy5eFKk,30.83125877380371,48.8370361328125,43.02611541748047,55.328609466552734,138.94650268554688,32.63842010498047,173.31454467773438,149.5803680419922,76.08910369873047,36.80184173583984,69.12345886230469,84.22335815429688,133.4892120361328,19.522367477416992
TvPLietnYNztbsCXuzZoZQlAFfGmiZkfW_EM4Qzd8Hc,23.33888435363769,50.25973129272461,24.782611846923828,35.875587463378906,87.49178314208984,23.791933059692383,169.2204132080078,89.2646484375,80.3795394897461,32.29460144042969,59.361724853515625,48.83213424682617,76.14010620117188,15.777640342712402
U1ohsWBuEi2UBf804eKk5bN06_uDIRHjXA3rLbWQYHA,20.711368560791016,44.85261154174805,25.75141143798828,31.593536376953125,81.13510131835938,24.676687240600582,155.7645721435547,86.97566223144531,71.94258117675781,30.97997665405273,54.63372802734375,47.405670166015625,70.99903106689453,15.094987869262695
U9zvsIGhLB99ZZ54-NosYTTsxb9HOdvgcAIR9Hd0Pxg,24.93543243408203,49.42482376098633,31.811580657958984,41.12992477416992,98.63135528564452,26.67621612548828,173.11111450195312,108.4599151611328,79.35790252685547,34.169471740722656,63.801177978515625,58.63651657104492,84.18650817871094,16.35917854309082
UAE7Hyh70ooJw9sM-KQdlQNz7alojnEAxsOlpFU-UcU,21.96053123474121,46.222904205322266,31.9774112701416,37.036895751953125,114.7512664794922,24.85576820373535,162.98365783691406,109.2858657836914,75.04985809326172,34.8471565246582,60.23641204833984,57.94477462768555,100.63155364990234,15.219724655151367
UJSmriR4qVLH4cT84OmuMXkZSr5FVGZv7D6GCFqHuvw,22.424297332763672,47.7645378112793,25.341707229614254,30.897396087646484,91.2130355834961,23.619728088378903,165.91925048828125,94.82404327392578,78.30984497070312,32.01348876953125,59.20586395263672,48.09899520874024,74.4565658569336,15.628440856933594
UQ2GM1XaDd8CXhISjirrgITujA48e9-JNBkpT5crPkM,24.04902458190918,47.99602890014648,35.21183013916016,39.067962646484375,118.84147644042967,28.71675109863281,166.9416046142578,106.078857421875,79.29457092285156,35.2401008605957,59.61618423461914,56.326202392578125,102.19329071044922,17.035785675048828
USmhBn8O9THhhyAypEL9u68iMWV7Qmy7TR-1EV_jZZQ,21.65594482421875,47.604305267333984,26.369855880737305,33.1307258605957,95.09278869628906,24.189571380615234,165.80406188964844,97.6053695678711,76.43897247314453,33.31106185913086,60.18916702270508,48.44092559814453,83.7052230834961,16.165279388427734
UWASPgFJuSCTGcnhDbYA1z5msuGUFK9E6KGdBVxT4yw,22.7917423248291,44.15040969848633,31.06517601013184,35.278465270996094,93.79850769042967,25.303041458129883,158.1631622314453,98.9731216430664,70.98942565917969,32.81365966796875,57.19935989379883,53.90607452392578,82.94209289550781,15.556366920471191
UZdY-KuWhdK1t0H-PbopQu2nhsyPOPXHt70KLbsf5P4,22.77980232238769,47.12022399902344,27.380491256713867,39.87446212768555,100.04987335205078,24.62078094482422,164.47352600097656,99.38731384277344,72.16847229003906,34.461997985839844,62.791629791259766,50.95620346069336,86.00279998779297,16.32301139831543
UbhnstuOupSLqT1wAnBu3Ffc5cqLOsYBH9aZPeibkUw,20.99172782897949,45.764408111572266,27.77761459350586,35.21222686767578,89.6817626953125,23.75761032104492,159.17193603515625,102.44335174560548,73.64185333251953,32.57936477661133,58.71166610717773,50.1143684387207,80.06259155273438,14.069936752319336
UbixyJ3QdnK9uOm6YjoaGHrNwsTpwNaeuWEuEOs9nsc,21.53172874450684,48.470176696777344,26.68234062194824,33.815486907958984,88.49868774414062,22.83878898620605,166.14674377441406,97.38119506835938,75.95285034179688,32.13424301147461,59.61879348754883,52.658203125,80.41667938232422,15.017593383789062
UmHgIHN4PrnkAQWznf9jPexwHD8dDbfWe28wIuSDECM,25.097131729125977,46.32874298095703,28.7589168548584,40.96323776245117,90.77627563476562,24.558185577392575,166.2818145751953,100.67545318603516,76.04306030273438,32.77778625488281,61.16630172729492,56.46955490112305,81.222900390625,15.716405868530272
UpKByUk0R-xH0de_VHTP1DIbIf7IHrNBIUPzD6YQth0,22.431283950805664,47.30112075805664,29.62087821960449,34.10246276855469,101.23136901855467,25.11649703979492,166.42771911621094,100.8349838256836,77.02099609375,31.919452667236328,61.223426818847656,53.386714935302734,87.62088775634766,15.661825180053713
UyHRmAs0a9DkqUIdvMM6H2DZZt8poOp0yppXVqiqei8,20.09442710876465,45.58045196533203,24.4079647064209,31.37416076660156,85.82487487792969,21.93551445007324,158.04400634765625,90.7359848022461,72.55174255371094,30.015966415405277,56.57925796508789,44.68851089477539,73.20352172851562,13.81040382385254
V0JG36keRQG-3TKu70Ld1BreyXf7fSPxXTO7VfH1cC0,22.680559158325195,49.810176849365234,28.255077362060547,34.26310348510742,91.9901351928711,24.693431854248047,170.8156280517578,97.65790557861328,80.27039337158203,32.79838180541992,61.58565521240234,49.627906799316406,79.12957000732422,15.13059425354004
VBCbaA2ifumchk5h2MAWC8fZCUk7bvaoHAKmJKFkRMY,23.11205101013184,48.229793548583984,27.91454124450684,36.51338195800781,88.90450286865234,25.23590660095215,165.89976501464844,102.93463134765624,75.25054931640625,32.6778678894043,61.699180603027344,55.391597747802734,77.66505432128906,16.414634704589844
VF9pumeaSDFTvECpCCUuDxIBHBxSJo4RBKSD_rdK3xI,22.84640312194824,45.25806427001953,26.14674568176269,35.330467224121094,91.65520477294922,22.765722274780277,158.41769409179688,94.23329162597656,71.0429916381836,31.5573844909668,58.40447616577149,49.99320983886719,71.24471282958984,14.97679042816162
VN8XgNOE24ghLuTPTSjPZfsE2oAJaUvwNmHUCehe7EY,25.20518684387207,48.52476119995117,33.867515563964844,39.10269546508789,106.7127685546875,28.42534637451172,166.74185180664062,109.83887481689452,76.50076293945312,33.723167419433594,62.67918014526367,61.41046905517578,88.3956527709961,17.10527229309082
VQDsKkfK8ABIqEsMta11j61WsZK6VYMZBo1Kv7NmoJI,21.8255558013916,44.8975830078125,27.419885635375977,32.5480842590332,92.48541259765624,23.778261184692383,164.7129364013672,95.522216796875,74.21772766113281,31.65130043029785,61.10762405395508,48.87968826293945,79.94087219238281,15.648069381713867
VXOk0Gz0hSa_xh-GNz2o_qnPXriyWKoOKiCJEktL79A,21.22352409362793,47.598175048828125,26.809511184692383,33.0920295715332,86.48983001708984,23.217893600463867,162.0304412841797,94.65157318115234,75.75885009765625,30.85403251647949,58.447696685791016,50.23358917236328,75.09126281738281,15.184488296508787
VZOdwErQEssn2GRi01V-Co76MIZb7JUCjyshSGFvTyI,22.459869384765625,47.6843147277832,28.954647064208984,36.522735595703125,94.07234191894533,25.55516815185547,167.57225036621094,93.79834747314452,79.1497802734375,32.149410247802734,59.8577995300293,49.0493278503418,79.09170532226562,17.73715591430664
VbArPJgfiazy--dHRifBZpNMtFsJ4sL_Yb5YGRMn70E,23.670454025268555,45.69828414916992,29.32917594909668,36.72696304321289,91.78042602539062,24.588706970214844,154.10728454589844,105.73387908935548,69.95331573486328,34.29127502441406,56.89528274536133,55.921417236328125,82.37077331542969,16.021251678466797
VcmahEYVpQrUE-nues0J-16TIGPVG1bCIpDG8YOLRSI,24.394683837890625,44.1659049987793,28.935047149658203,37.7212028503418,89.75838470458984,25.16859245300293,156.1109619140625,103.83753204345705,69.01101684570312,32.50343322753906,57.75171661376953,56.39836120605469,78.4963607788086,16.083627700805664
VdIFFZDkEosz7ovVl1I36Bl1-5UQ86n3MrTNOn7bbYE,24.1463623046875,45.84519577026367,32.236236572265625,40.021629333496094,120.04186248779295,27.727426528930664,162.52952575683594,124.00931549072266,70.82901000976562,33.87615203857422,61.04172134399414,59.533935546875,107.89698028564452,17.199676513671875
VdlO5OvevKp6LkWjHyDKuTOZ2LTdcB0a8yigC5evDjA,24.22225379943848,50.6841049194336,30.79486846923828,40.52336502075195,114.38491821289062,24.742759704589844,180.9559326171875,114.05241394042967,81.35726165771484,35.53507614135742,68.94750213623047,60.89866256713867,94.51936340332033,17.06316375732422
Ve_FT5dVazanjRifMYJoMRRL3LBDF0Wjg_X6YyNcXzM,21.728124618530277,46.214603424072266,23.503028869628903,32.87892150878906,81.24031829833984,22.52560234069824,158.5096893310547,87.11659240722656,71.73973083496094,32.80264663696289,56.937870025634766,43.74148178100586,68.51321411132812,14.334266662597656
Vf7Yx7KhVWQ4JpCSpF5g5eBpDiVa3guZqMhUyzJfvnA,22.89777946472168,43.12810516357422,32.8297233581543,38.52748489379883,95.30138397216795,24.88085174560547,160.91563415527344,103.05853271484376,72.24241638183594,34.27199172973633,62.05324935913086,56.49137496948242,84.77787017822266,15.444791793823242
Vlfc4F6gFYKkpCJux4gxVJzSrlubik60_HDkzkwcIqI,24.03120231628418,50.86027145385742,29.060619354248047,37.54154586791992,94.20832824707033,25.41971206665039,172.3778076171875,104.23409271240234,80.47054290771484,35.157108306884766,63.11285781860352,56.00693130493164,86.77568817138672,16.595186233520508
Vs2eI7lYPCCR4N3jdBO4G9tBuKpH0ZXT3qpzOCmG9QA,23.451107025146484,49.05270004272461,29.411745071411133,36.74894332885742,94.2399444580078,24.710229873657227,167.5665283203125,95.7486343383789,75.62860107421875,34.70314407348633,61.1845588684082,52.3355827331543,78.69696807861328,15.987272262573242
VsiJfD1bRvlb7thKBwmHA0K49XJdQo13c8XIvacYLX8,22.000263214111328,47.460914611816406,26.563295364379883,34.26351547241211,100.30123138427734,22.852428436279297,166.1895751953125,96.73484802246094,77.79447174072266,33.31178283691406,60.91590881347656,46.32441711425781,83.28334045410156,15.058416366577148
W-RQY1z606QE2NMPkSyI5ONAW-hoIDGqmNBQI-XYinY,22.199106216430664,45.7021598815918,27.63666343688965,34.243125915527344,101.1431121826172,24.430435180664062,158.67494201660156,96.4409637451172,69.54753875732422,33.12498092651367,59.17599487304688,50.29507064819336,89.97369384765625,15.406579971313477
W2KMv_S0_4Hsm2X-rx_6MSBFcpHEivib5C4E4eOnBzY,25.440752029418945,46.39134216308594,34.91534423828125,41.99727630615234,100.45619201660156,27.76559257507324,167.33827209472656,109.55917358398438,76.4881362915039,34.95369338989258,60.18365859985352,63.99966430664063,87.32372283935547,16.065427780151367
W2V7D9jBYEP2HOxd90RBHhoOYhg7U2aijsvn1YJuWKA,22.00371742248535,45.55558776855469,25.76541519165039,35.321372985839844,86.74423217773438,23.001445770263672,164.44593811035156,95.7338638305664,75.00767517089844,32.31941223144531,59.06270217895508,48.989776611328125,74.88188934326172,14.36711883544922
W3FOvAMFzRvX69f3yEiJx9I9ZfTBVn1258um2EFnZeQ,21.90797996520996,48.134742736816406,27.01630210876465,32.45554733276367,93.50660705566406,23.394481658935547,160.78196716308594,93.92298126220705,75.36668395996094,32.00025177001953,56.74458312988281,48.10049057006836,82.76573944091797,16.371315002441406
W81GbQDdBYQMT5l7mDPGD9UkM1szFi6brOnMm0QZT18,24.612049102783203,45.741973876953125,35.074729919433594,42.20867156982422,112.60907745361328,27.702436447143555,162.26766967773438,115.81204986572266,73.21024322509766,35.529640197753906,62.61781692504883,67.68175506591797,100.32278442382812,15.948780059814451
WI1vl-ZFYxHye2KnzTcSJtBF-i2LXmzx5-qrdr8NSsY,24.512331008911133,55.785343170166016,27.8979606628418,36.966087341308594,90.9536590576172,24.51315116882324,182.41720581054688,104.95665740966795,87.03730010986328,34.28067398071289,65.80694580078125,55.01063537597656,81.1572265625,15.395265579223633
WQCNmdegEjLJopGh4wnLhlB59ODC54Nioo42UEKXxSY,22.89674568176269,46.30311584472656,30.018367767333984,31.13884925842285,115.24358367919922,23.795764923095703,161.74346923828125,121.46998596191406,71.20144653320312,33.6147346496582,61.642555236816406,44.23440933227539,116.04043579101562,14.669551849365234
Wd8nygvDtDRTxX3Jom1rKIp_h31fMc-Yo7UueR_elsk,22.626934051513672,47.069114685058594,32.37944793701172,36.8672981262207,100.6206283569336,27.23266220092773,165.9114532470703,102.52794647216795,77.09977722167969,34.242042541503906,58.6922721862793,54.26365280151367,86.61711883544922,16.435497283935547
WfEyscr3BgX5veF7fb5Mj0lfu6YSDsZGL3GwPMuVyQw,22.12918281555176,47.5242919921875,28.66259765625,33.641902923583984,99.30197143554688,25.92815589904785,154.52139282226562,102.53685760498048,71.76717376708984,33.49020767211914,56.4940185546875,50.27828598022461,88.72271728515625,15.02284336090088
WiLlmi5NWoSW3MbBNMNt7ZmBu-wivficyavg2i4ryhM,21.831926345825195,47.25819778442383,27.564592361450195,33.98395919799805,90.86917877197266,25.029428482055664,167.20726013183594,94.8000946044922,75.70789337158203,33.0824089050293,61.01067352294922,50.05536651611328,74.71552276611328,15.691851615905762
WkY6iDAhg3Eh1yJR8r8iqXHcB97FwlqYVc2al5-oTBU,23.163898468017575,49.58904266357422,28.23660469055176,36.13907241821289,93.01324462890624,24.2111930847168,171.66978454589844,97.34872436523438,81.9581527709961,31.48975372314453,61.11411666870117,52.00414657592773,81.40026092529297,15.538350105285645
WnKXOTsT_HOrsCimdLNQ0avrn593cJCE7N3fCWGn9H4,22.164276123046875,49.09123229980469,27.308128356933597,34.83097839355469,95.61492156982422,23.1340274810791,162.63916015625,96.62142181396484,76.02531433105469,32.49232864379883,57.37026596069336,51.666954040527344,83.18534088134766,14.736675262451172
WnZKFDS9gUiYrJqouYB06J9iuJMktVcAU08SLCFahuQ,24.22975730895996,44.90779876708984,30.393335342407227,36.44805145263672,109.86282348632812,26.627445220947266,164.8867645263672,101.158447265625,75.66170501708984,32.29691696166992,60.90745544433594,52.65814971923828,90.66120147705078,17.065839767456055
WpGCuir1SZ-mwFiDAsTdaB-71ihtRn5pHJ3Xt9Iifi4,22.43486785888672,50.849647521972656,30.96293830871582,33.65637969970703,90.54212188720705,24.54515647888184,169.8535614013672,106.98885345458984,82.43883514404297,32.760379791259766,59.2846794128418,59.475242614746094,86.47073364257812,16.018877029418945
WsV_q-4hgeDa4aT-Gelcn-TsU3zBZ4KIpk_aHZAG8aI,23.673316955566406,48.48664855957031,36.06574249267578,39.871360778808594,118.5670166015625,28.83134078979492,171.6341552734375,126.02066802978516,77.7871322631836,36.46873092651367,65.40237426757812,60.23702239990234,103.70465087890624,16.664995193481445
WvGQBBNpSe532EEM3AMJdoxUoTyST19JL_SBR2urNRk,24.630523681640625,46.04049682617188,34.667415618896484,42.04191207885742,112.84115600585938,26.69451904296875,163.6195526123047,117.67279052734376,74.92147827148438,35.258399963378906,61.476654052734375,62.807655334472656,95.29041290283205,17.014211654663086
Wx1Lwfo7sxMWqawYX02arJQ4mrLCJ0Tf-X_zSQ4LV3s,22.95428276062012,49.028202056884766,24.151742935180664,34.56822204589844,83.91703796386719,22.77687644958496,171.62570190429688,93.19752502441406,77.93016052246094,32.49847412109375,62.42178726196289,48.28781127929688,72.975830078125,15.089407920837402
WxgF-VrsRPvUJAT1Zf4iKHupnntfcecT7lRCbzNWw3Q,24.930864334106445,51.99708557128906,30.080154418945312,37.25719833374024,101.80227661132812,26.297517776489254,178.82594299316406,105.83180236816406,83.93893432617188,34.28403854370117,64.97357177734375,52.02901840209961,92.24862670898438,16.688840866088867
X-q9VE1Jm8Nt7O3_HYRJe_Xask4oljYK2_N6kA3TUKE,23.29945373535156,46.96474075317383,27.663896560668945,35.56635665893555,94.20703125,24.342817306518555,166.96722412109375,101.85777282714844,75.07349395751953,33.907474517822266,60.49007797241211,52.21474838256836,81.66771697998047,15.34604835510254
X3IgwE33Fglksdvp53AKTMnTL1txWK09MjhB-g_tOA8,26.24140167236328,49.33197021484375,34.24584197998047,39.2946891784668,114.25555419921876,28.191551208496094,171.7919921875,112.66351318359376,77.50296783447266,34.29978942871094,64.04500579833984,59.65821838378906,105.7652587890625,16.806203842163086
X8KiU13fy-6-RBYbFhILEDl7ebVX3D4VGVVHBXmM9S4,21.595762252807617,43.34535598754883,25.417068481445312,34.879615783691406,82.80918884277344,22.922706604003903,158.3673553466797,90.55056762695312,71.32860565185547,30.179838180541992,57.222747802734375,50.516849517822266,71.06160736083984,14.885797500610352
XAzH8SCVMskROSgnRfbBEfk7xKkGQAnoauOQ1QfPFYg,22.524452209472656,44.68814468383789,29.02243423461914,36.9649658203125,97.21383666992188,25.01984214782715,157.6130828857422,100.97515869140624,69.2578125,32.78537368774414,58.794700622558594,52.43313217163086,82.62557983398438,15.20424747467041
XChq7P1lqOo--lFR5_wmw1iL9KE3a4-ARks2xlDKFD4,21.928543090820312,47.97148132324219,24.177812576293945,34.1663703918457,79.41500854492188,21.384700775146484,163.49319458007812,87.43217468261719,78.82479095458984,29.64955711364746,56.65000534057617,46.618499755859375,68.5206298828125,14.44363498687744
XI1sGfmvQgCa3yNalqQWwxatqzp90nppgjh9rTRyVE4,21.27876091003418,46.75251770019531,25.13814926147461,33.384281158447266,87.9096908569336,22.79276466369629,163.96649169921875,88.47538757324219,74.730712890625,31.9959716796875,59.07454681396485,48.3211784362793,76.87220001220703,14.663199424743652
XPaYQ7o49xQ7tBIAY1re6nIrNvsp5F3Oej5tc1kjLFM,22.51753616333008,49.53118133544922,25.725305557250977,34.068965911865234,90.02999114990234,23.33756256103516,169.98336791992188,94.7773208618164,80.25106048583984,33.78302383422852,61.51472854614258,49.84941482543945,75.92591857910156,15.2516508102417
XQPQgHelREBwnQgFtuYTglK4y1O-uOrnV_XD7c4OfoQ,22.52530670166016,46.9687385559082,25.215112686157227,34.239830017089844,88.63835906982422,23.868804931640625,164.83023071289062,97.31080627441406,76.7791976928711,32.39033508300781,58.788909912109375,49.67188262939453,77.20844268798828,16.085269927978516
XgcPgqthLt1PRFuXfxp0O7nZeHNQffA4Ma-2ByOeckM,22.499122619628903,44.75978088378906,27.446996688842773,35.8197135925293,88.01104736328125,24.267906188964844,154.55343627929688,93.84846496582033,70.04313659667969,31.848737716674805,57.82537078857422,50.7011833190918,74.60954284667969,16.02629280090332
XhdYYyUbTJ6rCqfosof2q-xfn99gTX2LjiYqYPTsc2Y,22.29924964904785,46.66772079467773,29.5296630859375,35.91002655029297,88.17365264892578,25.08606719970703,161.7622528076172,103.33838653564452,72.77384948730469,32.1901741027832,60.73956680297852,53.93778991699219,79.76911926269531,15.274747848510742
XuM3SKR54GXLjDZVb4yyD5GBVte57nBqWiDbcZS2798,22.23032760620117,49.97002029418945,25.04671669006348,33.87396240234375,90.63585662841795,22.77583885192871,165.35400390625,92.9299087524414,78.00112915039062,33.478233337402344,58.94043731689453,47.22504425048828,77.06206512451172,15.201597213745115
XyC-42yzJtW5_oFycRwQAdJjJnXQZQdSdSqcwyv6NCA,24.754976272583008,49.83544921875,36.16735458374024,47.39926910400391,119.77489471435548,28.559335708618164,172.5048370361328,128.79421997070312,78.63672637939453,36.73722457885742,65.0569076538086,70.18934631347656,108.60206604003906,16.067420959472656
XzIIbdAvug_HTiA25PW5MFyFyt7QzCVA5lNnmZN6BIU,21.442113876342773,48.91224670410156,22.908239364624023,31.64281463623047,84.54405975341797,21.61638832092285,164.91510009765625,87.40491485595703,75.67440032958984,31.36252784729004,59.23012161254883,44.90578079223633,72.80900573730469,14.820478439331056
YA0piHl32MSDrXwwYSzw0xZkgZhEQ-dT0fbo7jC59FU,22.8789119720459,44.21146774291992,24.270566940307617,32.35064697265625,78.26469421386719,21.200759887695312,154.06724548339844,86.181884765625,70.62984466552734,29.64759063720703,55.55637741088867,45.69622802734375,69.07220458984375,13.483370780944824
YCYZfuKdUfWrvD0Wa_bpzqRO2pV06RuSS-4SSZOavSY,22.423030853271484,47.2647705078125,26.32069969177246,34.719757080078125,101.33435821533205,25.183650970458984,166.30418395996094,106.93487548828124,75.7472152709961,34.293094635009766,61.26996994018555,51.20506286621094,89.12748718261719,15.89346408843994
YK5kKZSFwbHezYTwzNsNiQG56io_IhgEHbS2KAlDE6k,21.42271041870117,47.029075622558594,24.5460262298584,33.91368103027344,98.33724975585938,21.88668632507324,158.6309051513672,97.1244888305664,72.6130142211914,32.43743133544922,58.927467346191406,48.34437561035156,84.45330047607422,14.00235652923584
YNozXLwjPy9Sdb5-zMK9U5XVCoQWjPM-HJT-pJAVCjM,22.76048851013184,47.888954162597656,28.820375442504883,36.33769226074219,101.61011505126952,24.03264617919922,167.12135314941406,108.65645599365234,77.22083282470703,33.783966064453125,61.23846054077149,55.2973861694336,91.84444427490234,15.36756992340088
YQxrhrxpKSH8xTQqkGhjwmNJa1alqHlCTHJXHAJ5mS0,20.701282501220703,45.02769088745117,24.3776912689209,32.24600601196289,79.08023834228516,21.915721893310547,155.406005859375,86.20018768310547,70.03135681152344,31.040658950805664,56.49685287475586,45.26070785522461,69.42060089111328,13.982290267944336
YSj1PU4BApztzlYwlSH_C6pUGl1ZqLjjbvu8rUJpp-8,22.24632835388184,46.26415252685547,29.282459259033203,38.15055465698242,98.35250091552734,24.94755172729492,167.58444213867188,103.31452941894533,76.94485473632812,33.20566940307617,62.17238998413086,58.15239334106445,82.48649597167969,16.014760971069336
Y_xxkYPv18Sja73N2MQ0jDOxFRHMiZsTrIZ6t5xuiec,21.114734649658203,47.37687301635742,26.16852188110352,32.02992630004883,82.89022827148438,22.962779998779297,156.66990661621094,95.21438598632812,73.7298583984375,30.833728790283203,55.4272346496582,48.33934020996094,70.2288589477539,16.135026931762695
YdgaL6W4QcBWv68YQvn23Gf_BRFXHfgIhuabwIVr6fE,21.452526092529297,50.982330322265625,32.04714584350586,35.070308685302734,110.35391235351562,25.80225372314453,169.73683166503906,104.95036315917967,80.1601791381836,34.353965759277344,61.68364334106445,58.483768463134766,97.6280517578125,15.184271812438965
Ygv8bachxIhg_xghC8vaHDGzMJJoVjbR7WylgU_yclo,21.451658248901367,44.06401443481445,26.869281768798828,33.26601791381836,92.54479217529295,22.595346450805664,154.22323608398438,91.8005599975586,69.68248748779297,32.870296478271484,56.59206771850586,48.1849479675293,79.52766418457031,14.599993705749512
Yl8U2SSkkWDw2ewoGQLfj0P-Y_wwwe28W6ltWa6OE5k,20.909772872924805,47.33419036865234,28.901500701904297,33.92573928833008,95.0368423461914,24.092050552368164,163.12611389160156,103.04547882080078,75.2903060913086,32.81688690185547,59.494178771972656,57.70783233642578,81.96863555908203,14.219355583190918
YmnKabDNETBQrZXEQj_XU089YldxO-iwR9fNSCDU9Ig,23.007732391357425,43.78594207763672,31.22698974609375,36.55831146240234,112.81751251220705,26.344125747680664,162.4578399658203,95.28668212890624,74.71521759033203,34.239871978759766,59.69189453125,51.376121520996094,97.62643432617188,17.325376510620117
YvYK1i7nQjZwJgogdWxaua_UVKjXRw5cEpR12I3i3XQ,21.22646713256836,44.92615509033203,29.29059600830078,35.450103759765625,99.16512298583984,26.0367374420166,160.89266967773438,98.958251953125,71.2454605102539,34.69016647338867,60.49294662475586,52.700645446777344,91.53141021728516,15.740290641784668
YwW6NRscPkhUEJcdRaXcc4IPtxUnWRvbayE_BzLpBZc,24.30541229248047,47.5939826965332,29.30845260620117,39.24217987060547,97.8832550048828,24.606836318969727,167.87667846679688,105.35440063476562,76.39915466308594,33.77254867553711,62.28044128417969,54.96862030029297,81.84970092773438,15.34816837310791
YyjnHZS606s2dZorhsH75c7VXJCLRZj-cB-4GLn9X90,23.60887908935547,47.59319686889648,30.03845977783203,39.34346389770508,96.45681762695312,25.360748291015625,166.07875061035156,100.10238647460938,76.462646484375,31.90945053100586,60.16771697998047,54.8201904296875,86.7968978881836,15.974601745605469
YyufckRxZ8zPpf4cXMTEiB6hKuQTMli4KLLm-HIIa_s,22.8038272857666,47.71143341064453,28.055444717407227,35.020999908447266,95.38894653320312,24.80706596374512,164.8891143798828,97.60655212402344,78.59593963623047,32.54539108276367,57.34940719604492,50.44671249389648,82.35018920898438,15.585542678833008
YzN7_E2tbgGxlrCU1ZDHJw9ylm4CpIRPmr2cyPHkl6o,22.44685935974121,44.321075439453125,30.73102760314941,36.50334167480469,100.7598648071289,24.82075500488281,157.46328735351562,104.67314910888672,70.10474395751953,33.09273910522461,59.299110412597656,56.96204376220703,91.52781677246094,15.5368013381958
Z-AaC65JmtFlUW8a_nGt5PiDBr-Z0WziwmuQMp0W03k,21.858478546142575,45.84825134277344,33.8223876953125,32.24019241333008,113.7682113647461,26.91684913635254,158.60353088378906,113.81649780273438,73.52839660644531,35.343292236328125,59.253662109375,55.05657196044922,117.4261474609375,16.48375129699707
Z5ntNTIvmbC8CIfxJ0hC-k3JY-9mizxwmaUDuf9givM,21.70981788635254,47.75392532348633,28.403398513793945,33.30504608154297,93.6924819946289,25.22375869750977,167.75096130371094,99.4054946899414,78.99446868896484,32.78285217285156,59.51604843139648,48.66440582275391,86.24775695800781,16.77022361755371
ZG-ukcsU--7WfpbWk9E54gMvxvEt0zSUy_EQB3Lsivk,22.577449798583984,42.999210357666016,31.00432777404785,38.61909866333008,107.58708190917967,27.31028175354004,156.3276824951172,105.29426574707033,70.07132720947266,35.591304779052734,59.66929626464844,58.56110000610352,94.09381866455078,15.864039421081545
ZMzqnKx9IEB7ltrIt44-76BTn0aauxEmHijcPu4l3Ws,22.194507598876957,48.860633850097656,24.66903305053711,33.2441520690918,88.4052734375,22.66264915466309,172.26919555664062,93.95098876953124,78.50836944580078,31.911113739013672,62.630516052246094,47.4306869506836,75.11170959472656,15.396526336669922
ZNNtbFL7l2Nxk23nni_CIa9_I9rdkqxjtOCoGKRkQ9o,21.90996360778809,49.428165435791016,24.29762077331543,33.43003845214844,86.80254364013672,22.36665725708008,163.1907196044922,97.06998443603516,75.9404067993164,32.16802978515625,59.53813552856445,51.10601425170898,75.09654998779297,15.626754760742188
ZU6-LyN0O-VeCvbPNyuqqO-FrAolF1beJ0mq5F-Xzq0,22.190507888793945,42.78433227539063,31.90331649780273,40.03604507446289,108.14441680908205,25.076311111450195,153.43734741210938,111.06161499023438,68.27584838867188,33.81138610839844,59.02789306640625,58.54902267456055,99.37047576904295,15.61021614074707
Za2gVY9IO7cSatR1s6MlJT2Ym9kjgf5dx5QQ3dqOMjA,20.24339485168457,43.03206634521485,26.523157119750977,31.44823455810547,93.79673767089844,22.544361114501957,153.74594116210938,95.24698638916016,69.10540771484375,31.98010635375977,57.55792236328125,46.41358184814453,82.51104736328125,14.11807346343994
ZcCzgdDKMPR4oPr0c5GUXYe6fnzYwdUuEMNpbY5dMzc,23.033388137817383,47.37229919433594,28.929271697998047,36.72871780395508,96.77460479736328,25.59428977966309,171.39796447753906,100.5115966796875,77.23896789550781,33.90215301513672,64.32421112060547,53.09378433227539,84.31560516357422,16.143354415893555
ZfXnpj9JymrEXySC2mXmPwiAf6u_Vlmu260kJ2iI5Bc,22.124900817871094,43.419700622558594,32.057804107666016,36.974796295166016,114.16649627685548,26.48578453063965,157.9137725830078,112.44991302490234,67.62149810791016,33.56351089477539,61.59573745727539,53.40460586547852,105.53326416015624,16.090740203857422
ZhiRUMDjqw1Ngth9OVvEs3Ww5a0DePs8Red70zbdt8s,23.746112823486328,47.14801025390625,25.82193756103516,31.50564765930176,88.39566040039062,24.09744071960449,165.9012451171875,92.23033142089844,77.10929870605469,31.165864944458008,59.299560546875,43.98584747314453,79.73102569580078,17.131595611572266
ZiMMtSacpQgQIoioAnwWWaVRYuiFo1DJmxIHJNzHTow,23.21504211425781,46.79526138305664,28.873943328857425,37.03368377685547,100.7528076171875,25.38433074951172,163.24978637695312,103.56326293945312,74.74980163574219,32.47223281860352,60.61197280883789,54.16441345214844,87.35604095458984,15.833495140075684
ZqIJuZiK5-yL-8aGZHGYuNdHWlmhtbRwfLP8B2nzoO4,22.51078414916992,48.5631217956543,26.38930320739746,38.57598876953125,91.53089904785156,23.620981216430664,163.1818084716797,96.19625091552734,73.633544921875,34.355098724365234,61.87448120117188,49.50070571899414,80.27008056640625,15.32343578338623
_CwZV7JjweL1bNgowFMabyvvg2zUkljylkh4qYgiQoY,24.418087005615234,48.7027702331543,27.822961807250977,38.65829086303711,93.7780532836914,24.652936935424805,171.27761840820312,99.64122772216795,79.73435974121094,32.900146484375,61.4893913269043,55.046295166015625,82.92009735107422,16.30095863342285
_GgXggxtTZHMJaQ-QMqtKjHj-yhCTKV9t7B932Dp4Z8,21.80838203430176,48.01464080810547,24.455516815185547,33.01904296875,95.63521575927734,22.610084533691406,159.9864501953125,92.56716918945312,71.92446899414062,32.78789520263672,57.9439811706543,46.122291564941406,78.15558624267578,14.703173637390137
_K5muTPRIwizO66b3dVSwsue_HMFWKRbct0hGMlBfHU,21.45542526245117,48.39067459106445,32.88972091674805,35.73112869262695,106.9996566772461,26.25244140625,165.9765167236328,111.06903076171876,76.22566223144531,34.830745697021484,61.19838333129883,58.57780075073242,88.61488342285156,15.697749137878418
_LTk-GvAMkoOAvMETPr_kc7Yn_IwlKCobBCXFW3NxSo,23.2319278717041,46.28880310058594,29.25894927978516,37.5234489440918,93.49769592285156,25.62820816040039,158.70977783203125,99.8095703125,71.31299591064453,32.55099105834961,58.47535705566406,53.3139877319336,86.47998809814453,16.179777145385742
_NoqTGuJDuoQWkCe0yvPsiv9VH2Msb5-h4qJGaAHMwA,24.254371643066406,50.607234954833984,30.47173118591309,36.270503997802734,99.3597183227539,26.799579620361328,175.6094970703125,103.4146728515625,80.7451400756836,33.20182800292969,63.292266845703125,53.674583435058594,86.1678237915039,16.71164321899414
_ToIEVbMdssywyK_y8n5Cx3IR8U2zzLK93pBjdJ7Y-8,22.7439022064209,44.65837097167969,27.412242889404297,35.57400131225586,87.9968490600586,23.946027755737305,155.551025390625,97.2513656616211,67.6343765258789,32.18417739868164,59.58733749389648,53.310176849365234,76.20645141601562,14.766444206237791
_UYFK5WvPa-P2sVlG6NW-1Y2qvu3qWvmiJerfsvEcuQ,24.134096145629883,48.87833023071289,33.17071914672852,40.79449844360352,99.77428436279295,27.633310317993164,169.0265655517578,103.3892822265625,78.7406005859375,34.80604553222656,62.337982177734375,52.48170471191406,94.53907012939452,17.088293075561523
_VHnxraWanoiApLH0NaIPJqgEKK1kWVxv3nfm8_JNU8,22.934024810791016,45.12834930419922,24.72971534729004,33.712745666503906,82.604248046875,23.04305648803711,166.2691650390625,88.7900161743164,74.53269958496094,31.51561164855957,61.8878173828125,48.09635162353516,68.98149871826172,15.406628608703612
_VOMJJoBpojhwpaLYWGDP6-nJ7byGx6ESNSn1vh_Xyk,23.407106399536133,46.77448654174805,30.326684951782227,39.32402038574219,105.34709167480467,25.51932907104492,165.93995666503906,103.98624420166016,73.38622283935547,34.97198867797852,62.36797332763672,53.23884201049805,93.8216323852539,15.919754028320312
_Z-4wflkRVuwwIJFfD90T2-ueF0s7HxvY-MdQ_0pFPU,21.68791389465332,42.810455322265625,24.69139862060547,32.211769104003906,86.42150115966797,21.72492408752441,154.00872802734375,92.85372924804688,68.92020416259766,31.00784492492676,57.22723007202149,44.96343612670898,76.27692413330078,14.73015022277832
_ZamEJ24dG8_hV3sdbt6iqrWwvT8aUB0zCjq0h6_X-E,22.848857879638672,47.792877197265625,22.34425163269043,34.1185188293457,81.3053970336914,22.08724403381348,160.31634521484375,91.98633575439452,76.154541015625,31.153865814208984,56.78250503540039,45.02669906616211,71.4942855834961,14.415240287780762
_ZbrvhysbFi2QhwTKJwqtb3t3zwDDiMYC01HicsFUWU,23.21974372863769,46.28517532348633,30.33110237121582,38.07557678222656,109.6253662109375,27.551193237304688,163.46054077148438,106.55675506591795,74.42941284179688,33.81207275390625,59.68233489990234,56.06069564819336,89.18647003173828,16.850269317626953
_Zl7SW6NXxa8ZF6BALiIQsWPGrAHlI7HP-jlNJJgMDs,28.008283615112305,52.67021560668945,33.034305572509766,43.40968704223633,92.97532653808594,27.516639709472656,181.39117431640625,107.031005859375,84.85478210449219,33.3924560546875,66.78743743896484,61.24017333984375,86.4028549194336,18.41331672668457
___N-yQ2K98VMoiVyAIsDEB-mM-r-eIaMuX0ihKxeyo,24.378936767578125,46.68394088745117,29.31114196777344,36.29050827026367,102.23240661621094,24.67506599426269,168.22354125976562,103.33674621582033,77.23414611816406,32.61621856689453,61.9527587890625,55.18524169921875,92.62762451171876,15.732962608337402
_o3GopuYnrAIwiRGyiLGWHVzEc4E45tSp0AxxXA0n-g,21.234100341796875,45.78377532958984,27.979738235473636,36.67269515991211,88.72433471679688,24.103076934814453,159.54541015625,95.89414978027344,73.97734832763672,31.5697021484375,58.172245025634766,51.95663070678711,75.47238159179688,15.032920837402344
_qSLVGmt40QMbyc2-29BlaFANus9R6YhfQj7oZuMJo4,23.93752098083496,48.21537780761719,25.02134895324707,37.78487777709961,85.07595825195312,24.882732391357425,165.40037536621094,93.52580261230467,76.81549835205078,32.59062576293945,58.940555572509766,49.32330703735352,70.26798248291016,16.32172203063965
_r5m-6Cs1ruZ6VecGYZlSbNSMDLCVT3wYpjoXQ46NQQ,23.429931640625,50.1358642578125,27.893951416015625,36.99745178222656,93.9147491455078,24.95989799499512,173.83303833007812,99.89939880371094,80.6382064819336,34.19466781616211,62.159549713134766,52.03628921508789,78.19749450683594,15.85348129272461
_x-J8YMlFxdNhTxS7CgWEVrwalRrh9fpCt0D-_22pq4,25.84136390686035,49.26920318603516,43.87842178344727,44.91594314575195,121.1955337524414,29.9819393157959,169.91067504882812,142.25656127929688,78.1046371459961,36.57850646972656,64.63569641113281,82.4486083984375,120.12726593017578,18.324108123779297
a-H1OgNxOqXwXvD_Jg-JNYDUgS-PMNt5pngm9qcmivg,25.337514877319336,48.40554428100586,33.36529541015625,42.273433685302734,117.15520477294922,27.61162567138672,165.7342987060547,125.77010345458984,74.58210754394531,35.90864181518555,63.67179489135742,68.46266174316406,112.6631317138672,16.830577850341797
a27zN_rxs9_WUzl4TsrXOg6W3ztO8D7OlEVSLVa9Or0,21.960771560668945,48.27122116088867,23.93326568603516,31.690242767333984,87.77709197998047,22.10775756835937,164.8914337158203,93.91118621826172,78.38088989257812,32.91877365112305,58.11637878417969,49.01154708862305,75.56283569335938,14.62307071685791
a6C0JXb3FwINuo4m9L-eq9Nql4ky28br0h7l3MZd12s,22.784290313720703,46.13250350952149,27.138961791992188,35.70989990234375,92.7092742919922,24.572221755981445,160.58004760742188,94.61669158935548,72.3738021850586,32.35246276855469,59.11860275268555,48.94964218139648,85.1305923461914,15.38204860687256
aGPoP5addhEekZoCrreB0QhnZHUI2dhvKWwRvgrG38w,24.808977127075195,48.35783767700195,37.84297180175781,41.236907958984375,124.06292724609376,29.38532257080078,167.55406188964844,127.43375396728516,76.23939514160156,37.55245971679688,63.27217864990234,63.4539909362793,113.8374252319336,17.709312438964844
aKCbIlgkgwR0Tv0hD5Y3Reox0bJEgCiqJMVSaIrRKRQ,22.93419647216797,44.48930358886719,26.866117477416992,36.74583053588867,91.93451690673828,22.99692726135254,158.76409912109375,99.82359313964844,72.77276611328125,31.867128372192383,57.323020935058594,51.29463195800781,78.69195556640625,15.00308609008789
aKKwnxgz6__q6Gsnu5h10ZMvUieiKrZxPbNZI2Cqlvs,21.08306884765625,44.77928924560547,25.14364051818848,32.68082046508789,99.05711364746094,22.584407806396484,157.05467224121094,97.83053588867188,70.58077239990234,33.21379089355469,58.69559097290039,48.45549011230469,87.36295318603516,14.251219749450684
aLu6gFXmE9MOBg_BCBJk3IrcDewI4c1P2Nzs5jCcxHk,22.94007682800293,43.632625579833984,32.79491424560547,36.77048873901367,99.31714630126952,26.09286880493164,159.69088745117188,105.12850189208984,72.29130554199219,32.392852783203125,59.31064224243164,58.83932876586914,84.50631713867188,16.77208709716797
ahM-DNugLEwCHl26HWvwVtvrNnBKnV_YqWeKXVgOVpo,20.513442993164062,41.97026062011719,25.527915954589844,32.74747848510742,86.2656021118164,22.19210624694824,147.80374145507812,90.97149658203124,67.47941589355469,31.27666664123535,54.064056396484375,47.51781845092773,75.88623809814453,13.638091087341309
ahT7MEennmiPiDIj0sLEf1_dsYkz2sNdiHVxaYAClRM,20.954740524291992,46.42528533935547,27.980073928833008,34.690467834472656,83.41207122802734,24.441143035888672,161.7584686279297,92.7048568725586,73.53308868408203,31.708892822265625,59.46596908569336,49.20485305786133,73.90848541259766,13.92406940460205
akyAS_GhX2cXENx2vaAIO6YpIbz0uleQzFh63PFBN58,22.865867614746094,48.57134246826172,21.21868705749512,32.05025863647461,83.9004135131836,22.08572196960449,168.52923583984375,85.57371520996094,80.18905639648438,30.962108612060547,58.854339599609375,42.58650207519531,69.2318115234375,15.991613388061523
alqJXcX3mknvjkZRqUwW2rl3GtU0acNIHRLdJ5HpROg,19.242345809936523,45.8613395690918,22.92792320251465,30.247812271118164,78.84310150146484,20.66521453857422,157.4229278564453,80.827392578125,70.12399291992188,32.03517532348633,57.6229248046875,41.9174919128418,66.50950622558594,14.295689582824709
alvViEXcpt6DTJMCIgxAwfPXlieyPGTGoJs62yCtXlc,22.37125015258789,44.73576354980469,30.305524826049805,34.748077392578125,94.76419830322266,24.13204765319824,159.8256072998047,97.48371124267578,74.16419219970703,31.237926483154297,58.34463882446289,52.143592834472656,82.87810516357422,15.424057006835938
asvnnWHmuQD7uWcz24d8iuATkuH7HrdUgv9un6xmb8M,22.52393341064453,46.657501220703125,31.79826545715332,36.06988143920898,109.0575714111328,25.236616134643555,165.12261962890625,99.86264038085938,73.18122863769531,33.021236419677734,62.31672668457031,52.81144332885742,93.03685760498048,16.26120376586914
bEEVIiPPqqwP38kdKJrb5pnbM5L3-1-Q4K0D5R-Xp10,21.48635673522949,47.51300048828125,26.0279598236084,33.6901969909668,82.61907196044922,21.49696159362793,163.0630645751953,87.76680755615234,77.71676635742188,31.503814697265625,57.51863479614258,47.34675598144531,69.68941497802734,14.107810974121094
bKG2xwP1AuFbvdV60lDpmzX4eLm3aqfkBXsNxXa5pvY,24.177234649658203,46.94414520263672,29.031360626220703,39.456390380859375,95.3741226196289,24.812864303588867,168.3522186279297,107.42850494384766,75.17134857177734,31.640953063964844,63.415306091308594,58.36557388305664,83.82251739501953,16.5411376953125
bKYofWY1P4a3avGH_z1BsSWftlVHu9rhanSrNZ4w_lE,22.624698638916016,43.03924560546875,28.03767967224121,37.56194305419922,91.06387329101562,24.12247467041016,160.64878845214844,91.8210906982422,70.80853271484375,33.11232376098633,59.65252685546875,50.42185592651367,71.79672241210938,15.136632919311523
bPt8_7wDTzCAdQrWWxgdyMntD60mmdc0K5qKNu8RR7o,21.64163017272949,46.55488967895508,26.581283569335938,34.38618469238281,90.45177459716795,23.271987915039062,162.5293426513672,94.48253631591795,74.93475341796875,32.18803405761719,59.35857391357422,50.458614349365234,77.26161193847656,15.528368949890137
bXNDG5yJPPqTKSoMPxTrhFaT_slKtuG76Sdd4dNxySg,22.038713455200195,44.13130187988281,27.072525024414062,34.060943603515625,93.91178894042967,24.638154983520508,155.778564453125,101.60018157958984,71.63013458251953,33.102867126464844,57.77133941650391,51.93716049194336,88.61614990234375,14.801543235778809
bYlXPEY7IZJStZHWG77crdDUu2cB9JoZg7PtUrIYBHo,22.72303771972656,48.041107177734375,27.84264373779297,35.403961181640625,92.0136260986328,24.662826538085938,163.79209899902344,98.07353973388672,75.25386810302734,33.531707763671875,59.93433380126953,50.09075927734375,78.27979278564453,16.165489196777344
bj-RhGWY5BnTcaxjvNYJlI6BlEvTlAdZs91pmyQSn4I,26.53082847595215,51.32493209838867,33.770389556884766,40.73634719848633,117.56198120117188,25.314123153686523,174.28213500976562,107.5511245727539,82.0547103881836,34.288272857666016,64.06169891357422,55.70784378051758,104.35868072509766,17.472614288330078
by41W0nzxt4Gf5nAI9Z0Tn6nAkLxmqj1XMQ8thKuxHU,23.277667999267575,49.1656494140625,37.55375289916992,38.57740783691406,125.19497680664062,27.669307708740234,167.37249755859375,109.11164855957033,79.57046508789062,35.87905502319336,61.89158630371094,57.26507568359375,109.16603088378906,16.924823760986328
bzAAtfEYTvcUwHDx_a0yjF5OQfTSli80mnRsIYujCns,23.37540435791016,49.59715270996094,28.16350555419922,35.617408752441406,98.32659912109376,24.73315048217773,162.8158416748047,103.35070037841795,77.04409790039062,34.23906326293945,59.47629928588867,53.74157333374024,83.8681640625,15.934646606445312
c2B5JStYPEIlJ2AETYXBTXjztLgcpF1YZXsbwBJ1fuw,24.16982650756836,51.00395584106445,32.21895980834961,37.75442886352539,103.87097930908205,26.19020271301269,173.3164825439453,115.1170654296875,80.90045928955078,34.52566146850586,64.61522674560547,58.44277572631836,101.6434097290039,15.782042503356934
cVytttxSLrJkJZfDS7mqNACCPRKwCk7a978wWualrew,23.571199417114254,47.6484489440918,30.5683708190918,36.24225997924805,91.01161193847656,25.67182731628418,164.173095703125,98.60289001464844,75.99873352050781,33.31666946411133,59.467166900634766,55.18941116333008,79.21905517578125,15.95764446258545
c_RN0nF9LW71ZYJQnSp8mUN88GQlyQ_zc3QrUUqerRM,23.590187072753903,45.83199691772461,27.062013626098636,35.07545852661133,88.0613021850586,22.532182693481445,160.0478515625,92.80914306640624,76.58806610107422,31.251075744628903,56.427490234375,51.15559005737305,73.35224914550781,14.523638725280762
cegx8Fn3pezIoR4wbP37mAbFvOYTTx4kZrcNnq73cDM,21.69087600708008,47.24559020996094,27.156591415405277,35.9250602722168,107.88814544677734,23.78971099853516,159.05308532714844,108.87926483154295,72.56855773925781,32.918556213378906,58.21508026123047,51.54814529418945,89.54072570800781,15.561171531677246
ciLRduStcoRnAQ-__Qs6QLQWSGY8dxjjK1d0PyYwF-Q,20.94962882995605,47.73208618164063,24.95785903930664,32.81880187988281,88.86255645751953,22.227230072021484,161.95018005371094,88.57616424560547,73.31542205810547,31.415102005004883,59.290775299072266,47.71158599853516,78.52277374267578,15.047673225402832
ciob9bPgUpBxkXNd5QvZSR_TBtrxFuvmhpKmAUTEs4M,21.32288360595703,42.97988510131836,23.413854598999023,29.34883117675781,78.14822387695312,20.971906661987305,153.51754760742188,84.40968322753906,71.7149429321289,29.778284072875977,53.88825607299805,44.19914245605469,66.39185333251953,14.111123085021973
co0d6u57HACMwsmPG-Ijr-xDUrvpBRkEl3L_bIDrWHg,20.703651428222656,46.30179977416992,27.52628898620605,32.285667419433594,84.83793640136719,24.27069091796875,159.4918975830078,92.92909240722656,72.12194061279297,31.32916259765625,57.34330368041992,51.06346130371094,75.25702667236328,15.14409637451172
cpO6yRB1L2n-PLWT8a8Dlx1fTqWZw-KVtRFn1lkoYHk,22.287817001342773,43.59768295288086,31.509191513061523,35.39228820800781,96.26769256591795,26.033355712890625,153.5306854248047,91.88372039794922,70.21634674072266,32.46501159667969,55.75244903564453,52.51914596557617,81.92454528808594,16.99700355529785
croSqECZMhZcVQsRyX4yRDtyImfD-P7uDuvbaNo08hE,24.5384521484375,49.25069427490234,33.49270248413086,38.71261215209961,99.41997528076172,26.980005264282227,171.29591369628906,110.97914123535156,78.8551254272461,32.51630401611328,63.842079162597656,59.25308609008789,89.52365112304688,16.791353225708008
cx7H9JmRginjnpfFsEmrbkaeORyIyI6HnIfHMHDqKKY,25.850584030151367,47.05019378662109,31.020532608032227,36.14684295654297,103.62139129638672,26.259748458862305,161.2589569091797,110.3318099975586,73.36683654785156,32.894493103027344,61.18301010131836,57.75460433959961,109.48182678222656,16.226425170898438
d-D6hRvXeP68ivQLxyl4KmYSzEyzUS5qcqsxrfwl_4M,25.418292999267575,49.19150161743164,30.32676315307617,39.98020935058594,104.8930206298828,26.272506713867188,173.23666381835938,104.4716339111328,81.33061218261719,34.86284255981445,62.23975372314453,57.151248931884766,86.90426635742188,17.621370315551758
d8IIxfYkAh0K6SNriZdI0YWz_6NhefE3nzvLfIMQqaQ,24.83452033996582,45.90679931640625,38.1240463256836,43.63567352294922,117.13372802734376,30.761737823486328,161.2371826171875,118.24240112304688,70.28620147705078,36.014183044433594,62.53078842163086,65.51879119873047,107.78540802001952,18.83155632019043
dPRinhZqztN_Hf264QHnP_0Wg121yQ90oKTvePLyM8o,22.32658195495605,46.28896713256836,28.58380699157715,35.64080810546875,94.05387115478516,23.02129554748535,162.88192749023438,101.20037841796876,75.10800170898438,34.00556182861328,59.53853988647461,55.31993865966797,83.08366394042969,15.288604736328123
dx17OuwfKm5FocfCZ66tMZbAu9cwDFy4bgR-Pdkl6U0,23.01125907897949,48.91539001464844,25.154756546020508,36.59903335571289,97.23680114746094,23.08491516113281,162.44100952148438,101.90892028808594,76.06849670410156,32.819129943847656,58.81142044067383,50.75582885742188,83.50596618652344,15.475152015686035
dx4U9AbZLiHj6R0G_NVAZDWQyZYuhiR7AstECCFnlSs,21.002418518066406,47.51775360107422,26.485963821411133,35.387237548828125,94.94503784179688,22.374988555908203,162.28639221191406,93.5940933227539,76.4065170288086,32.15053176879883,58.03530883789063,49.10543823242188,78.20207214355469,14.03940486907959
e-0lza77JKC-xvdfzGUtaX732xERpAyfyWYVzpbQGdk,19.79476547241211,46.59381103515625,22.74567985534668,32.04816818237305,80.65406036376953,20.68131828308105,157.96890258789062,85.91181182861328,72.5982894897461,31.02585220336914,57.22773361206055,44.49513626098633,66.52960205078125,13.299407958984377
eLjIgnMlJKfK6MIRaGa3HCfnXpM04E09QXkGiCxKJAg,24.10062026977539,47.44957733154297,24.71333694458008,35.64748764038086,87.28904724121094,23.23709487915039,167.02464294433594,91.14764404296876,77.40315246582031,31.52811050415039,59.83592987060547,49.04392623901367,70.95368957519531,14.923077583312988
eRj17yv-E6_O8A3DNw8_DiHgSG1QmP5ztJVJRGBrca4,21.918596267700195,48.133567810058594,27.293855667114254,34.25840759277344,88.78938293457031,22.868322372436523,167.58807373046875,91.58099365234376,75.99539947509766,33.0813102722168,62.08103942871094,50.50735092163086,71.1854019165039,14.833142280578612
eS_E3lqz755Y5RVVv3xILlAD9JMgrqLwWnDkGdehwrc,22.815956115722656,45.97323989868164,27.675811767578125,33.950286865234375,100.35738372802734,23.57513999938965,162.6807403564453,96.02185821533205,73.18822479248047,32.41527557373047,59.6251220703125,47.67233657836914,83.85678100585938,15.647174835205078
eUQaVsLyGr_zoE6EwWwpU6Ww9q5aO932Y5LxH0ViKQo,21.820226669311523,48.01256942749024,23.650619506835938,34.5811767578125,83.81391906738281,22.71745491027832,165.36903381347656,88.06897735595703,77.68984985351562,30.627033233642575,58.16820526123047,45.12455368041992,74.55671691894531,14.844512939453123
eaJoNIErQRATPzMdDYaFMDm48na6oTqp46Z2a_Ttfnk,22.52372169494629,45.14808654785156,25.528413772583008,33.28812026977539,90.1369400024414,22.949729919433597,158.65908813476562,95.05551147460938,70.76022338867188,32.60207748413086,58.93174362182617,51.060306549072266,77.8503189086914,15.591852188110352
eeu2YVfRnEjO9xiVJcnfdYoBq9PQnhywDYR6jE3iuWw,22.67719841003418,43.898193359375,25.586669921875,34.62134552001953,92.22139739990234,23.047155380249023,159.1416778564453,91.75626373291016,70.47763061523438,33.25265121459961,58.409141540527344,45.71767425537109,77.07786560058594,15.333822250366213
enOqRteWy9sBYoAJJFatZC4hglVw_YtG_wRJ_lfJp18,24.881711959838867,49.80477523803711,32.44511413574219,39.895904541015625,117.1470718383789,26.069974899291992,162.88882446289062,97.52040100097656,76.31869506835938,36.46220779418945,59.04003143310547,52.2476692199707,96.27346801757812,16.30103302001953
eonoXwy9pT922SStHe7phTF9E1OmovMGwf4MRYSZ_gk,22.210546493530277,46.056549072265625,25.21196746826172,31.61383819580078,89.12891387939453,23.11081314086914,161.5336151123047,94.3582763671875,74.94082641601562,30.742530822753903,58.43097305297852,50.01292037963867,82.78244018554688,15.071263313293455
epRvNO5VxduN0Jq6Rmz08wIpJyFizXVYOM-7tFJTGOU,23.434803009033203,44.26047897338867,29.51330947875977,39.12034606933594,98.79669189453124,24.898839950561523,160.23602294921875,102.61788940429688,71.1905288696289,31.78224372863769,61.92797470092773,56.4898681640625,86.53641510009766,15.022431373596191
f2UZJQyHw_NOKUw53m3X4NjIFZRCHcWTZ5MQZwdgCQ4,25.12185859680176,46.58387756347656,32.43931198120117,39.972198486328125,99.4080810546875,26.92874336242676,168.09085083007812,112.44104766845705,77.92376708984375,33.10755920410156,60.86643600463867,61.20626449584961,88.23474884033203,17.443084716796875
fFrDCPtjMVOQo6lhZX1j8YB4DI96KbJWvHj9Cfql690,22.73085021972656,48.88708114624024,27.07264518737793,34.85069274902344,92.9804916381836,23.97614860534668,162.42861938476562,90.14704895019533,76.51632690429688,32.08072280883789,58.435306549072266,48.72072219848633,75.07633972167969,15.149045944213867
fLxvU_dTtBOzidz7xh99ICzTaz4wuNFk0oLjCZ8HedA,25.27340316772461,43.314208984375,33.52501678466797,45.64788436889648,112.00745391845705,28.256568908691406,156.26365661621094,113.1897964477539,68.43721771240234,34.965911865234375,61.53465270996094,60.13894271850586,102.46916198730467,18.11229515075684
fNCOPEb3eRNLm061I1hzsThiLSHHdsN6CYo1mqmjxjI,22.24785614013672,45.86875534057617,26.46640968322754,35.46358108520508,82.54508972167969,23.413982391357425,159.54151916503906,94.08645629882812,71.82540130615234,32.422874450683594,56.99091339111328,50.76430892944336,73.54761505126953,14.590481758117676
fOCheDvo1LbFwYLyHekXDBh1b3ph4qo4v8rQKfe4kWQ,32.23896789550781,48.25695037841797,36.064109802246094,37.032264709472656,103.38648986816406,29.537277221679688,168.21612548828125,96.59764862060548,78.34099578857422,33.6353874206543,61.477386474609375,52.3979606628418,93.05162811279295,16.92292594909668
fXGd__IePZib86LwRbqUjSqYohYbZ0-AVQHIM-NVhI0,23.2178897857666,49.4388542175293,25.81102180480957,32.62844467163086,86.42533111572266,22.45332336425781,166.90919494628906,94.7502212524414,79.36930084228516,32.21006393432617,58.357452392578125,50.10991668701172,77.3415756225586,14.865347862243652
fkq68ww6bdyKT16FavI1x_G-u7YZ9SoT1GNMUTSJUek,23.28604888916016,46.11655807495117,39.65019989013672,39.96433639526367,109.65218353271484,29.167526245117188,162.5009002685547,122.02288055419922,76.09845733642578,35.9138069152832,60.19269943237305,71.16930389404297,96.10684204101562,17.54926109313965
fvqectXDzHYCNvs7Qe0MbuYcppwMaAzkcNTbJlrVHDk,23.046545028686523,47.93521118164063,26.07390594482422,34.93949508666992,85.3958511352539,23.793663024902344,167.64842224121094,97.76620483398438,76.1288070678711,33.111328125,61.74951171875,51.81540298461914,75.83552551269531,15.789543151855469
g6Hmr85PdUW_mFEj4Z6MvlTH6rz548RNd8KDtX7k0hY,21.398664474487305,48.9984245300293,27.71674919128418,34.26739883422852,95.2356414794922,23.17426300048828,164.4276580810547,103.60759735107422,76.23294830322266,32.44478225708008,60.84602355957031,55.66000747680664,88.27470397949219,15.542119026184082
g9j8ZQyw5DBZuJAB5unfmqJDFczHNCsOvSMI1LdWaOU,21.83889961242676,50.71266174316406,25.778226852416992,35.51692581176758,84.92212677001953,24.207176208496094,172.5054473876953,94.69231414794922,79.72144317626953,34.79508972167969,61.17316818237305,49.79605865478516,76.23271942138672,15.05528736114502
gAFJ_eBlTPO1L3oJ8cwt6BjuTI2yYCbLZmDvT5wn9LE,21.63201713562012,45.13309860229492,23.37701797485352,34.289791107177734,82.54412841796875,21.917837142944336,156.9896240234375,87.77587890625,70.57427978515625,32.80413818359375,56.70313262939453,47.81141662597656,70.0772933959961,14.295284271240234
gFbNzyPb2KlCUleWkbVt6EJPfHih0db8IM98FlbN3VU,23.79872703552246,51.24664688110352,26.4262809753418,33.6788330078125,95.20281982421876,24.68084526062012,176.55882263183594,92.41814422607422,84.54816436767578,32.07809829711914,61.50779724121094,48.87866973876953,79.90411376953125,15.955839157104492
gFblhzof-gC7PAXXnQ-foacnYnSX9YdOYVOS3h2Anwo,22.978147506713867,46.08536529541016,31.815553665161133,37.70486831665039,109.94210815429688,25.55419540405273,160.0023956298828,115.28119659423828,71.36267852783203,33.857933044433594,61.2564811706543,58.80387878417969,98.5714340209961,15.76429557800293
gUk_2kICkEADy9i8itZo5qQ5UaACL4vcexkA8s-cnzM,25.284313201904297,51.027381896972656,30.059574127197266,40.145240783691406,103.44192504882812,25.141456604003903,179.9651336669922,104.71063232421876,81.6302261352539,34.83148956298828,67.35597229003906,57.99669647216797,88.17579650878906,19.138761520385746
gW8ZU5f2ddM1YXRNfiBgrdKaao8aZCnOxMnILg1AvFU,22.489620208740234,48.550479888916016,23.48088264465332,33.248329162597656,91.80376434326172,22.178491592407227,167.56129455566406,96.20904541015624,77.93934631347656,32.90605545043945,60.230735778808594,50.401947021484375,76.9914321899414,15.392685890197754
gbKNI-wfsvgJR32_PRt5qTLSQhZQyNixqRLFGSrsfc4,21.20141220092773,45.755348205566406,25.480770111083984,32.69297790527344,83.32710266113281,22.081254959106445,162.33815002441406,91.43161010742188,74.98939514160156,30.958816528320312,58.24205017089844,47.30312347412109,77.91155242919922,13.777174949645996
goHc9Rc3JYmvKwlVvNOj_rReVQAEb6augswlammHYfY,22.13438606262207,48.36616897583008,24.804670333862305,34.84789276123047,83.73526000976562,21.350963592529297,165.59474182128906,90.66075134277344,76.70088958740234,31.63963508605957,59.07712173461914,47.14445877075195,72.0213623046875,14.382619857788086
gr1bdyPSd39J9DjfhT4jKHtLR5r4BEmLALNMf0_Kic4,22.89576911926269,46.35734558105469,24.95267868041992,32.05842208862305,89.19832611083984,22.36917495727539,162.80368041992188,94.1702117919922,74.99284362792969,31.961109161376957,58.02262878417969,47.29694747924805,78.2248764038086,14.60834503173828
gvFN9-oZ1kTVAlIyBYj0VsEMgoW6NojEmFUY1cB83lQ,20.78794860839844,43.24903869628906,29.198261260986328,32.735233306884766,89.7815933227539,24.378400802612305,155.39039611816406,95.83638763427734,71.29792785644531,31.976228713989254,56.5919303894043,50.499473571777344,74.87965393066406,15.04141616821289
h2KiedXPLm4R8tqzxd3t9Q8GE77z1QMHtQCQGObkMzs,22.046009063720703,45.15154647827149,24.678852081298828,34.65510559082031,81.62028503417969,22.01927757263184,154.63748168945312,92.53626251220705,70.23664855957031,31.0803279876709,56.21977996826172,47.00993347167969,74.74259948730469,15.13214874267578
h9CrV4Bja5J7GcDHh1nhtwlNL-G2dstWVh1H9MVcwMo,21.82302665710449,48.959747314453125,26.47749710083008,34.21781539916992,97.2742156982422,24.15915298461914,168.7855987548828,103.59315490722656,76.52285766601562,34.728355407714844,62.548377990722656,53.1247673034668,84.4889144897461,14.837007522583008
hHL5Lxcqd34jCxO2g45S16J3J9dqVWxJmM5B0HEmULE,23.05850982666016,49.01681518554688,30.36756896972656,39.38314056396485,103.6672821044922,24.826068878173828,165.84388732910156,109.80369567871094,77.10051727294922,33.92155456542969,61.195556640625,59.41982650756836,97.8067398071289,15.692056655883787
hT5OLBkxFGOwz0k5698gB1lUhTpIkc_vHyBA8Ca1iZY,22.589746475219727,50.89056396484375,26.45938491821289,33.692996978759766,89.58679962158203,23.228832244873047,174.27015686035156,103.990966796875,81.51271057128906,33.6607551574707,64.32551574707031,51.97386932373047,84.8788070678711,14.35151481628418
hW2nKkigYEBoUOo14i3BHifQZLX6rw35VSPoWZxPNN4,21.877939224243164,46.85350036621094,26.405986785888672,35.16099166870117,96.79849243164062,23.509464263916016,163.84056091308594,106.70865631103516,72.57723999023438,33.43022537231445,62.56987762451172,51.78450012207031,91.50355529785156,15.261707305908203
he2J46C3Yu3aEUjwSZiGDffpiIUYTjC2eiFlZld3Dzg,25.09351348876953,48.66347122192383,27.443513870239254,37.59334945678711,90.99691009521484,25.070894241333008,171.1977996826172,99.87811279296876,78.677978515625,32.754425048828125,62.5132064819336,54.70962524414063,79.71310424804688,16.709373474121094
hi6qlhy777TGbwo57JVAK1IwxCpuku2Ks7x4qbVzvUM,21.62141227722168,46.299198150634766,29.629003524780277,34.58488082885742,97.1504898071289,25.40785789489746,158.82199096679688,96.1762466430664,71.6186294555664,35.16129684448242,58.18927764892578,51.860538482666016,76.55509948730469,14.503198623657228
hlYBLwY-wUvLCWi6fGccF18xQgfPH6O55mBqbjlNjL0,22.110671997070312,46.15705490112305,26.82888984680176,35.06840515136719,95.59260559082033,24.126317977905277,160.69442749023438,93.87702178955078,72.25408935546875,32.68889236450195,58.28182601928711,50.29708862304688,73.42729949951172,15.474374771118164
hmYxW39dKkjA6Un1wW5rzTdlT-pfUWyHwnAzQuDRZ5o,22.854270935058597,46.854591369628906,26.70368194580078,37.32658767700195,87.44931030273438,23.31635284423828,165.56748962402344,97.91728973388672,76.12515258789062,32.20451736450195,58.61177444458008,50.64308547973633,76.52101135253906,15.452155113220217
i45bbTSs4418BrHmSgp2-1cYp3Yj9BI6em6C9m4yCsQ,22.07236671447754,46.73481750488281,23.993253707885746,32.30509185791016,89.4848403930664,22.2563591003418,161.24722290039062,88.5745620727539,74.74164581298828,31.066844940185547,57.531837463378906,43.02798843383789,71.07588958740234,14.921279907226562
i5alF92czhmefg8Huuwf-PVqyc2K0YNqgyQNP4sKMPs,23.83885383605957,47.5085563659668,33.328895568847656,38.69074630737305,107.82345581054688,27.064430236816406,174.92562866210938,108.56330108642578,78.64720916748047,34.20745849609375,66.10057067871094,57.43654251098633,91.95996856689452,17.039443969726562
iAId7twJViYUsBFd2uVqfBelqyHlDID2sG1XfGguFHw,23.827489852905277,45.00144958496094,27.150495529174805,37.12639999389648,88.20225524902344,24.81316947937012,159.74278259277344,90.06080627441406,72.15902709960938,33.53414535522461,58.37214279174805,48.62565231323242,77.05923461914062,14.755308151245115
iFpd5co3UXPjUAe6mbPsoFh9aAhq2rYS3p58myDMEPQ,21.25930595397949,42.42623901367188,26.556589126586918,34.31350326538086,103.09992218017578,24.06743431091309,155.66171264648438,103.0809326171875,68.92394256591797,33.26832962036133,58.4686393737793,56.38762283325195,86.22276306152344,15.131958961486816
iSY6QWcZ0CbHmm_7nqSi1q3KcF0uW2PlHGiD4LQcJY0,23.686107635498047,49.18228149414063,27.762243270874023,35.61924743652344,91.8508529663086,24.034507751464844,173.94190979003906,102.5279769897461,82.1402816772461,32.550132751464844,62.2110710144043,52.458126068115234,82.49165344238281,15.087876319885254
iVZJ9LLOQ63cM0IDdxu91zkaTJ0XhUPfIvP6pWpttcA,23.1167106628418,48.02914047241211,33.26861953735352,39.64470291137695,99.04557800292967,27.644895553588867,166.24673461914062,107.81818389892578,74.29366302490234,34.21587371826172,62.3991584777832,58.17963790893555,86.72439575195312,16.025785446166992
iZp1TSwjH76ryDe4NzXD3zZYZ_KDqkTP6MRqBLslvrI,21.065046310424805,43.56473159790039,26.29253196716309,33.35682678222656,92.61638641357422,22.315916061401367,156.48660278320312,94.15436553955078,71.84391021728516,31.337100982666016,57.50836563110352,45.584739685058594,81.21414947509766,14.354218482971191
icoAL0V4eLYR2ZXjKFajM7zpX2c2NoyM-ZOkRzXkJUs,20.08071517944336,46.2177619934082,22.343917846679688,32.178375244140625,82.82658386230469,20.763879776000977,156.62510681152344,87.96517944335938,72.0452880859375,28.62794303894043,56.154239654541016,45.23798370361328,64.07048797607422,13.50048828125
igR2UxyMOcZV8E2hxoVHsrJDwGEv4mOPcIYYL8kgCA0,23.065088272094727,47.731075286865234,26.247896194458008,37.2090072631836,81.10323333740234,24.351268768310547,167.84747314453125,91.6952667236328,76.76343536376953,31.760574340820312,60.668582916259766,52.990989685058594,70.69828033447266,16.461280822753906
jHGOnglb7tVQ1lpD405w8reX2c_i8g927RPa5t3dJgA,22.89303970336914,49.42055892944336,31.47830009460449,39.313079833984375,100.57321166992188,26.97952651977539,169.09271240234375,103.34040069580078,80.47372436523438,34.7917366027832,61.13003158569336,57.24371337890625,85.62140655517578,15.668627738952637
jRVVmniEjFboTrGpJxCsUEV58h5yev-85b1Oag7Kgds,23.08518409729004,47.06293869018555,25.388029098510746,35.62335205078125,86.62699890136719,23.11896514892578,166.44456481933594,91.51358795166016,76.33993530273438,31.12544059753418,60.25523376464844,50.46792602539063,74.68973541259766,14.59693717956543
jZSnwhgdKrST_LKPrB_mkjQ15fZqihhPOuMmXtQPGlM,22.430566787719727,47.02318954467773,28.31438446044922,32.586753845214844,100.0125503540039,24.63897705078125,163.54580688476562,97.68807983398438,75.00794982910156,34.81827926635742,60.510623931884766,52.02357864379883,79.05138397216797,15.635180473327637
jZ_TZuGXQhSV1FrFbgIjHBb-F2ze5pZQTjaO46_PZDI,22.691932678222656,46.97222900390625,32.44194793701172,40.888179779052734,108.3211669921875,27.40697288513184,162.0587615966797,104.93031311035156,73.73014068603516,36.07344055175781,60.37678527832031,57.48308944702149,98.19490814208984,16.823503494262695
jco-xL-ojiou3JkQazEJeWXXRpdKr6vTUzyqMsHdXVc,25.70937728881836,48.62876510620117,47.28242874145508,43.20347595214844,135.88290405273438,33.20252990722656,164.6151580810547,136.21624755859375,75.56111145019531,38.33633804321289,61.30556106567383,71.06070709228516,122.05892944335938,19.70224380493164
jdzOAe8rM_L8GfeiqwYr9xgWfIuoC7G6TmENCBf1xvU,22.427392959594727,48.16563034057617,27.39609909057617,34.08540725708008,94.18579864501952,23.133689880371094,167.4205322265625,93.99867248535156,80.41200256347656,33.114585876464844,59.03118133544922,50.231441497802734,79.44340515136719,14.689743995666504
jj-ymAlKRw4gwssTUjghlxgUc4OSZPQuaAgrGKJGcQA,24.06546974182129,48.56577682495117,30.806541442871094,37.63793182373047,109.4067840576172,25.100549697875977,169.5840606689453,121.16462707519533,76.96434783935547,34.49087142944336,64.14556121826172,60.35732650756836,101.44780731201172,15.905961990356444
k1ak5kJA8W_T3qmJJva8VQBsV4oCHmWFj_uaxq9zE9I,23.07762336730957,44.26222610473633,33.8349609375,38.68377685546875,105.66807556152344,25.883813858032227,160.0552215576172,103.38433837890624,70.97642517089844,33.254276275634766,60.09357833862305,54.245635986328125,98.64327239990234,16.487024307250977
k5LWbctDJYS1eaO_DTHL0-AZhtik4Xcs13GYVAXpj5s,21.87593460083008,43.785186767578125,30.83308219909668,36.44276428222656,107.47708892822266,25.90376281738281,160.7722625732422,103.10890197753906,72.95032501220703,33.15316390991211,60.02325820922852,53.47016143798828,92.22369384765624,16.011611938476562
k6mUYQ--EsUFkUXes7CyUrDDVR0TGGdy3JesOw4muuo,22.210613250732425,46.27344131469727,32.61677932739258,36.1480712890625,87.80652618408203,26.261606216430664,164.7189178466797,98.69752502441406,74.38506317138672,33.314964294433594,60.88851547241211,57.45188903808594,82.68330383300781,15.4353666305542
kFQWHdudWw32Mboxwem7R_l1Ac7AfRDq8lXvnYA85hM,23.27816772460937,44.16788101196289,29.69053077697754,38.57451629638672,98.07247924804688,25.242267608642575,160.44439697265625,104.67070770263672,70.56827545166016,32.46049118041992,61.31454086303711,56.25691986083984,85.91905975341797,16.09367561340332
kIylnWWgtxbfedUMpfR5Ot3-iuysBKh-wHxw0Qwh46c,23.09563446044922,47.51030349731445,26.794065475463867,37.963287353515625,91.29724884033205,22.035987854003903,165.78208923339844,100.84612274169922,74.94766235351562,32.40401077270508,61.90372467041016,56.60248565673828,82.66114044189453,14.230476379394531
kJbq4rY7KCtD0ik0QWdzgPTcAAt4SXHnOOMEstRxGQw,25.162214279174805,48.08648681640625,39.68543243408203,42.67789459228516,115.05499267578124,32.76388931274414,172.095947265625,117.2506332397461,78.65526580810547,36.89850234985352,65.29705810546875,63.12461471557617,106.4714813232422,19.274333953857425
kS2l8BxM3FEOQkITlQkcnXc44EucNbX6pOL0_-l8iZY,21.84996223449707,44.553932189941406,27.1093864440918,33.615631103515625,89.70709991455078,23.920881271362305,159.6760711669922,99.3712921142578,73.55903625488281,32.072261810302734,57.806243896484375,51.7217903137207,79.7455062866211,15.401321411132812
kVM9QASz00QiqQUqerI8IdstVAmfwA4h45LsvqAsvcE,25.715747833251957,50.72941970825195,29.80569267272949,37.18864822387695,99.91404724121094,26.440000534057617,179.32901000976562,105.4782943725586,83.66993713378906,34.17506408691406,66.07621765136719,52.5319709777832,94.864501953125,16.79238510131836
kgpXTC6Xsq50_lio5aem8f1QeSKqK_A9n0inA-1A8B0,23.27491950988769,50.5695915222168,31.061500549316406,36.56389236450195,97.63617706298828,26.083181381225582,170.74993896484375,103.45027160644533,79.59236145019531,34.33877944946289,62.882118225097656,58.29465103149414,84.33988952636719,15.661436080932615
kpJsMMDnIW0Iw7oC5zZySsWphjLg40e1PQodDo2j_1U,21.984617233276367,47.01418685913086,26.65567970275879,33.086605072021484,87.81676483154297,23.20203399658203,159.52609252929688,91.73931121826172,74.5211410522461,31.94277572631836,57.277076721191406,50.15188217163086,75.94095611572266,15.037579536437988
kudcSOvAnm6tS_fEp0t7nRXTS4beirgkhdIMB6YNHSo,23.110048294067383,48.28413391113281,31.256078720092773,36.3975830078125,104.39749908447266,25.975177764892575,166.48695373535156,102.15772247314452,77.4258804321289,33.520687103271484,60.3226203918457,54.97038269042969,90.8091049194336,16.6511287689209
kyz1oqvKhlrRuTU_bXVI1qgTBQkB6FqPDJLRCm7WysU,24.453399658203125,51.0996208190918,31.005874633789062,39.38623046875,106.46385955810548,26.15160369873047,182.190185546875,104.51976013183594,85.2058334350586,32.9384880065918,67.07624053955078,57.41319274902344,91.34332275390624,15.97301959991455
l3RUA6WnT3ZgHcRQ26cTjxHwJhdd1CZhG52_CZR6k1I,22.521284103393555,47.58527374267578,27.924707412719727,36.671504974365234,93.95440673828124,23.925535202026367,168.09359741210938,99.79049682617188,76.03060150146484,33.83871078491211,62.19674301147461,50.50204086303711,81.999755859375,15.57344913482666
l5EVWtfrpHCHEhPFyIVQ4ukpQPaWTCD4A8xKKWVC_-0,21.93602752685547,49.21759414672852,25.784320831298828,34.769569396972656,83.55033111572266,23.45251846313477,168.7148895263672,93.9344711303711,78.11726379394531,31.70542335510254,59.51408767700195,50.79970169067383,70.98445129394531,14.72982120513916
l6-GeBGVeOEiQXIVpFg1JdGUeQFiZmjSiDr0ThLKCFQ,22.231733322143555,46.27718353271485,29.952924728393555,34.511165618896484,91.11739349365234,24.431779861450195,161.6620330810547,97.43856811523438,75.72054290771484,31.403430938720703,57.45847702026367,53.161903381347656,81.0344009399414,15.69239330291748
lLaKUu8T6XGcAi6D6SUxeHWcwyyaBqLr1ZV9QWhll-8,23.80636405944824,49.599369049072266,28.30697250366211,37.56207275390625,93.38866424560548,25.47538375854492,169.30361938476562,101.48030853271484,78.3428726196289,33.72614669799805,62.71824264526367,53.51905822753906,83.74576568603516,16.03995704650879
lUxLaupdCSzNw8q4fe14GroR2HfT3VHUrsgXRzrxlTo,19.51534652709961,47.83469009399414,26.204914093017575,32.55116271972656,88.06958770751953,23.61205101013184,158.07232666015625,94.0302505493164,76.87120056152344,31.317983627319336,56.396583557128906,50.91539764404297,74.48059844970703,15.603228569030762
lWosDwk9v0WlDhLh-pvR_9YLzzzL9T3SmzEIt54NWpg,22.277559280395508,49.68043899536133,23.93646240234375,32.70973587036133,77.11854553222656,21.2004337310791,167.93833923339844,89.18560028076172,79.17711639404297,31.30208969116211,58.549346923828125,45.09417724609375,67.11175537109375,14.936946868896484
lYIW_RGcYd5D7RCfzAn0ZadwEJnbSCD8p-_uq8W4-8Q,21.111337661743164,48.84800720214844,30.411333084106445,35.23611831665039,100.28182220458984,23.45952796936035,166.25672912597656,108.90326690673828,79.06687927246094,33.01397705078125,61.08503341674805,56.05497741699219,90.40519714355467,14.74562931060791
lcbLSCufzIJ9vFTUNBi49vnsYb84DQiJlrX1v6a2wqw,22.411531448364254,42.03828430175781,25.40351867675781,33.57706832885742,88.310302734375,22.525089263916016,152.33335876464844,88.49134826660156,67.5887222290039,31.203672409057617,56.34545516967773,46.38869857788086,73.01872253417969,14.836435317993164
llo3NTj2etefabjXxPXIDQOi885hqO0iww42r4iSggs,20.55772018432617,46.54443740844727,23.243030548095703,31.83329391479492,81.94840240478516,21.00966453552246,156.30340576171875,90.34285736083984,73.86366271972656,31.40909194946289,56.09774398803711,48.48379135131836,71.71812438964844,13.942721366882324
loDW8BPQvxL-u20OmdRtorKTBUD3qagDBzTDsJvnZTs,21.721155166625977,49.82756423950195,29.898908615112305,37.17535018920898,93.17164611816406,25.96369361877441,170.5087432861328,108.13265991210938,78.6718978881836,32.96489334106445,63.80351638793945,57.11014175415039,86.45857238769531,15.48964786529541
ls9fUnK1573pT7Fyf45tVpKpCusT2RsB8UyhMmloWSs,21.53739547729492,44.41530227661133,25.269588470458984,31.20595359802246,91.84040069580078,22.100099563598636,154.8164520263672,92.84771728515624,71.42009735107422,32.67032241821289,54.7551383972168,47.43194580078125,75.8819351196289,14.936849594116213
ltfgjZ159mAtD6e8s-nXozz-iUWaVDJ0WrHt8ogs4aM,22.35934066772461,46.10555648803711,29.07438087463379,35.59599304199219,99.20124053955078,24.91274070739746,157.94483947753906,101.42153930664062,71.16382598876953,33.70077133178711,58.86635971069336,52.06084442138672,88.1695327758789,16.098482131958008
m2Z2lux39g4KvRFrEB5ZT93C6Z2l6ZiXUDnVqL3JDR0,21.74969291687012,45.31368255615234,24.505878448486328,33.79859161376953,91.22197723388672,22.901519775390625,154.98651123046875,94.73367309570312,72.20809936523438,30.761764526367188,56.21246719360352,48.08304214477539,78.72940826416016,14.800755500793455
mS42ublMqtTjVWM-sw8on9NbezTgnSeBQSqv7IXUOss,20.591726303100582,45.58439636230469,25.37035369873047,31.16766166687012,97.90145874023438,22.18468475341797,157.7033233642578,91.61695098876952,71.34061431884766,32.022518157958984,57.31302261352539,43.72715377807617,82.11316680908203,15.034903526306152
mTsjIVTuExMqDOs4rgUWzVrk_s-3Y2syQl4NyccrLbI,20.44852638244629,47.34341049194336,24.039064407348636,31.86064910888672,77.07776641845703,21.042280197143555,163.08905029296875,89.63709259033203,75.01884460449219,30.72551918029785,58.14409637451172,43.76094436645508,69.56553649902344,14.161317825317385
me6W9DDi6oFf_-XnSWBG6DodoIp9UmCyc4sX73d9NUk,21.47549819946289,42.06916046142578,27.49392509460449,36.29742813110352,102.24158477783205,23.98395538330078,157.26397705078125,105.50638580322266,68.9898452758789,33.1990852355957,60.49658203125,54.53190994262695,87.6398696899414,15.621631622314451
meW7irc04rTSjma1qnGWxm0czU9rn_s-d2g8j1DczZE,25.469392776489254,49.77267456054688,32.35380554199219,39.30973815917969,99.89594268798828,27.58945846557617,169.55953979492188,111.13776397705078,78.75657653808594,34.9222526550293,62.3066291809082,60.20539474487305,90.10877990722656,16.656475067138672
mggKD_qrTacSXiWfJBlKFW_9UubvJYtbeJVGPXz_ScE,22.74193000793457,46.9323844909668,28.158388137817383,34.019168853759766,94.0383529663086,23.90013885498047,163.82823181152344,97.60199737548828,75.3122329711914,32.43596649169922,60.1093864440918,51.26083755493164,81.78167724609375,15.793344497680664
moSoucNK9FIMD5_Tg6E9GIyDO-hh_E7PZOgFMRoOu1w,22.204240798950195,48.74100112915039,29.34035301208496,35.266998291015625,94.9296417236328,25.07839775085449,165.84774780273438,103.1721649169922,75.40254211425781,33.77115249633789,61.35717391967773,53.29973602294922,85.18803405761719,15.393790245056152
n-Is4aWHtDfGrZqpwWVO7YjFIZx2yEw2oyt9J8kCks4,21.568470001220703,42.60015487670898,25.57738304138184,32.989097595214844,86.3550033569336,22.90534400939941,156.45370483398438,93.35910034179688,69.08360290527344,33.06879806518555,56.887428283691406,46.76031494140625,76.09247589111328,14.563530921936035
nICeaDBtO_qgPeDvXMpKKieTd16GzfPSMb50AhP5828,23.90920066833496,47.78976058959961,32.555694580078125,40.33819580078125,103.81769561767578,26.76988220214844,165.651611328125,107.38533020019533,75.5438461303711,34.5328254699707,61.64657211303711,61.247589111328125,90.08235931396484,16.060157775878906
nMMHWDost2iUl31BLvWh4NSJXHyJYOwmCtahSJmyiSI,23.06045913696289,49.07551574707031,23.835044860839844,35.85409927368164,89.54290008544922,22.27233123779297,165.6929168701172,90.5453109741211,77.57267761230469,32.847042083740234,58.034210205078125,48.956356048583984,72.55918884277344,14.474920272827148
nNupwm_XMGtXuPI0XoKClyBSW0F_x8ghtyggcx0P4Z0,23.071399688720703,48.552032470703125,24.151927947998047,37.42170715332031,83.68277740478516,22.66360664367676,166.37582397460938,92.5127182006836,77.19880676269531,31.38008689880371,59.546512603759766,50.10384368896485,72.7418441772461,15.227914810180664
nU_YrRd67Uyc4OjJ9yonyyfzsYLBPYVuQq3ACDVJJ-M,22.23978614807129,47.01948165893555,24.647689819335938,34.02019119262695,82.11711120605469,22.645538330078125,165.4440155029297,91.11216735839844,76.4789047241211,30.96719741821289,58.45846939086914,47.20349884033203,72.7658462524414,14.758917808532717
nZUlJ3oSfVH51kquU28D-F9NwL3UjnLsxtsY2y6qXts,24.30314064025879,48.96113586425781,33.913856506347656,41.8670539855957,109.72437286376952,27.534141540527344,165.83531188964844,112.03760528564452,74.33763122558594,36.40070724487305,62.79051971435547,61.8105354309082,96.33212280273438,15.93426513671875
nby1eL0lqv5vd4YvP53ZyxxZIYlwHkES820Jiiz0opo,23.359251022338867,47.06010055541992,28.24768829345703,35.276912689208984,89.77285766601562,24.37581443786621,165.55526733398438,100.3680191040039,75.1177978515625,32.625205993652344,61.0607795715332,52.98048782348633,78.73189544677734,15.360530853271484
nmwUdkQwCmcQiJyo6rrCHuV28ZxXdzKhtDLzrY831HQ,23.23598861694336,47.47443008422852,26.690258026123047,37.74306106567383,88.38529968261719,24.454450607299805,163.6177215576172,97.54821014404295,75.44231414794922,31.943145751953125,59.5573844909668,54.12787628173828,79.98489379882812,15.744138717651367
no9mEnb8NFxLiMBVByg8fUEehgDTcxNt4M7NPIi_gVw,22.780622482299805,47.064483642578125,33.832359313964844,38.85684967041016,95.59667205810548,27.167665481567383,168.39617919921875,104.50589752197266,75.80064392089844,32.69842529296875,62.1685676574707,57.46632385253906,83.50552368164062,16.84636116027832
nz721hZrCwq7GrpohgBOLERaZ2oP-ABupauvqlS45fI,21.96927070617676,45.38597869873047,21.497861862182617,32.91682815551758,81.50850677490234,20.764144897460938,161.16546630859375,88.06640625,72.26541900634766,30.816280364990234,59.91111373901367,44.18058395385742,70.97352600097656,14.482131004333496
nzXOIrME2nqNezEfWx5KEho04ts4yIAklDSTuurjdZ8,21.76693153381348,45.9586181640625,25.771404266357425,33.45164108276367,88.96647644042969,22.06761360168457,156.9113006591797,93.73257446289062,70.85525512695312,33.0620002746582,58.27455139160156,47.85947799682617,79.3759994506836,14.402886390686035
o-_gWQyCnze7uTFo_sg8XmTniRktMdxB4P0EGtKaMY8,23.764375686645508,48.2119140625,26.20712280273437,34.142486572265625,94.1075439453125,23.442934036254883,166.1335906982422,94.97872161865234,78.99269104003906,32.26272964477539,58.041385650634766,48.4054069519043,79.25935363769531,15.837467193603516
o7s58PUTsT5yQd8DXsSetqhtl2BHn-coxbDQIC4PKL0,21.003835678100582,44.67461395263672,23.803041458129883,30.805429458618164,84.76985168457031,20.34953117370605,153.46400451660156,87.79613494873047,71.5334243774414,30.582237243652344,53.95108413696289,44.41133117675781,70.40608978271484,13.764650344848633
o8I7BC05vsyAYnyPOuAj4_XmXRQ9jB_gHDSlzU4zXUU,23.497148513793945,46.95261001586914,29.03644752502441,37.14168930053711,88.6747055053711,23.754716873168945,164.4146270751953,94.17528533935548,74.51566314697266,32.07047271728516,60.75227737426758,51.914825439453125,75.71578979492188,14.992037773132324
o8_091aPCfhmP8-DLu5nr5RXd-uGjUUZSX7Bqj-DcIA,22.475072860717773,49.02997970581055,27.69636344909668,35.42515182495117,93.49269104003906,24.60512924194336,169.5852813720703,100.58313751220705,80.07132720947266,33.174468994140625,60.55479431152344,51.14690399169922,83.70604705810547,16.12318992614746
oI_BOnigfzo5Jsd5owKqNQ1kATGsx3AM4knkcu9Uato,21.329509735107425,46.16512298583984,27.397594451904297,35.0658073425293,94.43299865722656,23.622947692871094,164.44444274902344,98.18383026123048,73.5823745727539,31.604066848754883,60.41414260864258,49.56105041503906,82.09077453613281,14.908480644226074
oSmR2EI7gSPSK6CMthxoVUFU3BJ93YaAMVnCF4EmSz8,22.57404136657715,45.22651290893555,28.939546585083008,38.235965728759766,94.27037811279295,22.51857185363769,156.5620574951172,107.03430938720705,70.79277038574219,31.66904640197754,58.232364654541016,55.78880310058594,88.53125762939453,15.200590133666992
oTn7L_Kt7bdAz045HTeD7Y2ttCliS8s4ZEbzic1Uj7g,23.500680923461918,50.82715606689453,27.35586166381836,36.165523529052734,94.85674285888672,22.822629928588867,177.88002014160156,102.13327026367188,84.00733947753906,35.88688659667969,64.74642181396484,49.71792984008789,80.69010925292969,14.785918235778809
oUuBVZfCJazF-eHB_8vEqHuLJsp_EpzDzEM_ipglDEo,20.76459312438965,43.26788711547852,24.78277015686035,32.40807342529297,84.80025482177734,21.941251754760746,155.40650939941406,87.42253112792969,68.79389190673828,32.547882080078125,58.310829162597656,46.80152893066406,74.36229705810547,14.003663063049316
oWFBFFV2dtIyJFBBpNkjkPQ5nQBChrUWbW6wxMrxYWE,24.899179458618164,46.192012786865234,32.09477996826172,42.29308319091797,116.5086669921875,26.312450408935547,160.17713928222656,111.79251861572266,70.83563232421875,34.64152526855469,63.25697708129883,56.02345657348633,99.95228576660156,16.5618953704834
o_P4XZjstn1eM91yD9l-jZt4i4zQRxyWh2IjXFPvc3U,22.802677154541016,46.27287673950195,26.79509925842285,37.16623306274414,87.96688842773438,24.25470352172852,164.81263732910156,95.26908111572266,73.24854278564453,33.066925048828125,61.20598983764648,51.31496047973633,79.6023178100586,15.168978691101074
oenot-0aaDdOZghQnGD7HJUBTM0mLIfdHyxN_IsrTCU,25.04179000854492,49.24250411987305,35.16277313232422,40.22346496582031,126.10223388671876,29.685604095458984,169.88572692871094,118.33578491210938,81.12157440185547,36.09568786621094,61.09954833984375,62.97036743164063,115.01252746582033,18.16156768798828
okmi0_4jJE4x4oUzQGWqaUr7qAXVZmr0M0sWv-wRfCw,20.94713592529297,43.531700134277344,23.245824813842773,34.278743743896484,83.5262451171875,20.78330421447754,155.2735137939453,90.22814178466795,68.51009368896484,30.93882751464844,57.70332717895508,47.74207305908203,72.32202911376953,13.738899230957031
olebiZEFHBIYnjmdGYj2D11Xweg7woG3LoXZ3xeSfIA,22.918664932250977,49.2009162902832,29.23605728149414,36.51723861694336,100.46166229248048,24.432228088378903,165.43133544921875,101.02974700927734,79.08854675292969,33.155845642089844,59.94636154174805,57.65817260742188,86.78289794921875,16.304309844970703
os8rca5LifuemvkzoB9-axuU67-vtctY_IUwtoC3oQY,21.960325241088867,49.343299865722656,32.59632110595703,36.61183166503906,109.73889923095705,25.20223045349121,174.82806396484375,108.0527572631836,81.97230529785156,34.56111145019531,63.72761154174805,56.19708251953125,98.35934448242188,14.934146881103516
ovNyxkRrq34hkn8P45dbvUPCZg6t3Qb6Iphtrxeqd1Y,25.279008865356445,51.10279846191406,34.75400924682617,37.1328010559082,127.8175811767578,25.908018112182617,177.2017059326172,119.38711547851562,82.00690460205078,35.58348846435547,66.35393524169922,60.39040756225586,114.08458709716795,17.839632034301758
ovnBSPqpMWFe7XvT7u5nWpfi6FqnMUN45JfWEPw5ieY,22.181550979614254,40.56279754638672,30.30594825744629,37.5298080444336,110.78826904296876,24.55618476867676,151.0989990234375,101.64894104003906,65.87413024902344,32.46541976928711,57.79673004150391,55.078731536865234,93.83786010742188,16.939517974853516
oz15nKHCHoQdBfn6TI7s2hgG__qe6NVVjwNYEKf8uLU,25.0161247253418,45.79523468017578,31.68706321716309,36.94423675537109,107.6779556274414,26.54266357421875,157.784912109375,105.65323638916016,73.31407165527344,32.7258415222168,58.568973541259766,56.10396957397461,96.30733489990234,16.623821258544922
p86gFKi4pupsfPfBKxQfGWFRh8bDdRQ7MFJFmDT9b6Y,22.22751235961914,47.47347259521485,23.255664825439453,33.23414611816406,80.97703552246094,21.291540145874023,164.30670166015625,93.61149597167967,76.09783935546875,32.414573669433594,58.60879135131836,48.30020523071289,74.42687225341797,13.710002899169922
p9UBBzONdLw1-ebQJIVkn4mDOHLN0qQx1RnWnqksvu4,22.822586059570312,48.59660720825195,30.88936233520508,37.81315612792969,100.9776840209961,26.38277816772461,165.1325225830078,103.26537322998048,76.6997299194336,33.66437149047852,60.45795440673828,56.24006271362305,78.38139343261719,16.503616333007812
pKRLPLEKQlOAYkS3cSoDzCvwIHDUu83thaeib6rgK9M,22.97372436523437,50.968868255615234,28.1206169128418,35.47100830078125,98.1668930053711,25.318078994750977,170.94859313964844,101.72032928466795,80.43218994140625,33.8940315246582,61.71686935424805,53.035526275634766,88.54996490478516,16.071239471435547
pdXpp5PYFQJ7GLK53JO7ASvIMtofhcr8LJNqMCS4YWo,24.241146087646484,48.73806381225586,30.151599884033203,39.31414413452149,109.50940704345705,24.779693603515625,168.8690948486328,111.25125122070312,78.27737426757812,33.73691177368164,61.60824966430664,56.124267578125,99.25440979003906,15.87600803375244
pencMfrIHPxVhUCSU46MG-GTnQQ2Wi7TADySsumy80E,23.113847732543945,47.94943237304688,26.433433532714844,35.496795654296875,89.01689910888672,22.914236068725582,168.0525360107422,98.91060638427734,76.37112426757812,32.59428405761719,62.29625701904297,51.81718826293945,75.05596160888672,14.328182220458984
pgzn5uA5mmZ0azyffDXXtJb5jnJMN_NeZL3kbGoCnvw,20.22494888305664,45.25914001464844,32.81107711791992,33.48533248901367,107.83118438720705,25.713592529296875,158.82357788085938,105.1231918334961,71.27583312988281,35.24760437011719,59.792518615722656,47.85359191894531,102.1424331665039,16.47494888305664
q68ers8KpX1SPgX0jbGF-cK0SOLGfikQ_tJlyhVGO_Y,21.766254425048828,42.37616729736328,29.940553665161133,36.56689834594727,95.91096496582033,25.13847923278809,154.14834594726562,96.86597442626952,66.6484375,32.61723709106445,58.25102615356445,52.62348556518555,85.18321228027344,15.52047348022461
q8H1M2ZEMD0L5qVG6bYCYULEM9nJ1AnGfSwVD3ZHqzY,22.74043083190918,42.68552017211914,33.35042953491211,37.37007522583008,102.53492736816406,27.90608024597168,155.1833953857422,106.31664276123048,69.02066040039062,34.595069885253906,60.1915397644043,57.622291564941406,89.45509338378906,17.14395523071289
qC0CjHxBS8YG9nJlbKCjTagOLAuGjeh88yhjMdpJTPk,22.47942924499512,49.743953704833984,24.382761001586918,35.89381408691406,86.93603515625,22.58987617492676,172.1981658935547,92.36351776123048,77.0312728881836,31.51873779296875,62.693634033203125,48.68707275390625,72.49910736083984,14.926992416381836
qKH6FInPqriy3flix8U2ftN-0-jcGKl24kiwk9ZTZwM,24.419158935546875,47.24249649047852,43.543216705322266,42.499629974365234,126.02143096923828,31.22073173522949,167.18556213378906,122.388427734375,74.39231872558594,36.49116897583008,65.90441131591797,60.10821533203125,123.0464859008789,17.415042877197266
qO2JJJ3Ee8e_vihSLCUd_lLPfQfBkBsw3tFVMmy94MI,23.298072814941406,47.79179763793945,29.11011505126953,37.12602615356445,91.28643798828124,25.69297790527344,163.30328369140625,103.57151794433594,75.50958251953125,33.42204666137695,58.986793518066406,57.36901473999024,84.1904067993164,16.150123596191406
qS2_LwZ498JjhCo8GH05WxJwGZ0obuoTjp3ZbGZEKWo,23.86539649963379,44.89723205566406,42.4140625,46.689083099365234,130.146728515625,29.32720947265625,162.83578491210938,129.13595581054688,73.99344635009766,36.98744583129883,62.27657318115234,66.42205810546875,128.58609008789062,17.171985626220703
qZ7bhYR_ffKpcpSwBqoIIKCnWKb1wcGqnJaP-iBdGIY,23.981931686401367,48.87394332885742,28.75494766235352,39.749778747558594,98.1478500366211,25.533388137817383,171.52777099609375,99.38436889648438,80.05252838134766,34.50304412841797,61.578269958496094,57.00019454956055,88.49516296386719,15.682016372680664
qc3FfHbr8eUQpyG0rmJ-RY_9IBS_Y5HiPO6S5hmvdIY,24.287073135375977,44.78171157836914,30.65290260314941,38.83323669433594,98.93224334716795,25.27716827392578,161.69931030273438,104.85015869140624,72.4814682006836,33.66069412231445,60.028316497802734,58.60308837890625,81.38408660888672,16.4063777923584
qdsEw-Dvb_xmFa6q7s-GuqdxNzWLX7xR7e3PQfehp4o,22.03485679626465,47.27988815307617,26.442609786987305,34.941307067871094,85.1712875366211,24.072967529296875,165.62818908691406,90.24595642089844,76.29315948486328,31.32215690612793,60.91611862182617,50.11396408081055,73.85126495361328,15.971395492553713
qep3n84aaCKasBgO2BeR31QM8ZpVgzLqezLOAO_k3tU,24.800636291503903,50.947174072265625,29.06730461120605,39.15095520019531,105.38738250732422,26.75996208190918,174.16622924804688,112.64374542236328,81.6939697265625,34.73968505859375,64.6091537475586,57.56987762451172,95.19105529785156,17.09790802001953
qj0NOy4kSIpFvObGgE8skb1QToexAhxbWYMp1-UVgX8,21.34860038757324,46.72909164428711,27.425920486450195,35.175010681152344,87.60517883300781,22.578371047973636,163.44607543945312,97.64151763916016,74.66962432861328,31.3565616607666,59.45417022705078,52.2202033996582,73.44239044189453,14.75111198425293
qrVKaC58VtESle4b_JRoEpCYYt6Kmyooh4yY5RpFmkM,21.867212295532227,49.41083526611328,24.44875717163086,32.71259307861328,87.41625213623047,22.668895721435547,170.4521484375,92.3967514038086,79.1157455444336,31.388038635253903,60.20176315307617,48.50826644897461,71.99418640136719,14.853141784667969
qte7wJiIBIyLyRkpph7yIEKvsPSFXWsx1rKn4K4KNjk,23.953712463378903,46.01385116577149,26.56574821472168,33.67623519897461,93.44954681396484,24.04136848449707,164.2769775390625,92.27747344970705,76.23320007324219,31.958696365356445,59.78991317749024,45.065467834472656,76.61962890625,15.96816635131836
r51xiWOSHi5mURV_03yspWiI8q1wvlXqwlVn88NNcb0,23.597213745117188,49.05826950073242,29.460678100585938,36.55270767211914,94.45040893554688,24.89320373535156,170.70596313476562,104.73074340820312,80.4619369506836,34.151329040527344,61.595584869384766,55.05096054077149,83.50091552734375,15.476007461547852
rFUJ4sAg0xJpMiKyCvjFG1t15y-fUlnBwpCJyti9lHU,21.41926383972168,44.98527145385742,27.81952667236328,35.8616828918457,93.12284088134766,23.75154685974121,163.92349243164062,101.18366241455078,74.65184783935547,30.38288688659668,60.722415924072266,55.22319793701172,79.4583969116211,15.49864673614502
rLy5q5GzDMlUYUv7CAo2X89t0qncU_-j15zxHuxCHoQ,24.83845329284668,48.17896270751953,27.433767318725582,36.43156814575195,98.75115966796876,26.08967399597168,167.88784790039062,101.84215545654295,76.98028564453125,35.604042053222656,62.03826141357422,52.95885467529297,82.81612396240234,16.82925033569336
rQEW2xANPRFnYpwxbKMqPRbLJhObWL6LuXKOnJQmaWw,22.92101287841797,49.37975311279297,27.23582649230957,34.82521438598633,93.885986328125,23.21649932861328,175.4709014892578,104.63187408447266,83.26817321777344,31.761911392211918,63.33431243896485,54.275184631347656,88.22958374023438,15.59076690673828
rbqXSO8r3ptq7WprPA1JX6__MhYsUVsfts58LQjoBfk,25.320789337158203,46.3013801574707,31.580638885498047,39.40740203857422,102.13999938964844,26.708873748779297,157.85537719726562,109.99706268310548,72.58580780029297,33.59882736206055,58.12632751464844,59.13682174682617,91.35496520996094,15.726184844970703
rhUrMSeO7Nb-lPQHSDizeYFdm1ZkYzFozoaL92zkAZ0,20.92344665527344,46.504695892333984,23.47234535217285,31.436182022094727,81.40648651123047,22.14432907104492,163.90771484375,90.7037353515625,75.2032241821289,32.48485565185547,58.866817474365234,44.89900588989258,74.03398895263672,15.12478733062744
ro7fbgrTpvIYxNOi6U2xNVTW0NgXJavWXzbY2gww5DE,21.7163028717041,49.49156951904297,23.87393951416016,35.72214126586914,86.71206665039062,22.123798370361328,166.3231964111328,89.23524475097656,77.49356842041016,32.32008361816406,59.03842544555664,49.811031341552734,69.64300537109375,14.699458122253418
rp_bxD01AdOZy0FS06mBgDSM5Dl6OnRh8IhfyUTeY04,29.52748107910156,43.97020721435547,47.78752136230469,50.42738342285156,129.96762084960938,32.23941802978516,158.03292846679688,142.76507568359375,69.38053131103516,36.53060531616211,63.28712463378906,80.73426818847656,128.8585205078125,19.49695205688477
rqtGE9A1rD3A4SmA9Yqwi30ipbXcpspJpBDoRyiBUR0,24.87328338623047,49.70595550537109,28.623254776000977,38.67487716674805,100.98410034179688,24.866344451904297,170.51295471191406,99.85535430908205,78.79096984863281,34.38118362426758,62.2534408569336,54.843994140625,81.961181640625,15.922918319702148
rsEsfaP1dnCyh9yJzWRO0Ku08gXboR0XWeXMM2BiiGI,24.07697486877441,47.43181610107422,27.780229568481445,36.76306915283203,98.23678588867188,25.6591796875,170.16566467285156,100.90506744384766,77.42716979980469,34.42557144165039,62.06503677368164,54.1560173034668,82.08526611328125,16.48203468322754
rwNErR4KYZAKDumaBGC0fMvhVtJa46wtR7SNo1CmNew,22.89509391784668,45.46097946166992,24.131650924682617,33.82078552246094,87.32462310791016,22.161664962768555,166.9222412109375,93.31220245361328,76.38411712646484,31.3935661315918,60.46092987060547,49.42325210571289,72.14104461669922,14.847466468811035
s54yIZNewRa3lzGAm5m3geWsbCp6MKlTEJ-t5WEeY8k,23.609600067138672,48.30302810668945,27.741804122924805,39.1679573059082,96.4629898071289,25.02165412902832,171.51014709472656,101.4080047607422,77.6936264038086,33.26898956298828,62.786224365234375,52.57948303222656,85.4556655883789,15.969330787658691
s7ogioDf1U8mqqsD7r99clapeOQQfyr55h2X3ap3XJE,23.31996726989746,51.12542724609375,27.789661407470703,36.76457595825195,96.1955108642578,24.809711456298828,179.27069091796875,95.1778335571289,83.90843963623047,33.02949523925781,63.5083122253418,51.29317855834961,82.10382080078125,16.464555740356445
sMKDTMq0K_2kq4Rm3JYEPP9XgLwkcLoEBSBREGgpWWI,22.2745361328125,46.22482299804688,25.100421905517575,34.266883850097656,89.51485443115234,23.719179153442383,160.46170043945312,96.18978881835938,74.25323486328125,31.69840812683105,57.34394454956055,48.47597503662109,83.30272674560547,14.205044746398926
s_KuB0FTrJowaJCSsCAvl-4zKP_oPTv3VjKQlyXI1z4,23.742420196533203,46.271766662597656,32.247562408447266,41.34358978271485,126.44674682617188,26.526742935180664,166.18911743164062,108.6824188232422,77.13230895996094,35.7442512512207,61.373023986816406,59.73487854003906,101.02640533447266,15.821581840515137
sbQvj1s6jkDVhXgQ-r25lf6vvSl0TrHiz6OjVrWpd9g,22.58916664123535,52.718509674072266,32.7112922668457,35.63726806640625,103.54235076904295,26.53915023803711,174.4261932373047,112.07793426513672,81.87884521484375,36.32592391967773,63.5038948059082,57.678016662597656,89.83409881591797,17.557350158691406
sm5DOefQNnBRCVEsUVAvSZyhkEMTrcTwh3hFc2m8v0s,21.050630569458008,47.09551239013672,25.242450714111328,30.960805892944336,98.6719970703125,20.90749740600586,161.4092559814453,90.9272689819336,74.95941925048828,32.48564147949219,58.67011260986328,46.45655822753906,78.90436553955078,14.372113227844238
soXWSXWzuNg6DNTf3hkD4MDkxGtFx-78TcSQW-9HcC8,22.06698226928711,45.93897247314453,24.227859497070312,35.380897521972656,81.68876647949219,21.924537658691406,159.02951049804688,92.44108581542967,72.9617691040039,31.020795822143555,57.26686096191406,47.31546401977539,71.55746459960938,14.40180206298828
srU1eubj5ULw4Y7MtBKwsu2tWtaUfME6nFF6iczt9hM,20.418428421020508,48.28297424316406,26.50421905517578,31.753005981445312,93.1029281616211,22.39125633239746,164.7739715576172,96.4105987548828,76.92892456054688,31.589330673217773,58.84467697143555,46.80632019042969,77.6559066772461,14.551387786865234
szjnIheGm31ZBT1qQVdtNiD8j9DEbpXX49lUJGGoy70,21.84077262878418,42.749420166015625,30.0777530670166,38.07133483886719,92.3815460205078,24.522523880004883,155.16073608398438,108.3803482055664,69.20475006103516,33.17344665527344,59.7541389465332,57.32277297973633,86.4830551147461,14.98042106628418
tKHi87qSvJrSlso55catxSZkeH2nTfQJ-omJ_79mJJ0,23.0327091217041,46.83552169799805,27.833728790283203,36.91348648071289,86.90776824951172,24.35556983947754,161.51258850097656,98.53865814208984,72.13091278076172,33.219268798828125,59.70750427246094,56.66822052001953,78.18670654296875,15.56284523010254
tQF4H5bqlHtSHmmClQxq0JkZ1Rom7piv5U_OutDWA5c,21.966127395629883,48.80979919433594,26.45761489868164,33.362850189208984,84.62179565429688,24.20488548278809,168.41009521484375,92.4485321044922,77.65425872802734,33.275367736816406,61.33720016479492,49.642799377441406,75.97305297851562,15.762331008911133
taY0el3_XhjW7ijwqSr1qz5BLr32IGP4RnWVV54M6mw,22.460189819335938,46.17232131958008,25.10650062561035,34.111839294433594,87.17256927490234,23.32951545715332,162.02940368652344,90.10991668701172,74.49065399169922,31.8469295501709,57.888275146484375,50.53534698486328,73.3738784790039,15.439740180969238
tb08T2fxSToJ6i-7Xh8ezs1aDkWoYFOOSqqI7AVSUQU,21.37452888488769,40.28046798706055,30.174301147460938,35.553829193115234,103.55178833007812,25.02838706970215,148.8983612060547,98.48616027832033,64.62118530273438,33.943077087402344,56.29350280761719,51.05800247192383,88.18578338623047,14.86609172821045
thTDLlx0MuTg3IqWfgAJQPPWksOt-6n3bnTpjJiuUrg,23.100221633911133,49.354042053222656,27.825597763061523,34.740169525146484,91.23027801513672,24.227134704589844,167.36317443847656,95.83922576904295,76.88905334472656,32.136077880859375,60.34913635253906,47.7475700378418,82.59318542480469,15.716946601867676
tkPLFpLLTXN1pQHJLlKRp9ei3qB-rlFviG-8NlZux6c,22.7751522064209,49.30190658569336,24.691625595092773,33.30792999267578,89.5998764038086,22.443235397338867,166.14810180664062,94.0503158569336,77.76100158691406,32.25505065917969,60.18511199951172,48.87387466430664,75.23884582519531,14.702171325683594
tnzCZ2q_Aej8gIWj11YPJLlkCDOEqmDvuLwqyliQL4A,24.76296615600586,49.51200485229492,31.844402313232425,39.12646484375,104.22342681884766,26.437236785888672,179.9644012451172,117.55413818359376,84.28295135498047,34.60185241699219,66.57706451416016,60.47151947021485,95.8279037475586,17.43602180480957
txX1Tky6J40Ji5FT5YmG2djk7o5r_LxjNrosBNqKwso,21.673751831054688,49.35370635986328,25.555944442749023,32.88187789916992,90.83795166015624,23.41816520690918,168.42320251464844,94.27447509765624,77.74581146240234,32.680294036865234,60.85010528564453,47.80316162109375,72.98552703857422,14.310369491577148
tyn9j47LY8cGgO8IP8uP1Vm5Fl6erJ8NlugiCYYaIps,23.40796661376953,50.47300720214844,35.42057418823242,37.57709884643555,111.34156799316406,27.50393486022949,168.47882080078125,110.97100067138672,80.44093322753906,34.4960823059082,61.26473236083984,64.92042541503906,99.5382843017578,18.001571655273438
tyssJGCMBYb9oc9HA0srm3Wn-pmvkuZcYOwGJZ-QTxU,21.30528259277344,45.486759185791016,25.398365020751957,34.634552001953125,84.5943603515625,22.804275512695312,159.83143615722656,94.34422302246094,73.44644165039062,32.00361251831055,57.47932434082031,50.36220169067383,77.88093566894531,14.932591438293455
u-19n5ZqWqhr06xLR-DOLpXuTZ45cUnyQKTNCI5HuYk,22.22782516479492,45.96138000488281,26.97695541381836,37.99745941162109,87.24678802490234,22.79340362548828,159.69773864746094,95.4103775024414,73.26387023925781,31.207916259765625,57.5968132019043,52.19742584228516,76.18599700927734,14.497761726379396
u2VX_rR-b9Ygp5ToLLA8grPCNIFtLlV7lY34UmeWmAs,21.16655731201172,51.58512496948242,26.467103958129883,32.794490814208984,94.78345489501952,23.207374572753903,172.9496307373047,92.5587387084961,83.7788314819336,33.593109130859375,59.01720428466797,47.96641540527344,79.71868896484375,14.363557815551758
uAOOOjHPJ3RXlBmGW_om8GdJtFFic0Iz8IdGGMtit7w,22.03912353515625,45.340145111083984,34.395050048828125,38.71801376342773,120.61730194091795,26.320215225219727,158.24371337890625,115.5122528076172,68.9512939453125,36.86933135986328,61.43258666992188,57.96146774291992,109.468994140625,16.715219497680664
uS4Nlsd6VQjC_MbPDR76MiYZCfgKQsrZG_UwbKzH20A,24.2618408203125,49.41790008544922,37.84214019775391,41.45530319213867,114.27159118652344,28.233774185180664,174.6293487548828,112.7562484741211,79.3775405883789,36.07270812988281,64.86973571777344,61.212890625,101.80828094482422,16.545228958129883
uXi436Vjox-vnD9lTjC-PjqqrwtRzTOmhLa4bhkuljg,23.54160690307617,48.98054885864258,30.26251792907715,37.59494018554688,101.42341613769533,26.15083122253418,169.72962951660156,103.43688201904295,77.21112060546875,34.906150817871094,62.95750045776367,54.33817672729492,84.84050750732422,15.881016731262209
uc-v1U8HMj6nz2aVav24MAHM1D6plrOqyrGqpU7EfTs,24.994495391845703,54.691551208496094,30.59841537475586,42.15235900878906,111.52951049804688,27.379714965820312,177.6001434326172,111.03917694091795,86.28902435302734,36.919189453125,62.95403671264648,65.84098052978516,91.3834991455078,17.003963470458984
uc1Re61ht1q4VOQ-3zxfqpcHB5S6a9Xv5Sba5zlfCus,22.788429260253903,45.72309112548828,27.40177345275879,36.20811080932617,83.17345428466797,24.006362915039062,162.5328826904297,91.12437438964844,74.3516845703125,32.80046081542969,60.19466400146485,51.262481689453125,74.12433624267578,15.24412441253662
uhpH2ejZMnSrQig1lYQYnAR1oADqLRP4gk1gxc7uUVg,22.66438865661621,48.51945114135742,29.328325271606445,38.56621170043945,97.75100708007812,25.393186569213867,167.3328399658203,105.02352142333984,75.22250366210938,34.32994842529297,63.61936950683594,54.36319732666016,89.44953155517578,16.6873836517334
uicBrPyYRi1_A7BeIUg6-tDnn2xFKcLQ1QNKXW341-M,24.297271728515625,49.53503036499024,31.399398803710938,39.89731979370117,108.69033813476562,27.580795288085938,167.31382751464844,106.7180633544922,76.5948715209961,34.03800964355469,60.56969451904297,57.092891693115234,92.71012878417967,17.34414291381836
uk-CtxwNfL2uxYjW-QCuXNC66fHWCTOCB8AmchLLHZk,22.91560173034668,47.56474685668945,27.28814697265625,33.448463439941406,101.29781341552734,23.231773376464844,162.5424346923828,101.23483276367188,75.94710540771484,33.22547912597656,60.18487548828125,48.706573486328125,89.48062896728516,15.971038818359377
un8lHY8pzv7e8SOSo44QLNdPD_PcMp_hHnBEvkCNALg,24.067052841186523,49.18743133544922,29.88535499572754,39.15065383911133,105.33740997314452,24.862159729003903,170.60784912109375,105.11163330078124,79.22280883789062,33.1723518371582,63.0835075378418,55.38066101074219,89.74259948730469,16.471284866333008
upa6foQNb8RjG3rcyAiG0Np9ls0JeJ_nBr0CRoL6I5g,21.656837463378903,47.56344223022461,30.107946395874023,35.16777038574219,95.81107330322266,25.59216690063477,163.08042907714844,101.459228515625,76.84252166748047,32.69584655761719,58.66511535644531,53.6262092590332,79.19486236572266,15.127208709716797
uq4DCL_ezHJURMKCNyYgyF1N2J36sYaBy-zQsrYfIhA,21.6983699798584,45.20317459106445,25.21422576904297,32.37811279296875,81.75006866455078,22.26875305175781,161.1516571044922,87.40271759033203,76.34785461425781,31.14524269104004,56.64368438720703,45.51974487304688,69.28402709960938,14.951851844787598
v1iwkawHa_mvcyShDuvDxHmLngn9qbkak_27bN022NA,21.39679336547852,49.733734130859375,29.535572052001957,33.39891815185547,91.8240737915039,24.130502700805664,170.62271118164062,97.10432434082033,81.50523376464844,32.82967758178711,61.388797760009766,52.43041610717773,83.75464630126953,14.686589241027832
v3PCZT6uKPNea1CY7sdEt32T9eMiuouaGXUx1nwp134,24.26108169555664,48.287715911865234,34.13921356201172,37.06809997558594,105.80731964111328,26.67038345336914,168.64309692382812,109.51589965820312,77.03079986572266,34.5821418762207,61.78400802612305,54.097049713134766,88.84115600585938,16.956613540649414
v82IZNN3sKt0SWeSUQM7c4TOAsem_w9oplTgAyvo6qg,22.924745559692383,46.02140808105469,23.13837432861328,35.0169563293457,83.37869262695312,22.62006378173828,159.24697875976562,92.21625518798828,73.36930084228516,32.33168411254883,57.86906814575195,49.41038131713867,70.07381439208984,14.547429084777832
vHjdwaRY5naOAXKux5fSUNFfUgRqIqfRUXY8v35nVaU,25.240697860717773,45.99995803833008,29.15980529785156,39.12100982666016,92.27375793457033,26.21249771118164,165.349609375,111.4338150024414,75.14894104003906,31.78414535522461,61.48115158081055,59.80277633666992,82.83063507080078,17.12752914428711
vK1-RUhICFZPQ66-rt3Ee3pOShmpzuq2ubSV1I_hdio,20.64011573791504,46.751564025878906,25.476825714111328,34.48737716674805,95.4556121826172,23.6401481628418,160.38014221191406,94.97168731689452,74.28128814697266,32.510032653808594,57.62880325317383,48.05940246582031,80.9706039428711,15.59664535522461
vMhSzosefiIYlQfyz1333UaP8cQszXJlLOgMkb5EEwA,22.96076774597168,47.75025177001953,27.41969108581543,38.15616989135742,102.83424377441406,23.41841125488281,168.38198852539062,107.26245880126952,77.38719940185547,32.725730895996094,63.01385116577149,58.33096694946289,87.16199493408203,14.5877685546875
vNlwWGtfiLjEZWc0BgWoeM6Bcbr6ZtdORMQSCuEovfI,21.89378929138184,47.2315559387207,25.235912322998047,35.49224090576172,88.12205505371094,22.881425857543945,166.44400024414062,98.2566909790039,75.18096923828125,34.08945083618164,60.37174606323242,49.53729248046875,78.19837188720703,15.16240119934082
vP1Sh-jJNg7AjHabR7sf1WRlUEiFa-Gke4hTuQkzhmQ,23.44926643371582,46.42738342285156,36.19272613525391,38.63455581665039,106.76409149169922,26.95266914367676,163.59129333496094,116.72820281982422,70.61613464355469,35.093658447265625,63.61195755004883,58.65031433105469,99.64793395996094,16.178585052490234
vPGGI_Lz5wep4ejoZaE88tytVmP1T_qOEZNtcjmxwT4,21.981447219848636,49.49492263793945,25.707056045532227,34.39097595214844,89.85311889648438,24.24694061279297,165.31851196289062,93.7995376586914,77.53291320800781,34.19165802001953,58.28458404541016,50.66595077514648,75.88939666748047,15.524401664733888
vbZZsZ3TYtTI253SiLaYLGYn-BT6NSlnN-B60PQzdHw,22.58272361755371,45.45927810668945,29.098201751708984,34.604576110839844,99.64603424072266,24.654245376586918,160.73741149902344,100.27666473388672,71.58441162109375,33.00493240356445,60.02522659301758,53.06459426879883,79.00550842285156,15.768057823181152
w4QLak14sViFntYhExx0tM4wy1u7Gp2VWqSbHOgO_Zc,24.5926570892334,49.43247222900391,34.38900375366211,37.3538818359375,108.33525848388672,27.3186092376709,173.39678955078125,115.06844329833984,79.88824462890625,35.43869400024414,64.5788803100586,59.35820388793945,98.13516998291016,17.446290969848633
w76W76Ab73IGN31Vw6kDRj-8VR_KOJsTO-UW1jFFRZM,22.799684524536133,47.4732666015625,28.955455780029297,37.590911865234375,100.02742004394533,24.796783447265625,164.36839294433594,100.65333557128906,75.3818130493164,35.409812927246094,59.693241119384766,52.37728500366211,84.4869384765625,15.392136573791504
wI9uiIebpGwG8SPPz4OvQbeNmnjoo9usVaFVBmE77KQ,23.97651481628418,48.48141479492188,25.33921432495117,35.45140075683594,83.46874237060547,23.790775299072266,167.392822265625,94.65206909179688,75.95870208740234,31.092700958251957,61.27096176147461,48.30776977539063,73.6676254272461,15.732325553894045
wJ6EIiaq6fF357kTbqLVwrFTMl8jXk0rjW4MUbmJDX0,22.2785701751709,48.61661148071289,25.39875030517578,33.346797943115234,91.04907989501952,23.07741928100586,163.4600067138672,94.08495330810548,76.64627075195312,31.99197769165039,58.123477935791016,48.65715026855469,75.66987609863281,14.648780822753906
wo1RxJr9GOOIJx-_rCq-eYHvTzhqR4QfEtxMqNiXSGo,23.14750099182129,47.77265548706055,28.45685386657715,35.9588508605957,85.18177032470703,24.1186637878418,167.87371826171875,100.21671295166016,76.81851959228516,32.7025260925293,61.33015060424805,53.519962310791016,75.28364562988281,15.016572952270508
wsh4PsTD-ZDGz0KGlgGwVpROjGkHUQhaNcHVMhPH2fw,21.36532211303711,45.79181671142578,25.552759170532227,34.125274658203125,78.45237731933594,22.90097999572754,160.73849487304688,91.31609344482422,74.3346176147461,32.337196350097656,57.13135147094727,49.55522155761719,68.777099609375,14.864113807678224
wutFWbhih-orG3VCpSMZt-I-xZoTqfsFuJUDON0YUlE,20.88400650024414,47.5801887512207,27.24567604064941,34.520263671875,89.09475708007812,23.02781867980957,163.7562255859375,96.81417083740234,77.55110168457031,32.38570022583008,58.88740158081055,52.28762435913086,76.8660659790039,14.346757888793944
wwRfbgJAoL-ClUneDMns80rl281NIQN8Vbg9gKbz68w,21.76778030395508,45.435848236083984,32.055381774902344,37.007450103759766,104.70439910888672,25.965717315673828,157.39144897460938,102.46634674072266,72.21417236328125,32.69321823120117,58.55512237548828,55.93634414672852,92.82962799072266,15.3148193359375
wyo56gHJyQO26BfciyAHy7U9Tx2QnhxCIv0tK_rDou4,22.597272872924805,48.89837646484375,28.735401153564453,34.93699264526367,99.7601089477539,24.77378845214844,166.62655639648438,101.57102966308594,76.53112030029297,33.64691162109375,62.03343963623047,52.69902420043945,81.30459594726562,16.209186553955078
wzelHnijeJR7FMP8UAwRHF40JQ-Z9EWkpHSa5MgxcPU,23.15033721923828,49.12822341918945,27.336400985717773,36.91768264770508,94.10730743408205,23.995981216430664,173.47564697265625,96.71508026123048,81.19618225097656,33.69019317626953,63.6575813293457,53.28346252441406,80.2857437133789,15.775809288024902
x1f2s_UJaYPGwtUbwUWwA_KRu6TkqUbomKd-l04lF2M,23.4953670501709,45.050071716308594,34.39911651611328,39.3000373840332,98.37784576416016,27.95525550842285,162.41070556640625,105.01277923583984,73.01424407958984,33.73812484741211,60.077239990234375,63.50884246826172,83.66989135742188,15.71770191192627
x9ThblNEs0d1SG65yjmPYY_sX3fjXL4C2XO5HI-dkP0,21.912437438964844,44.85469436645508,25.73514747619629,32.99135971069336,99.40482330322266,23.049291610717773,165.86715698242188,98.83123016357422,75.45587158203125,34.36723709106445,60.55278778076172,48.97217559814453,90.12506866455078,14.914470672607422
xqSrD3kKSH0jt-tGr4oooGvGQfZkbplgahtlxiuWCIo,22.92402648925781,43.399600982666016,26.598264694213867,34.8953742980957,93.40608215332033,23.64963150024414,154.21331787109375,96.2162857055664,70.0245132446289,32.078861236572266,56.73961639404297,52.6727180480957,77.70252990722656,15.481561660766602
xrH6w3yGFfb_NKebLBvPplwbxT6R0LVLf5541a4hfN4,23.279586791992188,49.13397216796875,25.40616226196289,36.49286651611328,87.73987579345703,23.35405921936035,170.28256225585938,96.5921630859375,77.66236877441406,32.02262496948242,62.21049499511719,51.14278411865234,72.2890396118164,15.182665824890137
y32dEeA-iZr8Pt91kD30sOJRmugAdCm-jzF6aHYt_oE,22.25699806213379,45.85458755493164,29.45548248291016,37.42347717285156,92.77002716064452,24.987621307373047,164.46133422851562,100.85231018066406,74.72521209716797,33.24423599243164,60.0635871887207,55.24803924560547,79.574951171875,15.653741836547852
y7hSR5UpX8vKoYm6nR5r0qusD8pl-sTK-O7owV0VIPM,24.049779891967773,47.38224792480469,35.179969787597656,39.76139450073242,118.36908721923828,26.53139305114746,166.30088806152344,116.98900604248048,75.56319427490234,36.279598236083984,62.20496368408203,61.51353073120117,105.66741180419922,16.90315818786621
yDKNHjVVLnOxD_oBdXqQW1d9SwZDDiKn-VdTJGev_T0,22.19379425048828,48.27309799194336,29.66388320922852,34.32529830932617,99.95494842529295,23.70240592956543,172.48216247558594,104.38232421875,79.65187072753906,33.06155014038086,63.58668899536133,51.06632232666016,85.41654968261719,14.985677719116213
yG8urEXMQwYxRedKdQ0PzhAnG6wRRQ3Qhkcivj4uxSo,23.65789794921875,45.29767227172852,29.60784721374512,37.8843994140625,93.54497528076172,25.701549530029297,163.806640625,95.0470962524414,75.85577392578125,31.38427352905273,58.57946395874024,54.184200286865234,77.1597900390625,16.109134674072266
yI3ggbDDMGbpyUyqLMB2ESSttV7sTcq4Q3sljzli3-w,20.418161392211918,45.21821975708008,26.23566627502441,33.50016784667969,98.42076873779295,20.24951171875,156.3614044189453,100.84725952148438,71.75950622558594,30.360843658447266,58.199317932128906,52.42154693603516,79.27922821044922,13.888994216918944
yNUzyGgE8w454leAPUJyfK-QivWU01bhmGRzYivMA_0,22.00128555297852,45.77318954467773,33.01742172241211,38.99665832519531,98.45452117919922,27.04502487182617,162.1580047607422,101.14449310302734,72.59447479248047,34.63153076171875,60.5573616027832,55.7536506652832,80.1776123046875,15.693306922912598
yUrfQDl6hedEUzSVmkWyRNjuuQUiNhjZlcAY9t-kWI4,21.599027633666992,47.43815994262695,26.35407257080078,33.72822570800781,89.50636291503906,23.0593376159668,164.52822875976562,98.6761703491211,76.88345336914062,32.44074249267578,60.207008361816406,49.65192794799805,80.54296112060547,14.871092796325684
ycUM0ZvcGbWhQZfMY8CsUGDEeKHCVveSPSBvhkmkmv8,22.879222869873047,48.85816955566406,27.15941619873047,36.76909637451172,88.56609344482422,24.13560104370117,172.49664306640625,101.2458038330078,76.79179382324219,34.31290435791016,65.14347839355469,53.54585647583008,82.36825561523438,15.281936645507812
ykOqpg61ldXvylQ93x3YB33HI7oTavy301qEtZXWwHo,22.61515045166016,46.701393127441406,27.506685256958008,38.10189437866211,96.00538635253906,24.67538452148437,166.62977600097656,93.90766143798828,77.13330841064453,32.73725128173828,60.95804214477539,51.38286590576172,80.21479034423828,15.709507942199709
ylydQRqBfuQBAQhD2gWLuWSASwd-yNHmeB7ptrhMz5k,22.204423904418945,45.66868591308594,28.64365577697754,36.18496322631836,100.443115234375,24.991065979003903,160.35250854492188,100.40463256835938,70.94744873046875,34.47148513793945,59.81743621826172,52.07279968261719,93.28805541992188,16.009567260742188
z0o7aFFYBEOC_-IjkRmJDhQhXZMvQnU-KGDfHH61XKc,23.146699905395508,47.78142166137695,34.473480224609375,38.74565124511719,119.68637084960938,27.91383171081543,167.26898193359375,115.0902099609375,77.17965698242188,35.42595672607422,62.46596908569336,61.81718444824219,107.89334106445312,17.036579132080078
z1Cj8-tPo7XuylEL1c1i8tcUCuQqRBQpmxaGq6HXPG8,19.99632453918457,40.240684509277344,22.87777137756348,29.135648727416992,88.13021087646484,20.89912796020508,140.86045837402344,88.25472259521484,62.69871139526367,29.71816062927246,51.36598205566406,42.8319091796875,76.6415023803711,14.52991771697998
z4s4b8bsC7hQF46iowvWZErMqEkCg5FbcD3UBMBDuAg,21.242549896240234,42.923606872558594,24.327211380004883,29.180259704589844,79.58963775634766,21.977840423583984,153.13856506347656,85.5969009399414,71.86965942382812,30.079818725585938,54.1782112121582,44.42744445800781,69.15973663330078,13.957661628723145
z8g60Y6KbwOUy4E9IISAHFzScXC51KTI7rzdiJ7bcek,23.118240356445312,46.26607894897461,40.170555114746094,39.945594787597656,117.77503967285156,31.566770553588867,158.902587890625,110.93606567382812,69.99989318847656,36.71368789672852,60.98539733886719,59.58974075317383,101.95063018798828,17.777856826782227
zEfVsePe7jAH5Sp23gybvRDHGq88LOP8Yg8asBY2Dec,21.115095138549805,44.3494758605957,24.13180351257324,32.014427185058594,90.65814208984376,21.99031639099121,155.6548614501953,90.79885864257812,70.56444549560547,32.0457763671875,57.091270446777344,47.96091842651367,70.2940673828125,13.925698280334473
zaGYbH8QUOj6VhRSv2ibTYSKUZ05kNNObVcy3GTtOsQ,23.585783004760746,52.50159454345703,25.72873306274414,35.21092987060547,88.783203125,23.744245529174805,175.75880432128906,98.00054931640624,83.12852478027344,33.637847900390625,62.73481369018555,51.45367431640625,75.16429138183594,16.130231857299805
zds1X5WYB1qKkZepOtxgzod7uPtX-dghjHUf5GGazOU,24.982481002807617,48.52227020263672,34.317779541015625,41.46994018554688,116.88632202148438,27.30430221557617,171.07154846191406,123.51605224609376,78.03317260742188,34.15291976928711,65.01585388183594,65.29249572753906,110.30490112304688,16.53785514831543
zqMxSbvyEBwZg0jFcfMR1B9fAq86pFKwQuOQ_Kjz_Lo,28.004796981811523,44.60283660888672,38.30356979370117,43.04004669189453,122.89946746826172,29.01533317565918,158.80853271484375,126.03997802734376,72.81121826171875,35.39149475097656,61.16059494018555,67.77189636230469,115.62171173095705,18.36507797241211
zrydWW1YldsSPK0Dey0YMyjPCF0jOvwBTfofxzTnNQI,22.5046329498291,50.35205078125,25.394594192504883,34.00129699707031,87.90978240966797,23.449825286865234,164.98497009277344,92.6561508178711,76.77003479003906,35.27273941040039,58.37508010864258,47.03644180297852,78.58944702148438,15.806385040283203
-JtWlHEvrLPWagPaAhm0eQ_UKMSg8By1yoe-SkdrKSs,22.73997477122716,46.19904123033796,26.39884213038853,35.11439595903669,97.7441678728376,23.393059049333846,161.3834718976702,98.0668558393206,72.13539096287319,34.74968269893101,59.79029178619385,52.04252651759556,80.64759526933942,15.284669228962487
59bc275a681516389ccf40e1,23.13017681666783,51.3592905317034,38.39021537417457,37.20325415475028,134.9065893264044,28.422563280378068,175.9433099655878,132.08888244628906,84.54405684698196,37.61085637410482,65.51759955996559,70.10484531947544,118.41283562069847,17.131569090343657
59bc275c681516389ccf41b9,25.31557403291975,51.96585587092808,38.02993065970285,40.908588545663015,127.57954488481792,28.610597678593223,176.03356007167272,128.20696476527624,82.10541098458427,37.657730511256624,65.13112122671944,71.40823663984027,113.05596433367047,17.492158344813756
59bc275f681516389ccf42ec,22.22287741161528,44.21394511631557,26.048399425688245,34.73269507998512,84.43068331763858,22.561358497256325,160.42389133998327,95.10333578927175,72.54532877604167,31.2867245447068,59.51681827363514,50.58447683425177,73.50491333007812,15.583094278971354
59bc2760681516389ccf4304,18.998859405517575,42.09636497497559,25.19775390625,33.26693344116211,93.1524429321289,21.594550132751465,148.010009765625,87.64439010620117,66.26359939575195,31.493807315826416,54.52243518829346,48.23238658905029,73.60356330871582,13.526535749435425
59bc2761681516389ccf438a,21.929271574943296,46.81364416307019,28.971729401619204,35.57532894995905,101.45740828975556,25.32084569623393,159.99925527264995,102.03497978948778,73.05806559901083,34.14656706779234,58.691562775642645,55.126583345474735,83.61842543079007,16.367672274189612
59bc2763681516389ccf445b,23.450463189019096,46.34770075480143,28.70550127382632,36.26687282986112,91.63456754331236,24.28294026410138,166.10733992965132,94.34092599374276,74.03203017623336,33.19389357390227,61.974859873453774,52.02706315782335,76.73911963568793,15.850391741152164
59bc2764681516389ccf44a5,23.4678759941688,49.40693004314716,28.969657531151405,38.21886678842398,96.36772595919096,25.81796227968656,168.81479175274188,94.036378126878,77.00369468102089,33.77667192312387,62.93668350806603,49.09605026245117,81.34627268864558,16.876475994403545
59bc2764681516389ccf44b8,25.25221443176269,51.16746520996094,43.165618896484375,42.25622940063477,118.80253601074222,31.95062828063965,176.16387939453125,124.68508911132812,80.83412170410156,37.15875625610352,68.98287963867189,69.14961242675781,108.52571868896484,19.206802368164062
59bc2766681516389ccf4570,21.58945811878551,49.75622974742543,24.950647180730645,33.54850769042969,88.11738031560725,23.004562724720348,168.35964410955256,95.3117342862216,81.28732646595348,32.6599155772816,60.19349601052024,52.60036329789595,78.53556130149148,15.56020147150213
59bc276f681516389ccf48d4,22.53818633339622,46.93665232802882,26.495712222474992,33.83535639444987,90.81800079345705,23.81358932726311,167.17434091279,94.8620069099195,75.47904505874172,33.149922688802086,61.98678138039329,48.3836064194188,76.19794787782611,15.744419907078598
5a1c4633e7cb790004827642,21.11101722717285,45.2601432800293,24.182870864868164,34.747726440429695,84.38479614257812,22.437095642089844,157.56373596191406,90.03389739990234,71.17322540283203,31.505733489990234,57.52117919921875,47.44728469848633,69.50443267822266,14.132112503051758
6JfuBS-duD_BLzV6gxsQjcPc7gv6mgQBTuNzdnp6gfA,25.101114749908447,46.00689247676304,36.018396513802664,43.545895031520296,116.80366270882745,28.71763038635254,164.6748390197754,112.64590563092914,73.58409799848285,35.211478914533345,61.317353521074565,65.26550647190639,99.61196190970284,17.855138846806117
6PTzEsHtIS7BmBGKDa9YNJNB__vpQwsxFrKi3EF_d2Q,21.4978940425775,51.84791056315104,22.74645233154297,31.98250080988957,81.7645259759365,22.19691002674592,176.53240497295673,88.14900950896434,85.91909653101212,32.2844001574394,60.80210045056465,45.55023036858975,68.60217813345102,14.423040634546524
6Xz1aGZP_g084xrBEy0UYJjzozZhj3G1wx_cFS9q-UM,23.00340909543245,47.44310196586277,31.879530699356746,36.91329790198285,112.22760076108186,25.11063360131305,167.30829388162363,115.56357342263928,77.49918398649797,33.80503944728685,62.64660428917927,55.56568195508874,104.13230431598166,15.836909791697629
6xSAqvQy_Z-Us1pkj_VDz5A-AZaIveMqaVDT-zuO-nE,23.229475021362305,48.040489196777344,27.33776092529297,34.20138168334961,91.72704315185548,23.53310203552246,169.6326904296875,103.0334930419922,78.59382629394531,34.797924041748054,61.92856597900391,53.62362670898438,85.42405700683594,14.969315528869627
7Grk1NNK3XYiCjt1lfobViSPIzrXCiOADVp7vvhCa_k,22.717173894246415,42.70625661214193,30.41869913736979,35.73214518229167,110.90323994954429,25.701096979777024,156.97916564941406,102.24608459472655,68.71905466715495,34.288596089680986,59.4697380065918,54.252490234375,98.420974222819,15.36235631306966
95mZGlSSMrgK7GkSX_xfx_jAMlgsojYhlbOIhxdGoVE,22.500428676605225,52.1617374420166,27.843544960021973,34.48959255218506,100.50688362121582,26.04114055633545,168.81137466430664,100.3785915374756,81.66708564758301,34.689659118652344,59.4821195602417,53.76916980743408,81.50304412841797,16.724834442138672
9T0rg9AnasRkTw_sUPRRI-9rcZNFxv71DT1dMqY8UGA,23.05315802647517,46.826292478121246,32.77848008962778,39.61424842247596,98.0469260582557,26.484315945551945,162.83688471867487,109.82260748056264,74.78288855919472,34.28641084524301,59.86740552462064,60.82517447838416,85.89048649714543,16.40879014822153
Ajn0E-3juN47I6dkxaN3TiP_VVDioqI5OEBdFop48tI,24.16443519592285,46.48722114562988,28.158482933044432,40.242387008667,98.33932571411133,25.460982894897462,166.74480590820312,96.17027282714844,74.19152755737305,34.4576171875,62.6844898223877,53.77231712341309,77.3151138305664,16.138604736328126
DF_TvDglB-jDlNiMHqrOyzMLB4dvQwkwFp_WEpXc5Yg,21.60187135423933,50.63703482491629,28.840106964111328,35.05410739353725,93.72027696881976,24.608908244541716,172.33225577218192,103.15316717965264,80.77750287737165,33.63980565752302,61.92130661010742,56.63099316188267,80.4006827218192,15.903166907174247
Emel-lHVBvlLuD5uIvHVc3k8-1jsv0Uad9NRjsjrkKQ,24.33893394470215,46.21139907836914,24.18675422668457,37.67805099487305,89.51002502441406,22.56557273864746,164.51492309570312,90.9089584350586,73.70159912109375,32.907283782958984,60.95741653442383,51.51319885253906,70.45824432373047,15.354081153869627
JQdy-88z-nwoTsWK0MBddftPtzxSNC6pxN7Iel4oScQ,21.332627402411568,50.08481894599067,28.4957947201199,34.17551049126519,92.14131469726564,22.760431586371528,167.20062255859375,97.42554677327476,78.28036329481337,32.4558592054579,60.31913350423177,52.63429438273112,79.82674407958984,14.58132298787435
NUDNE9WoUBzxlMEe1LQa4gz-xUGpIFbXnDs2eW3NJhI,24.999798366001677,50.24070794241769,29.51528821672712,38.04690170288086,99.71060725620816,26.29391779218401,168.80369131905692,108.25816563197544,79.12088448660714,35.11195319039481,61.76496669224331,63.85529981340681,86.56409563337054,16.873212814331055
PIZ1cRaUw7gN2AHaIaE6UPVAnuAq-6LR04I9pkj6FLo,24.548502071483718,50.62835002589871,28.761961292576142,39.2898719375198,93.78097121779984,25.34022197207889,173.74991380846177,94.67541771966056,79.79389891753326,34.38223338771511,63.414236738875104,52.20494760049356,78.14131576950486,16.810416247393633
RdU37isT98Jr1e9DqgrjHCl5gBYI1lDJtt7n7QdhFr4,22.05774491833102,43.94066952120873,27.163634392523,35.133787339733495,98.02106549662928,23.2818123602098,159.1188738423009,98.20642434397053,72.0784897342805,32.23889369349326,58.6053220687374,51.83018530568769,81.27308925505608,15.021616720384166
RiUtVC888GhxiPPvh_EVBY5JLaXi5qWWK94tkNVeHbY,23.90708287556966,47.93081792195638,27.87419319152832,35.94906743367513,104.11199696858723,24.639652252197266,172.11468505859375,105.3911844889323,77.14454396565755,32.82927322387695,63.80980936686198,56.43532435099284,86.60416412353516,15.677825609842936
SJ47wUVOSH7IsveBnaFMvOhunNN_vK-Q0JxKIYsBDBA,21.46863419669015,45.17896525065104,25.77782658168248,35.85015415009998,80.19865344819569,22.35603841145833,156.02218337286087,91.36277952648344,71.10574522472564,30.343260810488747,56.907547360374814,49.45640963599796,68.48870667957124,14.234790302458263
TlIG_3sXZLuH7T9nQMivDNnzJn4fFYQy1P0KqC3ldUQ,21.799072699113324,48.870905269276015,28.090523979880597,34.70687137950551,101.43885387073864,25.173789371143688,164.76496956565165,94.5334753556685,76.25013767589222,34.678315596147016,58.79351251775568,49.56666495583274,82.4649727561257,16.069881612604316
Ukvlhaesp0m8DIMdAx9QT2HPOrNbrOsz88AuMsOveXc,23.41582717895508,47.35348790486653,29.386381657918296,37.80374526977539,101.5721430460612,25.228377024332683,167.3542673746745,101.77014363606771,76.08184204101562,34.07174784342448,62.21802597045898,52.39657287597656,83.9991241455078,16.299750645955402
_HHaGa0t2JffDt5OlyfmnroNlgj2vxmp2_MlA7uarDU,21.671064890348,49.59425574082594,25.434111815232495,33.76484973614033,81.69197757427509,21.991797887361965,170.85306196946365,94.62612738976112,78.96820655235878,33.810282927293045,62.1717953315148,50.730346092811,73.24810908390926,14.506988121913029
a0iE7PPHJxEy8GXFpMtwTdy5QNfOL8F8oB1XDoNi7jI,22.152681623186385,47.31498827253069,29.47341755458287,34.54245104108538,94.19776480538503,24.355735778808597,167.52408926827567,100.1192114693778,79.47147042410714,32.36613845825195,59.20343562534877,55.30181394304548,77.85377393450055,14.902806418282646
an68KPiV2AF5miGBG1uFJ5V62AqEkVCvmv_4UhvMmk0,21.88314692179362,47.02155049641927,24.9102414449056,30.770888646443684,86.05005645751953,23.6339906056722,162.0205535888672,85.51158650716145,74.33329264322917,31.69594955444336,58.43586349487305,45.15343348185221,68.33713785807292,15.458322525024414
fH5Ar9JCMOjv0J61UJlT-PnhGh6R2Z3xWHFldJ7I8a8,21.17295519510905,48.61926015218099,23.578033447265625,32.9700050354004,89.98917388916016,22.829291025797527,167.9800567626953,92.12561798095705,79.34583791097005,31.251340866088867,59.56709798177084,46.05216344197592,76.29455312093098,15.936302502950031
fKDrVNXxjZ9Y9A-iLCwppvYitS4zHXPB8Oa-W523kXQ,21.119068145751957,47.21040344238281,26.51019096374512,33.15081787109375,91.29849243164062,22.88995361328125,166.82395935058594,99.0720443725586,77.10115051269531,32.35831451416016,61.27036666870117,49.78347778320313,78.8883285522461,15.062088012695312
fUgWXoKIlc4DVwm0UIqSDLRA9WtjI5dhoo7OyzMvf2g,23.57607235628016,47.07207892922794,26.50922562094296,36.124946145450366,90.66019484576056,24.096200045417337,171.03372192382812,96.51573495303884,79.36500190286075,32.42384854485007,62.50080624748679,49.7532745810116,74.06732895795037,15.558675429400276
gfOnViSX9AGNiNRSILjuf5pri_P9P7f3ss5RgKIN364,21.033287048339844,45.02104949951172,23.30365562438965,35.558223724365234,83.36559295654297,21.39267349243164,155.86618041992188,87.74188995361328,70.36375427246094,30.7011661529541,56.47700500488281,48.6785888671875,69.73325347900389,14.346129417419435
hjG7-UJ-SuVAgiJ3WEgKdS2nc7fAwQ7iXJCP5oS9omg,23.33478021621704,47.47427201271057,33.588433265686035,38.96971654891968,112.17929601669312,26.234323501586918,170.1250514984131,109.13632297515868,78.730215549469,35.651814460754395,63.74955320358277,60.30969548225403,99.83424186706544,15.683738589286804
pKKAZWxojdBbyA2c8wfgdxHnCNqVypehWNiBlKx-iLM,19.378039286686825,45.53362919734074,23.261599907508263,29.93946544940655,81.54842552771935,21.477407455444336,154.70511685884915,83.67157041109525,72.47373375525841,30.75268085186298,54.3998157794659,45.03930957500752,65.90503399188702,14.03104833456186
pdCgKful2WPOp1lYfGfHxhfjqK0cHU5DxC-WsJHAqvc,22.66346549987793,49.672889709472656,26.53338050842285,34.20834350585937,96.95018005371094,24.01754951477051,175.30799865722656,96.47663116455078,82.6083755493164,34.5738525390625,63.35382461547852,50.02968597412109,76.26789093017578,15.95995807647705
qR6MuUrdeXdoHbvy6y-uc78PRQe1wUvQ0AB2O80PIx8,20.62705535888672,45.62875671386719,26.358561325073243,35.903465270996094,89.99101257324219,23.01161918640137,164.4202423095703,92.25883026123049,75.0459701538086,32.77209701538086,59.39304428100586,51.31066055297852,78.73377990722656,14.124059295654297
0PghUpgAgKJiVgHZpWydh6WqIYKYTlzV-5QR7eSR318,21.77333641052246,45.142459869384766,25.588623046875,32.98347854614258,85.88672637939453,21.981809616088867,157.48838806152344,89.68531799316406,72.31201171875,31.20779228210449,55.746341705322266,46.05998229980469,72.43788146972656,14.523147583007812
0QW7SNzqmRooRGXql2nRJG5HmfgDtvxaxDcovjh9DRQ,23.12195205688477,47.71757888793945,27.69164276123047,36.39712905883789,85.08468627929688,23.563514709472656,165.29489135742188,100.69447326660156,76.83104705810547,31.61387252807617,59.997318267822266,52.05490112304688,76.60395050048828,15.654763221740724
0RRTDLueddykSM_-MbQYeCfx43VR1uf19kN8n6L7sJA,22.359691619873047,46.87937927246094,33.30122756958008,35.57838821411133,114.84844970703124,25.25346946716309,165.5545196533203,106.57933807373048,75.19869995117188,33.3183708190918,63.20112228393555,57.0789680480957,100.17544555664062,15.805895805358888
0ix2B0qPwwgPAyBJM88yn6Wkhl6oLxhlUGOkN8jpt9c,21.690732955932617,41.974891662597656,28.804039001464844,34.199302673339844,87.25470733642578,23.022777557373047,149.0418701171875,94.16708374023438,65.35672760009766,31.211349487304688,55.351295471191406,52.84178924560547,74.2178726196289,14.346322059631348
1AJevVtpMGE2aHjT-G-uV1tCgLvUtogrEeOXGtYr6lU,21.78165054321289,50.13839340209961,21.33392333984375,32.83538055419922,79.5496597290039,21.48011589050293,168.6397247314453,88.93309020996094,82.1096420288086,29.833681106567383,57.75642395019531,44.74565887451172,66.49908447265625,15.28766918182373
0TB8jga-bvUKDzamFAMxKP2Wi5FZbz4CjoDbaJR5rL0,24.85580062866211,44.224884033203125,29.65568923950196,39.718109130859375,93.6969985961914,25.61432838439941,162.92210388183594,98.0520248413086,72.14405822753906,34.61125946044922,62.60725402832031,54.651329040527344,80.22688293457031,15.882019996643066
17dftzvsFs0G2o7C68pLFPFXDCFUoq3Ly0JItV_LAxE,21.834457397460938,44.90415954589844,26.14285659790039,33.49803924560547,86.39918518066406,23.903568267822266,160.7417755126953,92.91204071044922,71.58486938476562,31.535551071166992,59.606422424316406,47.81537628173828,70.2099838256836,15.168564796447754
2FXVWCFPSgSqnTSjOif2Z8s7GaRfe0GaD9eJfktnGkU,24.5224838256836,45.44686126708984,37.47919845581055,40.53752136230469,117.91885375976562,28.796804428100582,163.6241912841797,115.68265533447266,73.21007537841797,34.70831680297852,61.85999298095703,59.05472183227539,102.89959716796876,18.21899604797364
26gnWpM3ws3ugDnBWRUn014NPtZIw28y1W6lZHSpRk4,24.142162322998047,45.31165313720703,27.45460319519043,37.98824691772461,85.59555053710938,23.804622650146484,167.2351531982422,97.61447143554688,74.90335845947266,33.308345794677734,61.61816787719727,51.595211029052734,73.61280059814453,15.08150863647461
1THGPmtU9KHCGD7ez1tG3OzJ8mhohHH54gB7AHMtZWE,21.91293907165528,45.03219604492188,29.61522102355957,38.28946304321289,93.50924682617188,25.82368278503418,158.90960693359375,102.62230682373048,70.5212631225586,33.48685073852539,60.33341979980469,52.43187713623047,86.88711547851562,15.548578262329102
3lqFXTxm9s3cltziV-MU0Ru7SIFr1crgfkpYlty3_8o,23.64725112915039,46.91213607788086,28.125293731689453,35.96686935424805,106.78352355957033,26.735332489013672,160.23094177246094,101.3183135986328,74.26028442382812,33.8056526184082,57.62715911865234,51.2707405090332,90.3343734741211,17.665124893188477
40jyjsY-6305fXhV2zgB2kzDoJ-oAOiEJFzFgPsHaXU,23.45267677307129,45.45943069458008,23.90740394592285,31.19521713256836,93.950927734375,22.38926124572754,165.28773498535156,91.75447082519533,75.07516479492188,32.49729919433594,61.27495574951172,41.694637298583984,82.23079681396484,15.305133819580078
2aJQIOdBbvgYWOXDRTI8J1oInWp27begNBGx8LNRYGo,23.576379776000977,44.27771759033203,29.2929744720459,35.95082473754883,102.427978515625,25.44732093811035,159.9240264892578,100.52873992919922,72.08491516113281,32.849639892578125,58.6887321472168,52.757022857666016,82.02029418945312,16.141162872314453
4PHz7YSvqsSLBdU2XPf7lh9ORQC-0B-dukLIG4PxS48,22.45323944091797,42.83262252807617,26.24311065673828,37.13792037963867,88.35684204101562,23.533388137817383,158.4844970703125,98.42938232421876,72.45860290527344,31.007463455200195,58.23748016357422,51.30093002319336,76.08182525634766,14.395955085754396
4QBR34Xt4joslUTlYKpR0cRqjd3xWW4r3-BQBDxTTzo,22.30153465270996,49.82426071166992,31.712621688842773,39.44655227661133,101.85441589355467,25.17811584472656,172.02320861816406,107.05377960205078,77.51947021484375,35.462589263916016,66.7182846069336,56.74517822265625,89.22872924804688,15.936226844787598
489HgtmBtqFJ9c4i5YSmS5RcbGxfg0kUD5him8uUE1E,24.923887252807617,46.60215759277344,38.51383209228516,41.8359489440918,123.67066192626952,31.671348571777344,159.232666015625,117.57249450683594,74.79420471191406,35.562530517578125,58.66489791870117,65.96142578125,102.49906158447266,18.911033630371094
59bc275b681516389ccf413e,24.813207626342773,47.25279998779297,35.72149658203125,42.308536529541016,131.69024658203125,28.84510612487793,166.32949829101562,134.38021850585938,74.77983856201172,35.88800811767578,64.39807891845703,72.52210998535156,118.11658477783205,17.411802291870117
4qlqgGEPnbkySuq_MAHB1dC_t_ltqTgeKo0e4FPSxH4,20.911277770996094,45.21063995361328,22.163549423217773,34.25910186767578,82.0628433227539,20.79930305480957,154.51976013183594,86.07960510253906,70.53622436523438,31.871562957763672,55.562442779541016,44.74957656860352,67.30889129638672,13.32322883605957
59bc275b681516389ccf4138,23.35047912597656,47.50703048706055,33.91725540161133,40.758426666259766,109.34066772460938,27.51582717895508,164.8698272705078,111.8002700805664,74.8392105102539,34.4202766418457,62.15525817871094,61.70435333251953,96.26175689697266,16.693178176879883
4ILmdGi7cOtZv6qiQ6TnehCUU3OOI6M3K4S-c7Ir-LA,22.1430606842041,50.341087341308594,26.28035545349121,34.09700393676758,89.79939270019531,23.13956642150879,166.57321166992188,96.88197326660156,78.86414337158203,30.85275077819824,60.28523254394531,52.218360900878906,78.21419525146484,15.056265830993652
59bc275b681516389ccf4162,23.786705017089844,48.035587310791016,46.25094223022461,41.64645385742188,158.0977325439453,31.22245407104492,168.7707061767578,136.50750732421875,75.73249053955078,40.58317565917969,65.34883880615234,67.62435913085938,137.78074645996094,17.474416732788086
59bc2765681516389ccf4548,24.59681510925293,55.16533279418945,26.86208152770996,37.47287368774414,93.3475570678711,25.16285896301269,182.7921600341797,101.337158203125,93.09151458740234,32.55315017700195,61.996192932128906,53.75894546508789,80.45989990234375,15.633667945861816
59bc276f681516389ccf48b0,22.93926048278809,48.08662414550781,24.91339683532715,36.56696319580078,86.70921325683594,22.75092124938965,161.23806762695312,91.49717712402344,75.0075912475586,31.95474624633789,58.83163833618164,47.75301361083984,77.90933990478516,14.747272491455078
59bc2765681516389ccf4506,22.63100814819336,47.41720581054688,30.47331428527832,37.7325325012207,98.0912857055664,24.755634307861328,166.69068908691406,110.42290496826172,74.4189224243164,34.15828323364258,64.37385559082031,54.09380340576172,91.75557708740234,16.14094352722168
5NEY_5lj3LQcxtHNYCjcqS5vMJ8okWrt2PkRbl8SWfs,21.37470245361328,44.409767150878906,23.1318473815918,31.916154861450195,81.38123321533203,21.820714950561523,158.4619903564453,84.66533660888672,72.38705444335938,31.66289710998535,56.79716110229492,43.91062927246094,66.8501968383789,14.030108451843262
5TJEjrEATRi6qua4FW3KsC9a34Nf2JWV572lOKqWItU,20.97086524963379,48.64054107666016,24.54718971252441,34.283626556396484,88.28095245361328,22.410701751708984,161.8383026123047,95.84891510009766,75.76651763916016,32.63264083862305,57.37480163574219,49.2588996887207,75.70884704589844,14.220292091369627
5pSIIWpKbkRc51xX68ZYZFe1n1nViHZm_2Cep8keaow,20.353212356567383,43.88823318481445,24.348217010498047,32.51856994628906,79.85689544677734,20.62862205505371,151.2151336669922,87.69276428222656,69.36455535888672,32.07281494140625,54.48096084594727,45.39572143554688,71.20048522949219,14.024287223815918
59bc276e681516389ccf486b,22.311840057373047,49.34807205200195,26.37100410461425,35.39756774902344,91.6706314086914,22.8003158569336,165.81016540527344,96.37197875976562,78.16040802001953,31.874887466430664,60.1235237121582,50.52605819702149,77.95780944824219,15.460027694702148
5xqxW4siwJ2JZjsvbGnX4hArqM9rUT1yaya6ceEmzBQ,22.47386360168457,48.62628173828125,26.02956199645996,35.94886016845703,81.99512481689453,23.402400970458984,164.68258666992188,92.37269592285156,78.44749450683594,30.057655334472656,57.498966217041016,49.64302062988281,71.45844268798828,14.77553367614746
6NGuzk2gwsmfRtM6l2BslVzfLrLy6eGSfWYT9cJ5ZH8,26.988698959350582,43.7561149597168,34.734214782714844,40.44739532470703,118.97248840332033,26.961589813232425,158.370361328125,123.66883850097656,71.4224853515625,35.46060562133789,60.69488525390625,60.28794479370117,99.48329162597656,16.44438362121582
5TM9fQDmC20gmmXZuGLU0ucsepZRpx_SI-cW_afGpuk,26.56403541564941,50.29222106933594,38.02912139892578,45.79008102416992,122.39176177978516,29.229225158691406,174.03114318847656,131.6938018798828,76.50572967529297,35.29177474975586,67.74978637695312,67.27701568603516,115.02202606201172,17.859102249145508
6VGAL0i8H2arwCCu7CK2I_kAVbQY7zFp2qeIRIekL7Q,22.534013748168945,50.12561798095703,30.549301147460938,37.126495361328125,96.12750244140624,25.07286071777344,170.60130310058594,104.134033203125,80.22896575927734,34.60941696166992,62.794525146484375,55.786869049072266,87.11894226074219,16.645978927612305
85pSx8BihvIFzHAXyo4UIMehELIu_6AmakzM7CzmVHc,23.1628475189209,43.7908821105957,28.845626831054688,36.73573684692383,104.2970199584961,24.071269989013672,162.10162353515625,105.1808853149414,71.08042907714844,34.17443084716797,61.70067596435547,55.57572937011719,90.73526763916016,15.752249717712402
8U4gOvl_8Vxtl_z4R0vCzHlP1yh_zQy3P5UqpXbZYTY,21.35118103027344,46.26739501953125,24.547531127929688,32.680110931396484,86.52423095703125,22.84374618530273,160.28561401367188,87.63267517089844,74.11315155029297,30.84627914428711,56.08660125732422,46.73910140991211,66.99285125732422,15.487499237060549
6hDHPg9Gl4xq_yiwOERDmD9yYMRDLE9zTuXC3-G82fo,23.06285858154297,48.27577590942383,29.89657592773437,35.81855010986328,98.70079040527344,24.138572692871094,163.06834411621094,104.940185546875,75.65560913085938,34.436710357666016,60.1395149230957,52.1616439819336,89.16572570800781,15.734051704406738
9UFHG00TNhVCbt815jL-xCLVUPEuUdDO0yHBPjYoAVk,25.10440444946289,52.35974884033203,30.243133544921875,42.16896057128906,100.42091369628906,27.75996398925781,170.70689392089844,104.5943374633789,81.38404846191406,33.47042465209961,61.85807800292969,57.86383438110352,86.0631332397461,17.317794799804688
9EaimZrRMF80lcFWZgOgL10d8T21DT0ZJ5fWTxjNYbo,24.128183364868164,46.2791748046875,39.87598037719727,40.72399520874024,131.00466918945312,31.18959045410156,159.986572265625,117.78693389892578,73.8365707397461,36.93025588989258,60.60509490966797,67.36995697021484,101.20260620117188,18.17018699645996
ADrQjvM6I-RSGe0_27H4bVrFMcLz3-ZgOX_iDb2D7Wc,26.56333541870117,49.56996154785156,38.86070251464844,46.495216369628906,137.70901489257812,28.822566986083984,168.57394409179688,142.5529327392578,76.26561737060547,38.55736923217773,64.51429748535156,76.18806457519531,117.42993927001952,17.8053035736084
AaEqTg39qkCJ41BcJeiby0-CYzNz0luCsYgL_JvdEoE,23.281307220458984,54.214088439941406,29.8760929107666,37.0786018371582,99.05722045898438,25.36027908325196,180.4021759033203,107.35359954833984,85.91641235351562,34.8768196105957,64.73005676269531,57.07298278808594,81.78971099853516,15.80113124847412
8VDPJXsMB2HMFf8Q86E8ZD9Lc-r4VjBM8Dh5XMLe1iI,24.331287384033203,49.72338104248047,36.75620269775391,42.2485237121582,118.59539794921876,29.706212997436523,168.8522491455078,129.89260864257812,78.8459243774414,34.475486755371094,64.11641693115234,69.4017333984375,104.19632720947266,17.049203872680664
B0WEf1gfS0toyENhLbi508wjdezEnB4VWUvueSUoYwg,22.072816848754883,44.80521774291992,27.17635726928711,36.59456634521485,92.16949462890624,22.993860244750977,157.32530212402344,98.44182586669922,69.95169067382812,32.39217758178711,58.690948486328125,50.14288711547852,84.48793029785156,14.6378755569458
9WqMFHDk2TR3-oEDL4YXL_OKUh8OpOnILG4cBw6JBdo,21.53598594665528,48.3233757019043,23.48426628112793,31.176881790161133,85.28229522705078,21.95761680603028,165.7818145751953,90.0282974243164,76.7417984008789,33.28606414794922,59.61209487915039,44.30184555053711,75.9158935546875,15.17377758026123
C4eUasGyUmouxCn3dW_VQGEmcQZq2H1iQewpHcAnpY4,26.78132438659668,51.00764846801758,39.81922912597656,44.356258392333984,127.1275405883789,31.41091537475586,171.5508575439453,127.29202270507812,78.62350463867188,38.02378845214844,66.64810180664062,71.50042724609375,116.48085021972656,18.009706497192383
BES8fhGYi5ZlydfdUwF42mpmtZ_7LBx9QrQgIVXm9M0,24.607521057128903,48.61019134521485,30.616315841674805,39.7642707824707,103.30248260498048,26.057924270629883,168.7393798828125,107.87870025634766,76.56320190429688,36.047760009765625,62.74386596679688,56.2106819152832,87.58342742919922,16.4138126373291
CE5PaY-_MjLeFzqHc1WwCbJjCAM4xva20sWN7MPPLmc,22.63926887512207,43.55043411254883,27.18707275390625,37.80711364746094,87.67111206054688,24.266969680786133,154.9039764404297,93.8387222290039,70.98464965820312,31.190149307250977,55.59171295166016,52.06158065795898,73.75670623779297,15.098040580749512
CdGmN49IuFUblUTnOUmDraKKgTn3eC0SpJajr6qRfVQ,20.99245262145996,43.8858642578125,24.43361473083496,32.85859680175781,85.16121673583984,21.87429428100586,150.30686950683594,89.3326187133789,68.39985656738281,29.7430477142334,54.154293060302734,46.18164443969727,73.08224487304688,14.652831077575684
BDQE9C49TtoYtPGOLcINdrufHgoGZpGuMUFJ_StZPMo,21.13950538635254,44.1113510131836,29.732715606689453,34.452579498291016,100.0503921508789,24.245943069458008,151.79644775390625,101.9163055419922,67.29076385498047,33.538352966308594,56.55162811279297,52.08171081542969,85.20623779296875,15.665730476379396
C_wJrNOhIWpaja4ncvdVenf51_qIKag-7RRYByEfvrg,23.308897018432617,43.219486236572266,26.8118896484375,35.581974029541016,99.2458724975586,24.03901672363281,151.21119689941406,96.375,69.0443115234375,32.314476013183594,56.463417053222656,51.955684661865234,78.95205688476562,15.726022720336914
DkMNvQQUXi62EQtW1lBt3tXvl-Jmg8M1-aBUYc6z1vc,22.719701766967773,43.86895751953125,26.285137176513672,36.92268753051758,89.3132095336914,24.08738136291504,153.11878967285156,94.16141510009766,67.72972106933594,30.498214721679688,57.60336685180664,53.31090927124024,76.25660705566406,15.294002532958984
D00-s_iSFJTuoiceXOtt6DfE-ozZOtePxcy-kZQFrNQ,24.376190185546875,46.56362915039063,26.498762130737305,37.52681350708008,91.6976318359375,24.77017402648925,167.31739807128906,99.48011016845705,75.90205383300781,34.143898010253906,60.39704513549805,51.59051132202149,82.8977279663086,15.819812774658203
Cnx_3RZkrvCxS-9dQAN635WAesZY1gjRST5V7FYWUS8,21.74700927734375,41.78587341308594,26.16543960571289,34.062068939208984,89.79727172851562,23.22270393371582,150.16653442382812,91.30935668945312,67.34357452392578,31.794981002807617,54.76662063598633,47.3022575378418,76.54219055175781,15.158936500549316
F6wa6igx2BT2MGn7VoI_6_P7iJ-Nwqb2kRl690PpyFc,22.185102462768555,43.46867752075195,23.74120330810547,33.15465545654297,85.43123626708984,22.532846450805664,157.5757293701172,90.70989227294922,69.5034408569336,30.99321174621582,58.24089813232422,46.05195999145508,74.08250427246094,14.994433403015137
FJiz276i4gOtso-HxLnNh6aeMv-pmOYV-u_40s_tuRE,22.432422637939453,48.012794494628906,25.899179458618164,34.41843795776367,87.6761703491211,23.182842254638672,167.81398010253906,95.28504180908205,78.1358871459961,32.39208984375,59.37698745727539,51.275856018066406,74.09357452392578,15.318437576293944
DL_WAdynzJel4FVSUAOJqQAjVrOc_Me8LZa4al2ZqXE,26.498260498046875,47.05728149414063,25.012081146240234,35.11247634887695,96.11713409423828,23.19676971435547,169.84677124023438,98.30657196044922,76.74240112304688,30.67871856689453,61.87392044067383,51.74428939819336,79.2562484741211,16.029094696044922
FlJ6-rg-jFweEckuyjjAv8WKCUezmttg_udsSCjFXdg,22.88169479370117,46.177490234375,26.326133728027344,36.08751678466797,90.60137939453124,22.578508377075195,163.7513427734375,92.62315368652344,73.48599243164062,31.35368537902832,60.96574783325195,49.773197174072266,75.12724304199219,14.859233856201172
EAWw2QfMPSiBeTdY3qxp7D4IFYFNzY8JgfekYkA8xMc,22.938453674316406,44.21734619140625,30.42517852783203,37.084228515625,104.21314239501952,25.90955924987793,159.1615753173828,100.70880889892578,71.6954345703125,34.266876220703125,57.96043395996094,55.6084213256836,83.04171752929688,15.774415016174316
EVXFFYf95mgXGg2zze_8SymNla9zM3xx-GqGqfyFFb8,23.20651626586914,46.40166473388672,29.64491844177246,35.70201110839844,99.02033233642578,25.18679618835449,164.38821411132812,106.4208755493164,73.66283416748047,34.98820114135742,60.89767456054688,53.889068603515625,87.57139587402344,15.853696823120115
Eju1_wRfN5KKQP0Ca-VPlDx0iit-xJ3wxH7EM-Xs8NY,20.930070877075195,47.46601104736328,24.79459953308105,32.00290298461914,90.5279312133789,22.891265869140625,163.78680419921875,94.6659927368164,73.59347534179688,32.52735900878906,59.245216369628906,48.40031051635742,73.00337219238281,14.382854461669922
G_BvRqeilfd-QcsunGbp420g3hBQUozky4eae3q-aWU,22.077959060668945,48.45693588256836,24.51854515075684,34.007408142089844,93.2415771484375,22.496746063232425,168.31849670410156,95.7997817993164,77.5761489868164,32.67527389526367,63.500396728515625,47.086238861083984,80.0915298461914,14.397062301635742
EyXlLXKS0K0XLKpbVUaBdR7e1G8xVRSc63G42DqViwU,23.415077209472656,44.592403411865234,25.303512573242188,35.308128356933594,86.06985473632812,22.244403839111328,162.51742553710938,90.39118957519533,73.24808502197266,31.382354736328125,59.468746185302734,48.51706314086914,77.72234344482422,15.282044410705566
ExlRs_DoqMdlnIhGWQ9PhyD--VGy4HPJuslo4_u1F3w,22.181798934936523,43.25942993164063,28.49431610107422,34.5814094543457,93.30872344970705,24.758214950561523,155.85098266601562,96.74214935302734,68.39694213867188,33.48717498779297,58.35354995727539,51.78551483154297,82.52244567871094,15.08115577697754
GOxxOMY0zUtqmNpuxACcwgm1UTpoSUExzmfLn0DEpkA,21.30036354064941,45.136714935302734,25.49860954284668,34.2637825012207,85.07809448242188,22.32522201538086,160.56869506835938,92.65199279785156,71.64506530761719,32.14908981323242,58.64241409301758,47.13431930541992,78.64887237548828,14.1383695602417
FNC89HJ3V08ITqMLZJpnLnYKgpUrhFt-bf3l7lmlXCg,24.631023406982425,44.68989562988281,29.79283142089844,40.864891052246094,91.72769165039062,25.671777725219727,160.70936584472656,100.00218200683594,71.419921875,32.67109298706055,59.951133728027344,52.88751602172852,77.21727752685547,15.8076171875
GnIrZIVkkbdXzkDmCry74cxFi4LIWwl2S44x5a8_DKI,24.04636001586914,47.26547622680664,29.383350372314453,38.16214370727539,96.75222778320312,26.696664810180664,167.85313415527344,101.6916732788086,74.93865966796875,33.1720085144043,62.45611190795898,54.67452239990234,83.12193298339844,16.71236801147461
GcgfIRxHFeGgadhpsTw7a5bhm_K3rxDKn8uBDytZ9p0,27.019121170043945,51.72418212890625,37.42784118652344,45.15943145751953,112.80599975585938,30.77961540222168,175.944091796875,119.61119842529295,82.23967742919922,36.30364608764648,65.82340240478516,71.37813568115234,96.69747161865234,18.71965980529785
IGrg9yndQwo4NQP8Y6-gMZOXHdE6vlEDIlS4G6baKPs,20.62333869934082,48.59283447265625,26.432518005371094,35.500694274902344,100.78822326660156,23.694637298583984,160.67015075683594,100.93024444580078,75.77754211425781,31.94830703735352,58.61921691894531,52.68857955932617,81.60694885253906,14.961175918579102
I7T7u9B89_G9v5RY380Q3n7yaScyr6KVXploESnm1jE,23.89788055419922,50.87862014770508,26.134754180908203,36.30722427368164,88.46587371826172,25.328916549682617,175.41925048828125,97.42369842529295,82.82530975341797,32.144412994384766,60.6801986694336,53.18589019775391,76.96931457519531,16.094562530517578
I6SMIUIACvpEJpx63AVVaj4tKdJbsw9DpyWK2r94GgQ,24.53841209411621,42.83481216430664,26.89274787902832,36.4565544128418,87.63007354736328,23.686016082763672,156.44058227539062,99.42815399169922,67.49276733398438,31.85574150085449,59.44755935668945,53.87326431274414,75.359130859375,14.983437538146973
I5GFuCtUHboX3aGbon_rYuCPxc8wyUZohwvvPB24j-s,21.54331588745117,44.457008361816406,25.50293159484864,35.637489318847656,87.506103515625,21.57966995239257,157.3115692138672,95.1383819580078,69.76130676269531,30.79490852355957,58.64938735961914,52.654911041259766,71.36104583740234,13.69972038269043
K20rwey6FcUr2WrbkeJ87KkUW2q6L0-wgR6JT5iy-G4,23.01505470275879,44.43825912475586,27.355224609375,36.17561340332031,90.6247329711914,24.0483455657959,160.48779296875,98.74698638916016,70.8320541381836,32.09579849243164,60.09042739868164,51.93678283691406,84.91484069824219,15.431138038635254
IefaN1ApNHVmqq0lHr9A-pcgxk-ZdPO6DZriRK-C1JU,23.040695190429688,47.146629333496094,29.821889877319336,37.02104568481445,93.48346710205078,24.77392768859864,162.70162963867188,95.9916763305664,74.7771224975586,33.29747009277344,59.63264465332031,53.4493293762207,79.49688720703125,16.63339614868164
IRRl47RhJx43fBiKc_DSNTeLOQhCIkhwr-_xQPBqzyU,23.214418411254883,44.68162155151367,26.4962100982666,36.24348449707031,93.38150787353516,23.591402053833008,161.66888427734375,98.71662902832033,72.2981948852539,32.313350677490234,59.716251373291016,53.02149963378906,81.49641418457031,15.527921676635742
JpAYFyDkWKxxJ_CEJLW7J6pAHNDENq07_NSFgTN2K4E,21.10211563110352,44.48927688598633,23.54991912841797,33.02041244506836,86.97582244873047,21.342161178588867,154.43963623046875,90.77550506591795,69.87107849121094,31.3341121673584,56.880672454833984,46.8888053894043,79.62554168701172,13.727112770080566
KGzJCosVL4DMUh9g-nEl4D_7TwPBCQ6hipd87aOxtWw,22.18756103515625,44.87986373901367,28.77489280700684,34.85219955444336,98.19927215576172,24.70144462585449,158.6476593017578,99.62364959716795,70.89400482177734,33.04604721069336,58.94974136352539,52.84000015258789,85.37786865234375,16.412137985229492
K7M5hwCYRUP6JUGRu6Aw1aFFUr8hxcc2HfxvINNgM-Q,25.28207969665528,46.6590461730957,37.41390228271485,42.04787826538086,122.1787109375,29.12879943847656,167.09616088867188,120.21116638183594,75.76924133300781,36.94378280639648,63.8125,64.51111602783203,109.50324249267578,18.43414688110352
K9VX6X7rI2rZvdTu2gLntz3QJ8U6uNnUKcXmt5R5lYg,23.469331741333008,47.75118637084961,27.966716766357425,36.147796630859375,94.4223861694336,24.70771026611328,167.58961486816406,99.43350219726562,76.88215637207031,32.657562255859375,59.97845077514648,52.84584426879883,81.46031951904297,15.24726390838623
KSnPLyfQjUzB3cWfhOb3cD-qbINpzoWJLe2A_lNbx9M,23.33427047729492,43.82763671875,25.773889541625977,35.4456787109375,90.51082611083984,22.81770133972168,157.14698791503906,90.92291259765624,69.90966033935547,32.28321075439453,58.64602279663086,44.71074295043945,83.12198638916016,14.587183952331545
KtiQ4nZ6b6n5IHWApFokgzkKfpj5MtzxGsOKBS2zwlQ,22.686887741088867,47.28551864624024,28.93993186950684,33.89244079589844,89.97296905517578,24.78766822814941,164.5596923828125,97.08502960205078,77.19172668457031,32.34543991088867,57.459251403808594,51.33431625366211,77.93510437011719,15.672030448913574
L77kDhnDEsZqD-2UeLtToNYBTRey8gI5X_q5jXNgkt8,23.70681571960449,48.89795684814453,42.1581916809082,41.46017837524414,134.25718688964844,34.32547378540039,167.6400146484375,128.8323974609375,79.06080627441406,38.84318542480469,62.85481262207031,69.25231170654297,124.77317810058594,20.105615615844727
LMRhpdER4a5mtfAkWkcGi_5Lltr_Y5-yKRlYKKsRv6I,21.89999771118164,46.18796920776367,25.328903198242188,33.32169342041016,95.14816284179688,22.66252326965332,164.1173095703125,92.63922882080078,76.8214111328125,31.661996841430664,59.131961822509766,47.40011596679688,76.3424072265625,14.834961891174316
MCJTwdYUwGWP_9q1M5VWBDMCn-wpAkoXchzv1piAsmI,23.14290428161621,50.89224243164063,28.18683624267578,37.02913284301758,94.7462921142578,24.826345443725582,174.11642456054688,104.6778564453125,82.84943389892578,33.331546783447266,61.5431022644043,56.078651428222656,81.7210693359375,16.832706451416016
MtUohvFgj2NX2MFhcLamQ_bJz5fOGfdVJgCD1vdI53s,20.938432693481445,43.16470718383789,24.00027847290039,34.01969528198242,86.4861831665039,21.16010093688965,153.58621215820312,88.89635467529297,69.84146118164062,29.75980758666992,56.22880935668945,48.188720703125,73.72925567626953,14.217623710632324
N8lTUHTD3JXcIQtTMNKhmzLBPajzI8tqLo1uJUVy_18,23.9996395111084,47.79901123046875,26.616453170776367,37.93070983886719,85.09004974365234,24.48690223693848,164.0664825439453,94.32714080810548,75.21885681152344,31.454795837402344,59.76385498046875,52.23162078857422,74.56441497802734,15.56199073791504
N1iLWrIpDkxDyjcZb-It95lRyaa962Zzwqavgsp_yGs,21.929988861083984,50.57413482666016,27.64915657043457,35.505882263183594,89.45245361328125,23.34152603149414,174.06011962890625,100.04962921142578,81.35913848876953,34.00282669067383,61.16178512573242,53.28586196899414,81.01377868652344,15.356658935546877
KLTrZbpVfBq8gREmwKKoefd9owIgDVeQsTFxMu210NY,24.444232940673828,48.41182327270508,34.352821350097656,38.63465881347656,107.33903503417967,27.20259094238281,166.5363006591797,109.8314971923828,75.74163818359375,35.69322204589844,62.408817291259766,62.02630615234375,98.56179809570312,16.949806213378906
NU781sAsq4b4CtVf1wqf-ivPX0wwDn64WJUL1ZCkTQg,27.65046119689941,49.75876235961914,44.69096755981445,46.26542663574219,128.61183166503906,33.159427642822266,172.82080078125,136.8486328125,81.35759735107422,36.34791946411133,65.11355590820312,72.4698486328125,125.91022491455078,21.24577140808105
Na63kNYZzrEHInX4Pld0pc-1FmUsWwHvzJI7w_Srtgc,22.789525985717773,43.79039764404297,30.68769836425781,37.04130554199219,102.35929870605467,24.91032600402832,150.89991760253906,106.52960205078124,67.61355590820312,32.64435577392578,58.85556411743164,52.52288436889648,87.72058868408203,15.173303604125977
LIYKBlhyjwMidV3G3uol5s3JXNimymtR5lma4KThWks,23.096162796020508,50.771881103515625,26.26200294494629,37.084598541259766,94.28475189208984,24.35832977294922,171.3153839111328,98.3528060913086,78.48178100585938,32.895076751708984,62.95217514038086,50.9736213684082,81.34600830078125,15.746697425842283
NstLEdWIquRPVL4FtyjfQu5cMWSx_896oZSU_6cMdr0,23.66684532165528,47.14710235595703,30.53250503540039,39.65760040283203,104.93984985351562,26.507686614990234,165.80441284179688,108.4204330444336,74.73452758789062,33.56482696533203,61.30080032348633,58.91819763183594,90.80037689208984,18.656118392944336
O5SXSso26InqB8u8nVz1HqKx_QfzDDR4OKZGAXYO878,24.363250732421875,43.89020156860352,33.20395278930664,37.140716552734375,108.1845703125,27.51532745361328,156.4683074951172,114.45003509521484,68.25799560546875,35.46393585205078,61.35830307006836,57.31305694580078,104.92837524414062,17.219079971313477
OMKVe2JAZ7Omn-5otiXCiiYPbwdWDvNXUHHhEkTKN3Y,25.80693626403809,48.291622161865234,33.55409622192383,42.0187873840332,107.25855255126952,27.60636711120605,167.65614318847656,112.54679107666016,76.55609130859375,34.59510040283203,63.231143951416016,63.35432052612305,96.16116333007812,18.30965042114257
ODuK-nE1GXeZcIl0NeN_jBxCzTMZpnBnOTcnOmFntOg,26.112424850463867,49.14945602416992,36.16743469238281,43.21268844604492,117.6801986694336,27.91137313842773,168.2322540283203,115.07115936279295,74.86457061767578,36.50463104248047,64.13638305664062,59.05104064941406,108.24118041992188,16.69825553894043
OvyEaZuMCNilPx5t1XZqZZLSW-86CWI51q7cDZFHqCk,24.267230987548828,45.54924011230469,31.95157051086425,41.92808151245117,110.52252960205078,26.25628089904785,164.32510375976562,116.4794464111328,71.45399475097656,34.61048889160156,63.55778121948242,57.955108642578125,105.23747253417967,16.270526885986328
PsPb1_Y-xHLFmJ77Eu31HDfArlxoAzSN0v53MQA_Sik,25.46851348876953,45.9708251953125,34.51500701904297,43.05501556396485,103.58625793457033,26.6980209350586,164.3817138671875,116.4134521484375,75.01168823242188,34.45901870727539,61.56489562988281,67.70729064941406,94.65272521972656,15.882691383361816
O-WUYdJIDRNO9f1P-24DLIndqZa-IExQTRgKGbnXvqU,22.869325637817383,47.73381805419922,25.86570167541504,34.22810363769531,84.28977966308594,24.064359664916992,161.12753295898438,89.38937377929688,72.76067352294922,31.012767791748047,59.22489929199219,46.940711975097656,69.30021667480469,15.780683517456056
PZChhSxVuyO9f5UK6WhnoQBCrQvCG0QpFcT8l26ygZY,23.487924575805664,43.74717712402344,24.912372589111328,35.06963348388672,83.13506317138672,23.29108428955078,158.4888458251953,90.50920867919922,72.69853973388672,29.82105827331543,57.59516906738281,46.84920120239258,68.53668212890625,15.823091506958008
Qoex7Nn4NUcDKndMUpAxaK3YZp3Ld53G5rXWai6ogBQ,21.12063980102539,46.319313049316406,22.84409141540528,33.01480484008789,84.84974670410156,20.67343711853028,161.88790893554688,89.27619171142578,75.0896224975586,31.45930862426757,57.48141860961914,45.6718635559082,73.92955780029297,13.639944076538086
OOii9fHGTjHrKyuFhsKUyvSFSRDN4ebpt-yR6gK7Uh8,23.359764099121094,44.96126937866211,34.42311096191406,39.86162185668945,108.72547149658205,25.827022552490234,161.83164978027344,110.84842681884766,71.02720642089844,33.108489990234375,61.138954162597656,55.95390319824219,97.60338592529295,16.675634384155273
RBvdQf0N8v_cb7bIkfAnJ4-ePj2_0qzlApAcHXvDly0,22.10426139831543,50.92267608642578,27.12241172790528,33.15265274047852,96.02611541748048,23.58429718017578,175.94757080078125,98.6443328857422,82.36851501464844,32.958309173583984,62.67927932739258,49.74519348144531,81.5275650024414,15.606386184692385
QRGlgUXKL5x0xOqFjD71FrwBg1ewMY1fF0nPMB_7fYA,22.554140090942383,45.93954849243164,26.91063690185547,36.08489608764648,94.6447525024414,24.1978702545166,165.2847137451172,91.25902557373048,73.53639221191406,34.59307098388672,61.74309158325195,47.50484848022461,78.11193084716797,15.329507827758787
PMRjxBjzHBVxfATw1fX5GG8Ksyp_7BkqdyWaDvho-tc,19.32295036315918,43.76799011230469,23.97812271118164,30.52143669128418,88.02051544189453,21.78120231628418,150.91232299804688,87.20387268066406,68.8348617553711,31.54291725158692,54.031646728515625,43.86898040771485,70.91767883300781,13.746201515197754
SIHAb6fgQDObq-GM6uTbh6snDvVmC0A2B-GKzkEUssI,23.669666290283203,46.12178421020508,36.71849822998047,39.15364074707031,115.31534576416016,28.717266082763672,165.22933959960938,129.9473114013672,74.2916259765625,35.682281494140625,62.472259521484375,66.97078704833984,106.14857482910156,17.865346908569336
QJfMd225tzMV8XFrpwqTEYK9xUXkIkXXVbtrtU6D2HM,22.46086311340332,45.52379608154297,26.547815322875977,36.14693832397461,95.9806900024414,21.979820251464844,159.7638397216797,104.91043853759766,76.17852020263672,31.42091560363769,55.74043273925781,47.36526107788086,87.57225799560547,14.72775936126709
SuHT4VFjz3c-u5kPENTxcyiiIfbmuY54LLExUy_fGm4,22.788162231445312,46.23611831665039,26.00278091430664,35.25017166137695,90.99979400634766,23.832735061645508,161.3649444580078,95.80155181884766,75.31456756591797,32.39966583251953,57.61784362792969,50.67564392089844,77.50386047363281,15.92728042602539
S96FNXGFNwHK6maWsuqxSSV7ZuiROU8ugIViJYxc98c,23.30268287658692,47.810245513916016,24.235897064208984,30.00882911682129,84.72894287109375,21.39387321472168,165.81954956054688,86.75801086425781,78.27770233154297,31.7944450378418,57.03191757202149,45.43623352050781,70.9300537109375,13.980769157409668
Sv7G5bjjzfSMgaP9mI0t7tlPxz2_X_XHR2pHH5PfgIw,23.40057373046875,55.79252624511719,29.32299423217773,38.40821838378906,94.42438507080078,25.91910171508789,176.5589141845703,103.41809844970705,84.80772399902344,34.35213088989258,62.78226852416992,55.18361282348633,79.36988830566406,15.98399543762207
TlIG_3sXZLuH7T9nQMivDNnzJn4fFYQy1P0KqC3ldUQ,21.915159225463867,48.62845993041992,28.09276008605957,34.87484359741211,100.6266098022461,24.90269470214844,164.94000244140625,94.2705078125,77.04156494140625,34.90489196777344,58.17864608764648,48.4886360168457,80.23118591308594,15.528124809265137
RJ8cPrCV1zY7oR0FsOf7SisLFKl8GQr6SFHuGHEm_5A,24.30576515197754,48.37629699707031,28.67096900939941,37.54791259765625,93.7060317993164,24.50491714477539,168.4484100341797,99.25061798095705,76.4164810180664,32.750030517578125,61.81660461425781,50.70204544067383,77.61250305175781,16.09085464477539
TpKPp47HoA807XrETDbC9bDhKoirCmnJfVT6yE3R9Vc,25.478120803833008,47.34526443481445,24.56792640686035,35.9798469543457,81.27347564697266,22.35088539123535,162.41285705566406,99.6939697265625,74.47794342041016,30.825214385986328,59.06831741333008,49.84385681152344,71.76615905761719,15.212766647338867
SkGkB_nxSWIrR1nPm021UAlPqKb-hUSVnqNxf5DZiSo,22.637958526611328,49.212703704833984,28.252405166625977,35.72808837890625,89.10957336425781,23.968765258789062,168.99301147460938,94.69732666015624,75.43036651611328,34.22712326049805,63.04340362548828,50.93693542480469,73.83163452148438,15.371787071228027
UNxDQmJU62GSnqUfq7T1Bj958mAkGW0elwAyhsoj4pk,24.40913772583008,51.037235260009766,33.73750686645508,39.35042953491211,101.60539245605467,26.78453826904297,172.3813934326172,116.54499053955078,80.2160873413086,33.65606689453125,61.96925735473633,60.60394287109375,90.85725402832033,16.247087478637695
U--TFVlYwMGzYt80Abyn0wB99EwmbY0gcga35WEQ1fI,21.225351333618164,44.751800537109375,28.20338249206543,33.83133316040039,95.99939727783205,23.076152801513672,161.8060302734375,97.39154052734376,69.00088500976562,33.61228942871094,61.132774353027344,48.80796432495117,79.31038665771484,14.266753196716309
U5odvYdNQNabJPINniKdxmribHCOH4UXSBixAe_Qe-o,21.542957305908203,44.88497161865234,25.197195053100582,32.570335388183594,82.66869354248047,21.797607421875,153.97654724121094,84.6274185180664,69.87670135498047,29.975706100463867,55.52866363525391,46.00706481933594,66.35826873779297,14.434873580932615
T5_1Ztx0qIBb3WNgY74c1ifECdjCEAQymJC7rNUFTQk,25.273941040039062,50.66817092895508,34.732276916503906,42.06504821777344,124.24597930908205,28.11064720153809,173.69656372070312,117.40731811523438,80.20956420898438,35.067718505859375,65.27039337158203,66.01734924316406,111.92208099365234,18.441722869873047
URsAqyO4RDQ-SlMDOJ-GlD0OVoCh256Pf_XYtIJHoU4,21.589828491210938,43.99435806274414,26.217159271240234,33.01847076416016,87.22756958007812,23.200698852539062,156.71319580078125,92.5663070678711,70.42585754394531,32.03516387939453,56.79461288452149,46.23218536376953,71.21235656738281,14.328095436096191
Vu3CEIT1WYp4K9S2HWJ3qzqZLWD4PST3jbsITykDpQU,22.11509132385254,45.44945526123047,25.057113647460938,35.09436798095703,82.92115020751953,22.281152725219727,159.13893127441406,91.96533966064452,73.31786346435547,29.672237396240234,56.68050003051758,50.08149719238281,72.19751739501953,13.953904151916504
UjdkaKfwVBHiRzjusSnW42fMvC05bsrSFp5KPnZ6tvM,23.317312240600582,48.93568420410156,31.341318130493164,36.537715911865234,96.42677307128906,25.021556854248047,169.41200256347656,107.64569854736328,78.42790985107422,34.59730911254883,63.29164505004883,55.57712936401367,85.58251953125,15.875337600708008
WL-KMPCuuVLSa3mJyiNXnGTHvoygZEl4u0URI5DWULc,26.685447692871094,48.11247253417969,42.72379684448242,48.021732330322266,143.6786651611328,30.9221248626709,172.70196533203125,133.08212280273438,73.9439468383789,38.968353271484375,67.91449737548828,73.7321548461914,125.06412506103516,17.887088775634766
VJZOdVq5nG7XxV9OSj6ZJ90OTwNMAM_rdMZw4vpw0T0,23.686174392700195,48.08174514770508,28.58112907409668,36.80002975463867,91.04736328125,25.725902557373047,170.12570190429688,100.01945495605467,76.50904083251953,33.827674865722656,62.93407440185547,53.8399772644043,79.57998657226562,16.06854820251465
VdspwHpdezYz_ZH-2zjnQS37EeaVEWdgicBUYk-U6CM,21.16252517700196,46.8653564453125,22.320819854736328,30.840913772583008,88.91695404052734,22.30430221557617,162.8026580810547,88.25675964355469,74.96539306640625,31.49644470214844,59.011192321777344,45.50435256958008,66.9135513305664,14.60549259185791
Wki2pz6WfQdOY9ksDG0Z-f2NId6V-bGffuo12oubG6Y,20.936168670654297,45.62895202636719,26.231416702270508,32.229248046875,89.31517028808594,22.874868392944336,153.2282257080078,91.76052856445312,70.48436737060547,32.35459899902344,54.53028869628906,48.17213821411133,75.32254791259766,14.580677032470703
UGy_sdIHzARXHIDtWBw_lKvsTzj4WHcobmnJRQ2uiw8,23.902881622314453,47.03775405883789,28.308643341064453,37.48456573486328,95.75507354736328,24.59346389770508,162.64007568359375,100.83686065673828,74.26728057861328,34.43349838256836,60.1568603515625,53.454246520996094,79.94921875,15.039018630981444
V2eo5TFgvj4wj5oyVrzB7-vwmswZEwWz762-XuRfzls,23.676294326782227,51.3032341003418,28.84689712524414,37.18441390991211,95.50110626220705,25.29174041748047,175.14076232910156,103.43387603759766,80.81085968017578,33.73392105102539,65.7405014038086,53.46200180053711,83.40829467773438,16.017026901245117
VvD4Ax4aSvkvxGqw-87OJhQBUwh1M8gRJ9hrT30tdig,23.17627143859864,46.00714874267578,31.320846557617188,37.946659088134766,94.97428131103516,25.49631690979004,163.3812255859375,104.07974243164062,73.42153930664062,33.502525329589844,60.57423782348633,56.20996475219727,84.56275939941406,15.590633392333984
Y4e2uNX2mIJuMc8kJ-D3b3HgQehD6dXSBwqCeGMjB6k,22.375431060791016,47.96759796142578,27.09768295288086,35.052772521972656,94.29286193847656,23.90200424194336,166.83871459960938,95.20065307617188,76.5982666015625,31.6401309967041,60.31705474853516,52.04156494140625,76.43720245361328,15.54881477355957
Xu8qHbFzez_Bykc_DlvQg73scmKM7BHKkxhQy2CtNa8,22.528892517089844,47.5683479309082,29.17246055603028,37.74525451660156,89.17437744140625,25.11811828613281,164.2523651123047,96.72027587890624,77.71241760253906,31.3208065032959,58.91657638549805,52.31407928466797,79.6823959350586,14.93564224243164
YOYBXyWsvE4tz70F1ntjKROmaAlKpRaatGCpWE-cHwQ,24.78238868713379,49.51079177856445,23.61907196044922,35.78596878051758,87.77997589111328,23.747880935668945,172.58917236328125,89.8229751586914,78.9913558959961,32.99583053588867,62.66122817993164,46.13491439819336,71.4275131225586,16.74919319152832
WY-foI1UM6dkA9wWSrOccAMQVbZAC2ay-PY6HNyK3LY,26.917150497436523,48.98830795288086,45.48715591430664,42.44963455200195,126.7260971069336,30.900590896606445,166.43077087402344,150.80801391601562,74.9720230102539,38.31198120117188,66.56578063964844,80.95919036865234,119.5102996826172,18.235376358032227
W1DhwegBSvAsBraLd1PNtjIcXFSHpIyVr7-PrEKV6BA,21.91922950744629,48.99094772338867,29.452524185180664,35.515228271484375,94.2176513671875,26.02584457397461,160.21441650390625,96.9612808227539,78.72050476074219,32.83380889892578,55.45621490478516,52.5770149230957,80.75460815429688,15.966798782348633
Ylq97JrtAQT98-f2DO2SS8hFakH_M0wum2bLEq05Rts,24.90751075744629,45.59605026245117,28.53048515319824,38.85123825073242,93.15242004394533,25.2885856628418,166.6268768310547,106.22515106201172,73.39755249023438,32.31964874267578,63.69656753540039,55.43131637573242,82.59766387939453,15.41418170928955
YIo9tBpN-5zvDMu_wB9S-wsjLnXi8iX2PrvTV67S0TQ,22.39736557006836,43.81050491333008,35.49321365356445,34.614585876464844,112.55284118652344,26.84835433959961,158.33673095703125,102.81804656982422,72.2656478881836,33.398250579833984,57.36974334716797,50.77911758422852,101.70153045654295,16.878795623779297
ZtCB_Rlk9ClRlA24anmshJc-yi3MsBm3w7IiD9hO3SI,24.720722198486328,47.21254348754883,28.07587623596192,35.17167663574219,97.60462951660156,23.939844131469727,159.50193786621094,100.75979614257812,73.94206237792969,33.93259811401367,58.20838928222656,51.003047943115234,85.7262191772461,16.16139030456543
Wyojww01j4Ki2Kcz0Ejp2wlLV-J9WXgnsLZJQI6PTTA,22.71523666381836,45.53277587890625,27.80324935913086,35.2919807434082,96.49988555908205,24.60051155090332,157.46917724609375,96.60526275634766,69.73020935058594,33.449501037597656,59.41704559326172,48.25391387939453,84.3924789428711,16.33330726623535
WgNsALoT75d8UikD0pyojUzeliyP0cG_O8JvuDf6Byw,23.0373764038086,46.153785705566406,26.10455322265625,34.94679641723633,93.44800567626952,24.14421272277832,167.0585479736328,97.6497573852539,76.16712188720703,33.035980224609375,60.86583709716797,47.63676071166992,78.20320892333984,15.856013298034668
_ovr03EQ9z5Yb7WgWcF-GvQ1NGf6WISE41AdeKpPUHA,25.65012550354004,49.0078353881836,29.081945419311523,38.05361175537109,96.99085235595705,26.69758415222168,164.0558319091797,102.54749298095705,74.6236572265625,32.287845611572266,60.2730712890625,54.98590850830078,79.00891876220703,16.897571563720703
Yjvw2sx9u1J7SBbPbOvbiVLlAHgxoTTgLIkcRBRYkfQ,23.04271125793457,48.03318405151367,30.03326988220215,37.339134216308594,99.21440887451172,25.63408470153809,167.19122314453125,108.92343139648438,76.89004516601562,32.9526252746582,60.147422790527344,54.03618621826172,89.42150115966797,16.44211196899414
XAfhSHKVLh1TufsAmAgv7vKa7lmbjgXwP90BMR0za2Y,26.57193374633789,47.16810607910156,49.63287353515625,47.82785034179688,127.30119323730467,32.695037841796875,168.67010498046875,141.36727905273438,75.27526092529297,38.14742660522461,67.03791046142578,75.70684051513672,124.24093627929688,20.318397521972656
XbMFI5UdatecXydKy7zmrbNYVzDC0U5pFiTbcW1--V0,23.16449737548828,47.93303298950195,26.79083824157715,34.92396545410156,93.14530181884766,23.19697570800781,170.15240478515625,97.07818603515624,78.00020599365234,32.14385986328125,60.78112411499024,49.3317985534668,79.66389465332031,14.811264991760254
Y1VSDdyurSCt7P0e4BqTrw0C6w-BJdWDXjCnDF_ba3M,23.24224853515625,46.20418548583984,31.62352180480957,37.394309997558594,104.1694107055664,25.494356155395508,162.83010864257812,108.73567199707033,74.4227066040039,33.15184020996094,61.004638671875,56.24110794067383,91.67202758789062,15.335638999938965
aaPAdgM3VmDUi5EFGFCWcT-uycp-3pjO77w937DNDZg,24.361068725585938,52.59009552001953,32.76637268066406,42.768253326416016,94.72913360595705,26.086938858032227,171.1628875732422,102.2571792602539,81.69741821289062,34.0541877746582,62.369815826416016,57.055625915527344,86.5695571899414,15.970812797546388
YBu9EUNDHErCipT3oBRk0DJLU3ckB3du_10pnb_Bcto,19.94405937194824,43.456844329833984,22.0769100189209,30.877086639404297,83.17701721191406,20.59621238708496,153.1547393798828,81.40281677246094,67.58848571777344,30.93155097961425,55.751556396484375,40.38045120239258,61.85227584838867,13.427802085876465
_Gqw-g6nwnBszeu-RoTbJOpr51jf7a4nPhWYHGBO3j0,24.241504669189453,45.89213180541992,34.84014892578125,39.06364059448242,113.3946533203125,27.87936782836914,163.19847106933594,111.34029388427734,74.36202239990234,35.64194869995117,61.33597946166992,61.0458869934082,89.6846694946289,16.28615951538086
YJiHDNNjFmbhily1zzbtnGUxVk5sFHRBOjDZQvjvyl0,20.964111328125,46.24763488769531,24.804946899414062,31.105188369750977,79.95950317382812,22.13252067565918,154.00730895996094,87.27607727050781,71.28802490234375,29.68801498413086,54.46397018432617,43.87949752807617,69.30695343017578,14.226129531860352
a-IOPcy2snxGm88ScUOW_E3XEkvO91NNKnSQuXnfacU,22.280893325805664,45.9339485168457,26.70833778381348,35.0681037902832,91.78925323486328,23.27917861938477,157.19158935546875,97.01718139648438,71.2597427368164,31.40212631225586,57.501949310302734,49.54024124145508,81.07803344726562,15.665897369384766
Z7Y5H8Rs3VwpYnrh_ldrvbf7YQsSmG6JuaeOjQP96zE,22.395309448242188,50.31291198730469,26.3324031829834,31.98438262939453,85.6697006225586,22.54063606262207,172.7787628173828,92.41524505615234,82.94727325439453,31.564144134521484,60.387813568115234,49.42927551269531,73.54776000976562,15.088260650634766
bRUIY6tfqp0SRzqphFRQ0wV5IG7CaVsT6USBUip-3xU,25.133882522583008,45.45684814453125,27.037368774414062,40.03736877441406,86.0251693725586,25.145538330078125,164.07815551757812,98.76374053955078,74.27745819091797,33.03768539428711,58.579246520996094,53.74258804321289,72.19877624511719,16.495532989501953
ZMVjJy1LazGLdP6feEfT8MWqpNBvw0_G0GfNsbwqvrQ,21.871728897094727,43.67617034912109,36.52523040771485,37.223175048828125,128.84207153320312,27.96976661682129,157.0166778564453,117.154296875,68.38591003417969,36.20602416992188,61.67768478393555,58.38468933105469,109.5803451538086,16.91521453857422
c2CHx2YHCJjx_nf5thSriGeQUY8GJL5Qzy-f9018xIQ,20.544092178344727,45.932071685791016,23.50024032592773,28.93177604675293,87.05609130859375,21.12437438964844,159.1643829345703,87.41777801513672,72.32280731201172,29.50169563293457,57.67213439941406,44.86966323852539,67.79776763916016,14.393245697021484
_OwGY4b-GDYGS_ItNTmO1Pe7iffOPxQYXfOA_PwArrw,23.86758804321289,49.36920547485352,29.0705509185791,40.2712287902832,97.42770385742188,24.666231155395508,171.02120971679688,104.10043334960938,76.57026672363281,33.21223831176758,62.77245330810547,55.62152099609375,87.29157257080078,16.263349533081055
_zFbooQZB3_hn2xiodGKyOwLG3NDhLQoFdaVQGCFngQ,23.618711471557617,49.71896743774414,25.96578598022461,36.75118255615234,90.525390625,21.94189071655273,170.8101348876953,101.66205596923828,79.73517608642578,33.20972442626953,64.1719970703125,53.12177276611328,84.21551513671875,14.912676811218262
cED5o2sIjQfsgJA9c6wvxhsUTnQz6ZoqcwJCmQjnhJs,22.64342498779297,51.39448928833008,34.147457122802734,38.96150970458984,124.73866271972656,27.886850357055664,173.4594268798828,119.91519927978516,81.07070922851562,35.749271392822266,63.94114685058594,62.76924514770508,105.35202026367188,16.87349510192871
cTfAPRBOZ-XM_N5yTgv5klsdslP7k3shffq5KzfSs3w,21.941696166992188,49.963775634765625,28.195348739624023,32.88330841064453,94.87334442138672,25.08446884155273,169.65496826171875,97.08084869384766,80.40592956542969,33.46949005126953,60.25248718261719,51.55775451660156,75.72407531738281,15.59873867034912
b8lbSlmABHQ3WjdWXt7FDitnjCHBSkUz42oLXRqu_DU,22.796630859375,45.67383193969727,25.656753540039062,36.68593215942383,85.3080062866211,22.835338592529297,162.29005432128906,94.68377685546876,72.55516815185547,31.09188270568848,60.697872161865234,49.22647857666016,72.93648529052734,15.022627830505373
cvDF05jdSdIyiAp3A7bMnxg2KZ0zwUksDXYsLW1w2NY,23.82805824279785,50.427730560302734,31.06682205200196,37.06991958618164,109.53543090820312,26.85001373291016,170.41500854492188,103.02649688720705,82.19337463378906,33.969722747802734,60.02614212036133,53.40822219848633,97.35601043701172,17.295541763305664
dvjGm4-TJHm2M9vd8Pz8yfzM6iMUytUB_WwBVu3oP6o,22.09158706665039,44.69334030151367,29.70075225830078,35.67781066894531,101.34762573242188,23.944738388061523,159.79754638671875,102.48490142822266,71.61196899414062,31.670143127441406,58.02763366699219,50.53950500488281,91.99510192871094,16.109832763671875
d9tIaDZjr8t9DJAstEk0Tx373Ni-r80URAlZkLsDGr8,20.85936737060547,45.30813980102539,22.5139389038086,32.47772216796875,83.39971160888672,20.65333747863769,154.67930603027344,84.48629760742188,71.13334655761719,31.40195655822754,54.955345153808594,43.49323654174805,65.71483612060547,13.21943187713623
bb50fznydqH1fgzmFijGcaLtYv0A7rthQQCCTGRlJU8,21.198774337768555,49.367488861083984,27.335908889770508,33.53941345214844,96.3050765991211,24.37021255493164,164.83982849121094,93.2090835571289,79.05516052246094,31.29913902282715,58.92668151855469,50.46256637573242,75.6490707397461,15.493438720703123
evD97JVk2hX0oa09ckL0at05ZUtRrlBG_ynLaE-qJAI,21.10186195373535,50.16850662231445,25.01377487182617,33.59849166870117,86.8549575805664,22.931644439697266,169.7779998779297,93.39957427978516,78.0027847290039,32.68589401245117,62.69937133789063,49.82701110839844,76.11349487304688,14.69743824005127
c2wRe4_1XQ8SgSyvdQ1q_3dSqL1z6UENXH7995g_JcM,22.660329818725582,46.72514343261719,26.80648231506348,36.37644577026367,89.02261352539062,24.677854537963867,165.4566192626953,99.5487060546875,73.28317260742188,31.42520523071289,63.72483444213867,52.05584335327149,78.4639663696289,17.54163932800293
enh8WbWz9Ol669Z5u-vLDF820m2dn9iICA9_z6jl_lQ,23.93451690673828,53.25941467285156,23.767074584960938,34.980690002441406,83.83202362060547,23.12618064880371,180.44290161132807,93.01581573486328,84.37693786621094,33.71669387817383,63.645015716552734,48.11167526245117,70.76034545898438,15.923686981201172
cJhdSENkbMN0ZodggBK38f_kZJGZqkGPADVwcEohI8I,22.721303939819336,46.223121643066406,26.82486343383789,35.21965408325195,83.56680297851562,23.16979217529297,160.67520141601562,89.96238708496094,74.4000473022461,31.023906707763672,56.72824478149414,47.46886444091797,72.15530395507812,15.67077922821045
fVpAG_A95WbhNPXy_ucAI8OZav8gPuR3XNf_g_fvtRU,21.719690322875977,45.539310455322266,25.785812377929688,31.79709815979004,93.01215362548828,22.51180458068848,155.27716064453125,99.53684997558594,70.73629760742188,31.751813888549805,56.404296875,50.23671340942383,80.78389739990234,15.29905605316162
f5nHfVaq9zhTSzegIjT27PK43lmiUeYo9CKJ4xLmsMI,21.47439193725586,46.4166374206543,23.12076187133789,31.415138244628903,83.20680236816406,20.159168243408203,166.23001098632812,95.83859252929688,74.86678314208984,31.26689720153809,61.39165878295898,46.12004852294922,75.71871185302734,13.727659225463867
ciQGNWqXFbUG0X0oOCSQdOG_LNhPYJP1CoiUAonmYPU,22.653749465942383,49.35232162475586,28.20390892028809,35.199424743652344,92.72525024414062,25.63346290588379,164.66419982910156,95.50276184082033,76.69154357910156,33.205074310302734,59.31172561645508,50.4877815246582,78.9176254272461,15.52091121673584
gbOA_pKwN8NQJzx8oh_wTCbJ5I2qdFvMEHX13gffEQs,21.34702491760254,47.47970199584961,21.95785140991211,32.261993408203125,84.3725357055664,20.759429931640625,166.78639221191406,89.49312591552734,76.32899475097656,30.399126052856445,60.65035629272461,44.99494934082031,70.62446594238281,13.97754955291748
g5dXQOee9z0ycjenYwpludqK5JBLEXxA3VAPP7S9jj4,23.26009750366211,46.66791915893555,31.11695671081543,37.15678405761719,105.8432388305664,26.47806739807129,165.52645874023438,117.447509765625,74.4620361328125,33.54068374633789,62.505645751953125,60.4500732421875,92.8046875,15.978811264038086
cPc0TYYxwjT9EmZKXpwFPnjcFFeZTveIrwhAcTXKHFA,21.13438034057617,47.122928619384766,24.03095436096192,33.7913703918457,87.77751922607422,22.02626037597656,163.4244842529297,93.66667938232422,75.8955307006836,34.54420471191406,59.087432861328125,48.0843620300293,80.07501220703125,14.403146743774414
d5H9abc2bG5ZGZwxq-6RviKO0P_gHhZ7Gv5-mMc7F4s,23.41423797607422,46.632205963134766,25.22592163085937,37.16207885742188,86.21086120605469,21.84325408935547,162.60032653808594,96.89122772216795,72.93154907226562,31.07225227355957,59.12992858886719,50.46226119995117,75.24242401123047,14.416463851928713
dGkbbUHmDrosO26yS6FqQgUpR8McngfEQJrRtKnfnvg,21.911977767944336,46.05867004394531,25.87163734436035,35.17911911010742,84.28147888183594,22.23338508605957,161.02944946289062,100.90899658203124,73.33358001708984,30.149885177612305,60.05119323730469,53.24142837524414,75.298828125,14.48422908782959
ela3K7d9qiwzugqKZNlQXf8SKGvTCYN9Uwoj6RdRDBk,20.84406280517578,47.56441879272461,28.784204483032227,34.1290397644043,98.15022277832033,24.558822631835938,159.15362548828125,101.25994873046876,72.45219421386719,32.15092849731445,57.75505447387695,49.610111236572266,86.90574645996094,15.400731086730955
hMKcIQojYeupT1_PWjV6XDlmsn_7mNWQmRChPzjIJcg,22.87248420715332,50.3825569152832,28.050371170043945,34.24008560180664,99.97323608398438,22.82615089416504,174.20008850097656,99.251220703125,80.20066833496094,33.50370788574219,64.10486602783203,51.96244430541992,80.47161865234375,15.60745334625244
euYIzweveWQR2YkbEJBkSeRsOXNjePkXxNQdCHVc72Q,24.782411575317383,49.35774993896485,36.321876525878906,44.895599365234375,107.22444152832033,27.420307159423828,172.80796813964844,120.11255645751952,79.72911071777344,35.79728698730469,64.97427368164062,67.77145385742188,94.65394592285156,16.40015983581543
ikt5hpg4u--nWYDSMAfZXOVZhhah-YtX7p6p7q8Hg6I,21.672325134277344,50.71684646606445,24.57407569885254,30.89956283569336,87.88798522949219,22.87969970703125,174.7017364501953,96.4908218383789,82.64936828613281,33.16676712036133,61.04874038696289,46.537296295166016,73.1524658203125,15.13335132598877
hX65CmXWMoDEXceked4Bz4ft0eujzDmHJMUM8TcVvdo,25.234281539916992,50.40204620361328,37.49484252929688,40.58110809326172,116.06432342529295,30.38727378845215,169.68325805664062,115.04203033447266,78.82750701904297,36.65241241455078,61.99922180175781,62.48875427246094,91.24932098388672,18.681537628173828
hsn4SIwxi7Oq1tU7M81Nc-7QDHznAaiTln5Jz04SeD4,23.54276466369629,48.712623596191406,25.924362182617188,35.613670349121094,84.56294250488281,22.828474044799805,167.70223999023438,91.70751953125,76.17232513427734,34.20514297485352,61.72636032104492,48.40403747558594,73.6178207397461,14.480243682861328
kXcmuWtWua9QBmggl8WinzOTK699TzhEB-Ppwb7FjV4,23.484424591064453,45.82311630249024,23.602453231811523,33.438350677490234,94.55376434326172,22.18912696838379,163.82443237304688,96.27842712402344,73.93250274658203,32.80788040161133,58.36444091796875,48.46366882324219,80.7969970703125,16.27678871154785
jw4ADW38_ehDYm6YP4yV6se4PZRG9nDgWz9ceUwyIsU,22.29874038696289,45.460731506347656,26.01460266113281,36.18507385253906,84.2166519165039,22.739097595214844,158.58615112304688,91.49748229980467,73.37525177001953,30.167272567749023,56.51911163330078,50.17915344238281,72.50251007080078,14.878790855407717
hdX0tCobySqi8hLYy8c_K22HD7YBC97Hx2wkqA0MrF4,21.352752685546875,49.3358268737793,26.58416175842285,33.41831588745117,89.73884582519531,22.48446273803711,163.08160400390625,98.63542938232422,75.34771728515625,30.955961227416992,59.23847961425781,50.88905715942383,77.42766571044922,14.525195121765137
kmHT8QMfCU_tKs4IRz_HopuquzIQN4F8iJrv9uixchc,24.23284721374512,50.555931091308594,24.37968063354492,36.59907531738281,83.7279281616211,22.90543556213379,169.3311309814453,92.15756225585938,79.36194610595703,32.523311614990234,59.79445266723633,48.07646560668945,73.85343933105469,15.48781394958496
mNmNJAO5YfrQkqGe_gEMVbmpSzq3NOffDz3VbzAfnbQ,21.30329322814941,44.597652435302734,23.803401947021484,33.792518615722656,86.9779052734375,21.303071975708008,158.38726806640625,101.40231323242188,70.38258361816406,32.66963577270508,60.03941345214844,53.8365478515625,77.27067565917969,14.449481010437012
jX5uELDMPHB1r9RnA1o3R_JNVNaViHpbmIxAH3v8DnA,24.367719650268555,48.07777404785156,25.753028869628903,34.01276397705078,87.050048828125,21.724044799804688,166.95187377929688,94.3018798828125,76.50614166259766,33.9581413269043,60.334564208984375,47.71963119506836,73.6092758178711,15.3729248046875
nY_tYlRMcPO6BiPSsGT7U7CVrJwG98ZfVdZuj-Xj0s8,22.00508689880371,47.594505310058594,25.526756286621094,36.104400634765625,93.7060546875,22.839216232299805,164.8315887451172,97.49845886230467,75.02894592285156,31.69921112060547,60.13838195800781,50.147369384765625,79.91876220703125,14.387580871582031
k1pRntj05Wsoev_SLDOZ1d6T3f6RuQxx3HxHNuy0Dck,23.626543045043945,45.50762176513672,33.48411178588867,40.584590911865234,103.45682525634766,26.33811378479004,163.4735565185547,110.0076904296875,71.63565063476562,33.67534255981445,62.3489990234375,60.14409255981445,96.56825256347656,16.476856231689453
o0zjtk8Whbm9Pf77k6cVPACb4bL6zCwFw0Byny04B-Y,21.127838134765625,46.00719451904297,24.6171932220459,34.53907012939453,88.89712524414062,22.568098068237305,156.1063995361328,88.19871520996094,72.60569763183594,31.385873794555664,56.75236129760742,47.08922958374024,72.02481079101562,14.602705955505373
l2MmaBYj5jHK-6izflgKdfQJ9VfeMtM4zw5bXMjUpwY,22.5994815826416,51.24768829345703,23.028100967407227,34.06293869018555,79.63587951660156,22.434276580810547,176.56785583496094,95.42781829833984,79.84883880615234,31.739389419555664,65.4268569946289,45.91661834716797,71.5421371459961,14.893820762634276
ndQmIqL9tdnNKKZzeQPLHaG1oLf1UBIIF3I1sHvWExY,20.64073944091797,44.14308166503906,25.259559631347656,30.967878341674805,88.08157348632812,21.469802856445312,147.58071899414062,94.972412109375,68.62554168701172,30.41425514221192,52.67649459838867,49.552059173583984,72.42755126953125,13.886323928833008
oltX4f-GEqRvJbjI2lsfXavAV39ZVaGlHOsn9S8Jdjw,22.821090698242188,44.09199523925781,24.00816345214844,35.964717864990234,83.66294860839844,23.34552001953125,157.72381591796875,88.99374389648438,69.73997497558594,31.17905235290528,58.06318283081055,51.747745513916016,65.99639892578125,15.121159553527832
lj_E0rjQIchHtS8Fo5tbDSR2pwF0GWPTCc0wJxdz8Pk,28.17772102355957,41.30948638916016,41.892215728759766,45.65169143676758,111.75739288330078,28.755952835083008,151.4012451171875,122.551513671875,65.23286437988281,33.432151794433594,60.94424819946289,64.43386840820312,94.84317016601562,17.461732864379883
jpCMhSbmRPNpbDdZdI7hZd8Y9av7i5cn29ylTCJHxfQ,23.372190475463867,46.945343017578125,29.28286933898925,35.36946105957031,95.20720672607422,24.665891647338867,165.2730712890625,99.22045135498048,73.54569244384766,33.73960876464844,61.92187881469727,53.16653060913086,78.38206481933594,15.757991790771484
pPrKlT41Yvd82NOaN31WwdTZwVaTuDttLgy6FmMzRAM,23.94035720825196,49.6750602722168,45.75299453735352,44.192752838134766,133.68797302246094,31.70250129699707,166.0645751953125,146.67922973632812,74.61133575439453,37.38963317871094,64.01160430908203,79.95913696289062,118.83029174804688,17.811643600463867
mrJrmDWqztxtflUdZLjP22a4Zc3BmKrenkQbNvvUY48,24.99942779541016,48.38958358764648,34.472557067871094,39.31583786010742,115.58526611328124,28.86141014099121,166.9329071044922,108.59877014160156,78.39320373535156,36.45106887817383,60.52872085571289,57.93536376953125,97.3989486694336,18.41464614868164
keIXnzG2_SICqPzhM1RpNigNR2A483pLl3s2E0CGNWc,23.462671279907227,48.77887344360352,32.39948272705078,40.50746536254883,95.42520904541016,27.023801803588867,165.04067993164062,101.897216796875,76.67761993408203,33.5988883972168,61.04560852050781,56.61137390136719,83.93161010742188,17.233266830444336
oN2-idLw7Rm54q36EAA_1Jt1wJ2xzi-EzFiKcIZaayE,21.68725776672364,48.8167724609375,27.97294807434082,36.30759811401367,92.23452758789062,22.687414169311523,164.26846313476562,98.4791030883789,76.89497375488281,31.939098358154297,59.38615798950195,53.90739440917969,83.24673461914062,14.99420166015625
q08r7gS_ZvdJRTZ95a2G-2gWaLlDLF2zXWoG9uxP77E,21.61135673522949,45.87477111816406,25.06392288208008,30.265913009643555,106.5754623413086,22.82919311523437,148.33839416503906,95.8532943725586,72.311279296875,32.776790618896484,49.602840423583984,43.72093963623047,87.12220001220703,15.014939308166504
nwAfc1j85ArcxylcM7R3QrbLOO7U9nq511DysV5fztA,24.00303649902344,47.50822448730469,29.29958152770996,39.36126708984375,90.49962615966795,24.542858123779297,168.7920684814453,105.15420532226562,76.570556640625,33.44629669189453,60.9712028503418,57.86562728881836,77.7249755859375,16.53117561340332
petaqFJr80kYQwcULgKLBZM751R31wsHcdxSrjGvw6M,23.893165588378903,46.015438079833984,30.213939666748047,38.21360778808594,100.18464660644533,26.018882751464844,161.3913116455078,102.81208801269533,71.08427429199219,34.50034713745117,61.46821212768555,54.79384231567383,84.85214233398438,15.856831550598145
oXJXeWQCkZ6XQPEADaiAImvFuO4e55ImBKrpZUlNqLc,21.81919860839844,46.47924423217773,25.5349235534668,34.144561767578125,85.23377990722656,22.25495338439941,161.44558715820312,90.26654815673828,72.88184356689453,31.44712257385254,58.75657272338867,47.19175338745117,74.91643524169922,14.84589672088623
n3jnfpTNc_uE4yo22sGNY67Ha74tyA4DPSJNMBEGVlQ,21.69669532775879,45.333534240722656,23.304235458374023,34.8669319152832,82.61219787597656,21.61745262145996,158.31265258789062,87.2473373413086,70.3357925415039,32.88346862792969,57.77326202392578,47.29428863525391,70.48238372802734,14.275934219360352
qFzAW1qkXMC0OZfRr7LfqyUx7Rea3XaF3s4OyyAW_Ss,20.61141967773437,45.85828399658203,24.34162330627441,30.91311454772949,85.99425506591797,22.00308418273925,155.57760620117188,90.89820098876952,69.50788116455078,31.26479148864746,57.4295768737793,45.045223236083984,71.19369506835938,14.526215553283691
pCtBcyQpIqGHleYiYqjTjmAMDTnblvQxDCuAOhgDCpo,22.828140258789062,48.943946838378906,31.74589157104492,40.96851348876953,101.40530395507812,26.95004844665528,167.31307983398438,103.5722885131836,76.67330169677734,34.22502517700195,63.10218811035156,57.23635482788086,84.83833312988281,15.945197105407717
qonjbwPDaE7YGZe6LpVQJSuWiZ-n3ttgMF3mNrqoKx4,22.2119369506836,54.83507537841797,21.38933563232422,30.65536117553711,82.86830139160156,22.986223220825195,176.51402282714844,85.50804138183594,87.56453704833984,33.365257263183594,58.09700775146485,41.80410003662109,68.84043884277344,15.071009635925291
q6ig-2R6NfsMqvwKFixtgth6Vr2OE2s_MBsJR_a_7QA,22.163442611694336,47.771297454833984,23.98973274230957,32.061973571777344,82.030517578125,21.807064056396484,171.48081970214844,88.18844604492188,80.67779541015625,31.942428588867188,60.1504020690918,46.259010314941406,72.34352111816406,15.66745376586914
oMdk3OxkzuvOn1WINMez5L4rfCmYscyZlkWoMw3Y8J8,23.690975189208984,47.41217041015625,29.172752380371094,36.78478240966797,91.7413330078125,25.922021865844727,161.44691467285156,96.70579528808594,73.54632568359375,33.071048736572266,58.24550247192383,56.66355514526367,72.98049926757812,15.994412422180176
p4x9jFL_gMbiDN8z3NIPNVSla2s9y6SEnQh8Z3d2-tU,24.93498420715332,47.15665435791016,34.8792724609375,42.16419982910156,122.40410614013672,29.12225914001465,167.67599487304688,134.97315979003906,72.9847640991211,35.561363220214844,64.9100112915039,66.18486785888672,113.98226928710938,17.765316009521484
rVgKz6uA6gO8wmtxkY8oU3Fe3k6OHDOAhAPbGVpY32A,21.36083984375,47.49720001220703,24.994962692260746,35.379859924316406,85.93938446044922,22.188705444335938,163.96397399902344,91.87777709960938,74.04557800292969,31.495529174804688,59.05287551879883,47.82808303833008,70.99883270263672,14.83094596862793
pSd0beSmYvV1UqS-Fj0IG1DyKzuQ7nlB5O_2BvotvX4,25.10280990600586,48.91142272949219,29.41641998291016,35.4476318359375,91.41998291015624,26.447826385498047,169.4326934814453,99.64161682128906,78.49408721923828,32.59700393676758,61.18728256225586,48.91361999511719,81.70652770996094,17.240327835083008
pozisiuLWWhbGu0knoxSdfwUaXBHDLyJdOqiTLAlzOM,23.3159236907959,46.78036117553711,44.02296447753906,39.82108688354492,135.1743621826172,29.57540702819824,165.2130584716797,139.84869384765625,72.6218490600586,38.61885833740234,64.79528045654297,77.89595031738281,119.10179138183594,18.635631561279297
sT2J6ZYhZch-m0azKHNV9fPVY0GSLEo6mG1oYy7Dwbo,22.513721466064453,46.81166076660156,28.08953857421875,34.591773986816406,92.51136779785156,25.054733276367188,166.5849609375,102.33650970458984,77.68157958984375,33.39989471435547,59.44476318359375,54.30698776245117,83.01789855957031,15.36985969543457
q1FueQkgYQ_wcgSXzw-rr9w_CFhDtWcO81iyWO-wrK8,22.736291885375977,43.69074249267578,27.11396789550781,36.72050857543945,88.85655212402344,23.94780731201172,159.11843872070312,98.41423034667967,70.15994262695312,28.93869972229004,58.97036361694336,51.98648071289063,72.04501342773438,16.049304962158203
rHuEAA6EHJt4hz3VfhWpBrqR1lsecV8IHbeZXuBSTtI,20.5705509185791,48.022342681884766,24.62867546081543,31.36764335632324,90.4685287475586,21.52683448791504,165.29429626464844,95.23847198486328,75.11573028564453,31.94989967346192,60.33987045288086,48.5728874206543,77.23585510253906,14.250187873840332
qY9aOKuirc4g-3LxZYZYvrZcKyGaf2iX2SQOQPoVdmg,25.19598388671875,47.916786193847656,28.38517951965332,37.03343200683594,102.5239028930664,25.46991920471192,166.32064819335938,100.97128295898438,75.64629364013672,33.80148696899414,60.91518020629883,51.389007568359375,90.82778930664062,17.124866485595703
s73uwxdvhJuFb0X_OsdUA1BhMk5gx4RmzNw0cwy_2Fw,22.04071044921875,51.10592269897461,30.46459007263184,36.31544876098633,97.53692626953124,25.24164772033692,171.095458984375,104.43985748291016,81.07544708251953,33.73054885864258,61.39269256591797,56.18711471557617,85.0018310546875,16.46780014038086
sp4sZkTs3ceVv3gizbv3lD2PSQvkQjerP2VFEZ9Vi1Q,24.66290283203125,47.01832580566406,37.27886962890625,40.7122802734375,126.55325317382812,31.411794662475582,164.83499145507812,113.96788787841795,73.08556365966797,36.9907112121582,64.75165557861328,60.29732894897461,102.7363739013672,17.41641616821289
qzBByobQQSjIWJl4xB_8P8RdEXgdoa1N429Qk6rmOzw,22.0017147064209,45.38535690307617,22.87360382080078,31.52174186706543,78.1948013305664,21.081039428710938,162.94700622558594,83.88323974609375,74.16930389404297,30.584716796875,58.108131408691406,43.73171615600586,65.86849975585938,14.196364402770996
v1lTWJL_fmILp-MVCJP95ti6NQ6HMkF3JDH_4LhCWa0,24.465246200561523,48.0556869506836,27.487394332885746,37.65456008911133,100.46336364746094,24.155067443847656,161.8188018798828,96.9052734375,74.09327697753906,34.55228805541992,59.5240364074707,50.22360610961914,80.70370483398438,15.987314224243164
rF5hMzRNGQQd2t2NMAdPO0puaVfSbW4WLllam0oItto,23.43723487854004,47.60439682006836,27.33773803710937,35.485931396484375,89.05474853515625,23.983198165893555,168.6504669189453,92.29608154296876,76.46949768066406,32.17472839355469,62.60335540771485,50.552852630615234,76.74288177490234,14.54098892211914
tCOAShvXLzKE13qSmwOsQgb1JzpZczOVK0mCgCHtd6U,21.51425743103028,43.95656967163086,24.136690139770508,33.46804428100586,84.4139633178711,22.25093078613281,155.16558837890625,89.1711196899414,71.35382080078125,31.07993507385254,54.55411911010742,48.26158142089844,71.13429260253906,13.846755027770996
vzqB2fio0A12TbuTFf9yA1x4WXQ3iLVjrZGB48I1Fek,22.11282539367676,47.49659729003906,30.167694091796875,35.30430221557617,98.22112274169922,24.826414108276367,165.01345825195312,99.46007537841795,76.19869232177734,33.617923736572266,59.92428207397461,47.42975997924805,93.62702941894533,16.294103622436523
sKLS3PYRYIwRlNcVaVcyt5PFfFFxwXUV67O704IvTkk,22.69847297668457,44.00338363647461,27.10500144958496,36.93424987792969,90.87706756591795,22.00771713256836,153.83673095703125,94.9633560180664,68.4061050415039,30.54900550842285,58.29987335205078,52.34205627441406,81.97277069091797,14.355318069458008
wKgllBySGRgqwQEV0Ty5QLsq45EviD8GB1ssvdbrpFM,25.941308975219727,50.99336242675781,31.4035701751709,39.64133834838867,100.12023162841795,27.781309127807617,174.00332641601562,106.76642608642578,81.94398498535156,32.11540985107422,62.80204391479492,57.62318420410156,87.858642578125,17.583349227905273
uf08nHj8NW5bU1jKEJqScNvFUONolbU1e2GOkQbJx4E,21.57962226867676,46.48125457763672,26.657825469970703,33.96314239501953,92.73467254638672,22.94083595275879,159.52151489257812,101.98900604248048,70.69295501708984,33.14019775390625,61.87552261352539,49.01618957519531,88.13333129882812,14.987174034118652
rbLZ3JoX6YEvQ_gQ5Byu4y_HfwlX7udlhLGZr5tDMAc,23.78845596313477,46.31443405151367,29.86294746398925,38.6709213256836,98.73133850097656,25.827369689941406,170.85247802734375,101.78359985351562,77.083740234375,32.11595153808594,63.6063346862793,56.03721618652344,86.51850128173828,16.24985694885254
sz5sjW6rK1Gay3i2X85fGHu0FYbSh7b8q9BcKNpMq4k,22.00931739807129,47.20808029174805,26.518442153930664,33.696102142333984,96.5478057861328,22.25035285949707,166.90000915527344,94.8519058227539,75.79389953613281,30.90269470214844,60.68627548217773,48.52593612670898,78.07185363769531,14.42735481262207
sViq7Zrbp5qpdGZk0ZgTOX6s0Cpid5L1D4uNRseSxII,22.54378890991211,44.194915771484375,30.07944869995117,35.678199768066406,95.38391876220705,25.567943572998047,155.887451171875,99.31116485595705,69.95939636230469,31.543825149536133,57.74092483520508,53.47607803344727,76.53988647460938,15.811558723449709
tGS2BVEi9Qo6wt-O3AYsb5-CTHP-rcDKjsgQTKvBLd0,20.71603775024414,45.24444961547852,25.619230270385746,31.71144294738769,87.3726577758789,22.382295608520508,163.26373291015625,94.23463439941406,74.75240325927734,30.862831115722656,58.21338272094727,49.334354400634766,75.61973571777344,14.361654281616213
vpjLNAha8VZXB2W0_4xNRPpNwYXjGJpj_nTPzMENOao,22.783571243286133,49.379493713378906,29.909448623657227,36.5007209777832,103.9106674194336,25.081029891967773,167.0238494873047,109.64402770996094,74.97706604003906,34.54568099975586,63.28150177001953,59.13224792480469,97.87801361083984,15.740374565124512
w1-o7ZTIxV1_Ny-2JD9HhO1vMWfa1rDq7m4tMKBb6is,25.31242561340332,48.61738586425781,28.89505958557129,40.78025817871094,96.11703491210938,24.950416564941406,168.55821228027344,104.86222076416016,76.33365631103516,34.24020004272461,62.09727478027344,57.04524612426758,82.81705474853516,16.88035774230957
ybQWJXvc-zx1kYtlTwfSChUBV95bO34weqngDFBl7zc,20.179786682128903,45.42036056518555,27.110088348388672,34.3290901184082,90.91001892089844,22.67138862609864,159.83758544921875,97.8210906982422,72.94312286376953,31.26985740661621,59.288536071777344,51.9166259765625,77.84064483642578,13.8921480178833
uTY5FBgjLxijNJB_uG9Phgf0RqpZGA9waXkl3cUZZOU,24.16083717346192,53.29075622558594,29.43998336791992,38.98701858520508,111.9489288330078,24.6101303100586,181.28956604003903,110.65951538085938,86.33039093017578,34.96834182739258,64.51005554199219,55.37114334106445,106.89592742919922,16.35846710205078
v3ClQb9YrQhd827TorO4lK6E0tXA7FdnOJWrVrfLSWw,22.978160858154297,47.13661575317383,27.24659919738769,38.72966766357422,92.25390625,23.344900131225582,164.3145294189453,101.87239837646484,74.2899398803711,31.492412567138672,59.80317687988281,55.130218505859375,74.95597076416016,14.847493171691896
xxc-j-QEiwIlUhhugmK30VWxX8bhUMSvtoo7vpST4Nk,22.33392333984375,47.319374084472656,28.228137969970703,34.40188980102539,104.07479095458984,24.645545959472656,161.37564086914062,105.46807098388672,74.10980987548828,33.64350509643555,59.43576049804688,51.44474411010742,90.72262573242188,15.48863410949707
uAaeY5FmyJfEpMHU7YWHwciwCnSDkykg-eN2dn3mgEU,24.196001052856445,47.69613265991211,26.94579315185547,35.33589553833008,88.20762634277344,23.06339836120605,170.29579162597656,101.3361358642578,78.99956512451172,31.972576141357425,60.9065055847168,50.62940979003906,76.82234191894531,14.846549034118652
vkFxfhTE30mCmnR67HYRg68RqO8ijppJdNDL9bVf05g,22.24357414245605,47.18244171142578,28.27740859985352,34.85755920410156,101.43130493164062,24.622840881347656,162.46322631835938,106.68275451660156,74.70027160644531,33.599647521972656,60.42001724243164,52.05024719238281,90.44001007080078,15.762411117553713
ukeiRGOQVbel106MYzhFhhyhE3iWMsb6ShJdu9avS14,19.62324905395508,45.343727111816406,26.34117317199707,30.52866744995117,93.68939208984376,22.15532493591309,156.58755493164062,96.0211181640625,71.72320556640625,30.910459518432617,56.837215423583984,48.247676849365234,74.84452056884766,13.961709022521973
ywxDJa9T9e9-ISArokH6itc4fwDRTCLuOHLZzOS2Tgg,21.85151100158692,46.068824768066406,23.502166748046875,32.29181289672852,76.87409973144531,21.874670028686523,153.8520050048828,88.16936492919922,70.18254089355469,30.833351135253903,55.29157257080078,46.29059600830078,64.93624114990234,14.171270370483398
w0K2f8Ydmh7_1N0VxeIBKUnmvETZCTouvGfziitms5Q,24.269433975219727,44.45896911621094,29.43222427368164,39.24693298339844,98.13842010498048,25.30973243713379,157.58770751953125,99.04519653320312,68.11540222167969,32.94301986694336,59.740821838378906,54.028446197509766,85.7982406616211,15.507243156433104
vH4d2L_hLSPylpEzrjN_HUFZ4eJEeJosXMfbaM-5lsk,22.31549453735352,50.85953521728516,26.64345359802246,35.94487762451172,95.08851623535156,24.209856033325195,168.25755310058594,97.91116333007812,79.50326538085938,34.37588882446289,60.05745697021485,51.96649169921875,77.73635864257812,15.923954010009766
vwclMeCf6yVTZohEHBar99joiWwKKky7-8CN5dqG86E,23.324079513549805,48.81241226196289,27.312545776367188,36.6661262512207,86.88211059570312,24.60305976867676,167.1432342529297,97.19969940185548,77.85028839111328,33.760189056396484,59.28926849365234,51.4102783203125,74.34668731689453,15.608335494995115
w1S9C2SVqoRaq78o9aRcm2V2EQgZM8QKNKon8CGQlqw,20.94826316833496,49.96067810058594,25.225053787231445,32.25811004638672,96.05902099609376,22.37928771972656,166.60040283203125,97.93219757080078,79.19334411621094,30.273731231689453,59.76244354248047,46.82764434814453,79.17115020751953,14.471644401550291
ylbrWq_zykq1nB1Ru7nrQQ5CRnVtK4551CECb51_Pzk,21.54598426818848,45.4085807800293,27.16790008544922,34.23822021484375,87.74999237060547,23.86965751647949,157.0930938720703,91.8823013305664,72.13574981689453,32.659149169921875,56.97841262817383,48.51533508300781,74.35658264160156,14.940569877624512
zCYO_1v9_1cSq5-zjqKoPweA8AOYYRDZaaggWwktp14,23.037412643432617,50.3214225769043,24.211856842041016,32.13215637207031,85.03223419189453,21.701828002929688,166.2349395751953,91.2589111328125,79.2607192993164,31.13255882263184,57.53141021728516,48.71654891967773,73.81675720214844,14.949278831481934
yJUrBXGs72HhyPUsNfLJO5teaG5VR0-Wz-fCZW-L680,22.34717559814453,46.71375274658203,22.61631774902344,34.5859375,84.99656677246094,20.987842559814453,162.20294189453125,88.92818450927734,73.79429626464844,30.86964988708496,60.02198028564453,44.17591857910156,73.9261474609375,13.739646911621094
z-W3VNHWddUvT2Q6UkY1YWz4bFV3UGmxWW3dKksNMmY,22.2053451538086,48.2197265625,22.31134605407715,30.157072067260746,84.76545715332031,21.59163475036621,163.32542419433594,88.22156524658203,77.71344757080078,32.297630310058594,56.53960418701172,44.23843002319336,67.03361511230469,15.509434700012209
