subject_id,photo_id
-5OHO2b5mRDY1rvAf07sYYtekEEX7ViEGmvRr7l4tfc,69748a13010a169df0f7cb986ac1129e
-67TrwlJ3GSsqPeHaa2Nb0iQ-BKZfIx4ERysQPZ0-SY,ecb8c4b1031624047de1493c7e8b3905
-CQBOT5zSJk5ZYlZ4cgBP2x4lzzLLdPC6sIbhUHYddI,c4a623b8c695bc7117fe33fb477e21d8
-CQBOT5zSJk5ZYlZ4cgBP2x4lzzLLdPC6sIbhUHYddI,254f7acb644d4113edf94a6fa3b3d152
-CQBOT5zSJk5ZYlZ4cgBP2x4lzzLLdPC6sIbhUHYddI,12f608093cac0c52a41a855c694a586d
-CQBOT5zSJk5ZYlZ4cgBP2x4lzzLLdPC6sIbhUHYddI,bce33b8d3f0fbe2fb08b80f7356ef4a2
-CQBOT5zSJk5ZYlZ4cgBP2x4lzzLLdPC6sIbhUHYddI,f7ac8f3ee0645855f088cc8d213198a0
-CQBOT5zSJk5ZYlZ4cgBP2x4lzzLLdPC6sIbhUHYddI,084a938ea27cfe695205db36f9ad3145
-CQBOT5zSJk5ZYlZ4cgBP2x4lzzLLdPC6sIbhUHYddI,06284964e245e85c88a24e8036f36ddc
-ENkfo777FGDxVRXMHmkujRtZle23u0_smgNc2pQuUY,aac7c8bc568e32a2b6a3d8ecc2be2316
-ENkfo777FGDxVRXMHmkujRtZle23u0_smgNc2pQuUY,85b3dc8094cbcdf68632fdfc2bdbdbb9
-ENkfo777FGDxVRXMHmkujRtZle23u0_smgNc2pQuUY,66ce4906e1dedb7e1cb8b8b770bbf490
-ENkfo777FGDxVRXMHmkujRtZle23u0_smgNc2pQuUY,30b50a81ba3e1ceedfdbb9a368a5ec76
-ENkfo777FGDxVRXMHmkujRtZle23u0_smgNc2pQuUY,1a617423c42c0419a632b28d5f6a2e92
-ENkfo777FGDxVRXMHmkujRtZle23u0_smgNc2pQuUY,8f12519aa9e41d4ee8592d1b344ad5b0
-EujjqWPZ_L0NO_RqgxJ79mA23Tjj33cYAoFaysL4I0,9554c0272e9838ecd21efa04fcb53973
-QVnfQ26qAbPK2NBge_b9gErXDn4CdOYWdc4fILEjjQ,dff3637a8300a43b463a162f2171bf0e
-cVyBck9teEIqY0XFjfj5XuSX-RPHG8mWNFEaP5wDWE,4122d01d913e03ae394f8cd3666c7df8
-c_G-UGrzClrDaGeYF9dAts4LHTS7ucdaBFDpn_sOE0,7283add526661fbd3198a4f6ae3bb86a
-c_G-UGrzClrDaGeYF9dAts4LHTS7ucdaBFDpn_sOE0,c86badd86983b50f3bdf6ae7358b1542
-f435rmMBWdNpQenjlVoMqciq2qSKrVkdrcdeBhFadA,a477b468b6c57e5f308cf3f223f4b790
-f435rmMBWdNpQenjlVoMqciq2qSKrVkdrcdeBhFadA,78e93894e0a1ab3fb4a0bba5d6f7fa2a
-gMnbkDTbXza9PMNAhyVL5xBmz4VZQU_7eNooMMvalk,fe422f124ddec8e6833f32af5708a0f2
-gMnbkDTbXza9PMNAhyVL5xBmz4VZQU_7eNooMMvalk,ffac6fa3a75ae438da0b4ab63bafdf30
-gXu1nZDGq7CwAyObp3f3MhE0r5BBxuer9T15M92u-U,6f46e46375054c9b5c0451f93095579a
-gXu1nZDGq7CwAyObp3f3MhE0r5BBxuer9T15M92u-U,e49cbfe7022e8d2e4b9061403bdb80c1
-gXu1nZDGq7CwAyObp3f3MhE0r5BBxuer9T15M92u-U,a4b604f813e9e004153741ff2fdc49a3
-gXu1nZDGq7CwAyObp3f3MhE0r5BBxuer9T15M92u-U,a22fc940a48910de63187c5b8b967356
-kOx6TND-xhoWgxKctLcShlDXu7NGp1nFzUNlIqDC8E,54a37eb452f1ea141471abf6ca9e0d48
-nb6YMhnr5iOO8SbyCamexRSVRxegqztWFmTJZM2X94,41a78b103d38776077e906f89c321175
-sHYg3xM3uHrzxlrZ2to6JCRvfCROFtdR8BoEarbu0Y,5fed001021024982577fd2230715ba8f
-sHYg3xM3uHrzxlrZ2to6JCRvfCROFtdR8BoEarbu0Y,185faae32f2b7bf98c913821cbbcdd2f
0D-8Ft39MufsfV1e8PSPutSzSJ4BYLTcQYupqyYs52c,043e0f84792df2dc8b55d2fafabec4d6
0_Be70jSUDcGB5ClohaaXArKKavaPoKiI0b8OAnJFbA,ec393d87f5229b6ffa90fa3f1b48a3eb
0llUez60571dPHH-iNUKIhyU8RNcRM3u8cJx27lOkkk,0b04f95f3472e99ea1c981207599e937
0llUez60571dPHH-iNUKIhyU8RNcRM3u8cJx27lOkkk,6239df741c3758b0ae29f264edc6a21c
0nUGCGJVMuW97nuWEcXti8w-lDDCvyrOgT7RzfE_C1I,fcfc737101318c47a3ef9261c96bee92
0nUGCGJVMuW97nuWEcXti8w-lDDCvyrOgT7RzfE_C1I,697ec8711526c25cf834011efcfcd255
0nUGCGJVMuW97nuWEcXti8w-lDDCvyrOgT7RzfE_C1I,394298c9615b13e4000a0ce108dd8ac0
0nUGCGJVMuW97nuWEcXti8w-lDDCvyrOgT7RzfE_C1I,960c8fa02047bf6aab4c8d5653a16774
0qRH3UAnRSlRrPNxpd94zBYVRZViXIJ98JiQOkF9TOY,d985648bd07957b64e3724e3928f357f
0qRH3UAnRSlRrPNxpd94zBYVRZViXIJ98JiQOkF9TOY,ee0d23b349f1b3c5dcb52aaa0bd54d63
0rGJdyxMb1htbhTkMtbdeGGj8aPapDY8PlclNf3Ofy0,9a296c954dbe3749e08bf0e771ae0891
0rGJdyxMb1htbhTkMtbdeGGj8aPapDY8PlclNf3Ofy0,f63a1dab6259d12280ace023bb7810f5
0rGJdyxMb1htbhTkMtbdeGGj8aPapDY8PlclNf3Ofy0,ebd5556006ea4dc08db83cc0394ff26d
0wvZ5ZeHgraG0oQGr38yR75PmIG9-hXYnUWW0uJqWtE,8d806856ac283349b8d91acdee560f4e
1-Z2ZgpojmGFUzkcCbcse4YJKzOIF6LNchJsfy6laU4,7029d86f23100bd4bc2a0d3ca7a1bfad
13pX7gY7asIuwkUe84q-h_Y4ih0x3AWA_elpNZmNBKg,7ff8178073432f29124593e07591b2f7
14jpgC_nNGPOffvAQo4KbTLvFLaJKqAloOYHFvSaP14,b41d0b3eb450d7afe675c93700cd7849
18UYtlOrWXTtl9rdyTZn15jBQQas9SHzofFmCJwC3Xw,c4bb962294a99c9b516ba9d41485983c
18UYtlOrWXTtl9rdyTZn15jBQQas9SHzofFmCJwC3Xw,3c1974ae686ce13209a16fe1aec7ec1d
18UYtlOrWXTtl9rdyTZn15jBQQas9SHzofFmCJwC3Xw,10146902e5db4d80b5c9c7d665fb311b
18UYtlOrWXTtl9rdyTZn15jBQQas9SHzofFmCJwC3Xw,a7bc4d1ea16931020fa2d39b6e4360fd
1D-rS4ceivG5o5yI7oRT4XD61IjRxaI_SeFBoqHYems,bf3b8c2e6954ccf828678f15b3433178
1EDRp_apkqyIjHTghIXLzqX30_MDFtPqhAYeUyF2tL4,08632570302905702d74fa5e8065a5d8
1EDRp_apkqyIjHTghIXLzqX30_MDFtPqhAYeUyF2tL4,c49b25cddffbce44c528ac992941b673
1F0kEDeQXT7IOic6etMSOANMhH7SvKE1o-THF11ugdw,73319fdcd81edd444485e17b7b9d755f
1KrwWNhtm7WrMFYURvkl4aTk_3kOdqtVURRKQoYX8XQ,e914d93583497b51c2c371c81658d1a5
1KrwWNhtm7WrMFYURvkl4aTk_3kOdqtVURRKQoYX8XQ,6775791f998d0c4a59b362d6684b0608
1URL293v7fRtwuqARugrJik3jCDPz73GZIcPzdhd56A,0dc18ed0520e04a93507325fffaa2180
1URL293v7fRtwuqARugrJik3jCDPz73GZIcPzdhd56A,f46653ba78faf8b779c03444b3514e65
1URL293v7fRtwuqARugrJik3jCDPz73GZIcPzdhd56A,be3b5d3317eb36826b39358eb9c2d0c2
1eyiZ_Rvz8UaYjXqcnoxSDSIOJNFEtE3wALP1pOVFWo,131597f6c9ebb290eb4a3f0530d7e4fc
1hW_MCqKCiuyI_RdcwYn7k0pFVsCyG5epVA4Lv-4jGU,78651995ea33c9f8b0f184355e640e61
1iNLc9Y7A66Ulg98SZyMiKgeyOdmugfXlmXEYSMa7iI,dbf7cf4c5fd41471534214e1c3c1bf34
1iNLc9Y7A66Ulg98SZyMiKgeyOdmugfXlmXEYSMa7iI,5b58f023a3500a4ccc3ab2d26fc5ddbe
1iNLc9Y7A66Ulg98SZyMiKgeyOdmugfXlmXEYSMa7iI,236c42f1777929e78fa0c09366a8f29b
1iNLc9Y7A66Ulg98SZyMiKgeyOdmugfXlmXEYSMa7iI,6e2677147b5533b28b68b683191859df
1r-5y6wiubbNTNDOhH0ypmCfrIdg_mJnMzR69G2i6no,ae875aff9d694673e39847ef6611e0f3
1wP6j4QiFLHGuLAm_s4df3xbuRn7c6TAX_N415huzDg,632e2c075504f402deb3a77b194da40b
1wP6j4QiFLHGuLAm_s4df3xbuRn7c6TAX_N415huzDg,da303e246efdb6701e6bb44991d9744d
1wP6j4QiFLHGuLAm_s4df3xbuRn7c6TAX_N415huzDg,5f6c8c2647b9a6fb0e4353332056a172
1wP6j4QiFLHGuLAm_s4df3xbuRn7c6TAX_N415huzDg,10164fed7927acab7223d545a5d5993d
22ECz4XgvzzUy8vVo-peN9oEhJiOqZo3QwBBuIpNyqU,2144495dcdfef034267dfb3d69523867
27fgXorDJPfXnx9zZsB9ZKNwkIY9dUPGaGFaLKX4nKc,4b1e5df56e9d2490fc07f7bb6c08d46b
2A02K7VTiazsZPJow1JvfW1rcmsCwRcc6udVInDdVfo,d7d7c3657c886b5e4ef5355aa409c1c4
2A02K7VTiazsZPJow1JvfW1rcmsCwRcc6udVInDdVfo,a5a3301918e98df960e2068c14ca446c
2NWEZ9_atmcpO1hW35vimzq3zGQrfywdEdGvLkStrGo,173802ab97a83f227a6a4114dc004c35
2NWEZ9_atmcpO1hW35vimzq3zGQrfywdEdGvLkStrGo,e4a3fb8d5275f2b2bf02cb0969377cc5
2Q1z0YAxR5KlamR3g5E3v9P6MYZkNHS5Jc3oReJhaAA,0debd935032066628001f5a0cd8ecba7
2XxoxDTOvtuoTIbSfRRHmzG621PArvFXEGQw7eLhTKA,e720550daaa89c30d16c33203565191b
2eAFDpd5_d9dDkD8Wufm0nmGIXv5zqtQIWLWQ5P4M6c,865fc9ddcc4111583c6c0491e74bb784
2eAFDpd5_d9dDkD8Wufm0nmGIXv5zqtQIWLWQ5P4M6c,e55ec52f6f50f07c1988a93a13785108
2iddLMv6IBuiVCaT2BJzjPJXfB5xu78N0UxRxIf2o_U,b39fd5b41ed5748b7f6cfc0416245cbc
2lEWBQrGR_vm8phdFZXOUSOhbHgplfgxN8NXLIJvAFU,88cceb7db1e41dd43000a703847f7504
2lEWBQrGR_vm8phdFZXOUSOhbHgplfgxN8NXLIJvAFU,65ba677274ef3dfd5a34255109fa93a6
2lEWBQrGR_vm8phdFZXOUSOhbHgplfgxN8NXLIJvAFU,d264ad56567f432777c5fd9a1567a31c
2lEWBQrGR_vm8phdFZXOUSOhbHgplfgxN8NXLIJvAFU,2dd42a60c5e18a075252abdc9208b437
2lEWBQrGR_vm8phdFZXOUSOhbHgplfgxN8NXLIJvAFU,58e762cae24837802387c842d3244eab
2lEWBQrGR_vm8phdFZXOUSOhbHgplfgxN8NXLIJvAFU,703b94471787fbb5f0f77743ec139c85
2lEWBQrGR_vm8phdFZXOUSOhbHgplfgxN8NXLIJvAFU,dc11a5be3af701bb04bb51d20dd9534e
2lEWBQrGR_vm8phdFZXOUSOhbHgplfgxN8NXLIJvAFU,ea7b97f465e7397a4367a1ba5c37bd93
2lEWBQrGR_vm8phdFZXOUSOhbHgplfgxN8NXLIJvAFU,ae2ae991117453f9bb3754edc9313625
2lEWBQrGR_vm8phdFZXOUSOhbHgplfgxN8NXLIJvAFU,9b82a80100da2550d8e6f90bfce12c70
2lEWBQrGR_vm8phdFZXOUSOhbHgplfgxN8NXLIJvAFU,abf727d8c389c0579fe130cbada7c886
2xxiZFm5qMJAVTRt3PwYFITQtRxLUHetHmjN_qp4D_Y,f3c0c40455c918d126299fbdd5e044f8
33kQep-kt5ANgw-ZuhiXxYHHKj9EgooiTmgbFXAxp5M,688fd3c3a3dfd4698d68d71b32a19d9c
3DHVh6yH4O8Yxk5pCf44wqCFmoSfAeKW5YIorkkBRXU,f31f372a99f7f40e6868ab5bb3b5466e
3DHVh6yH4O8Yxk5pCf44wqCFmoSfAeKW5YIorkkBRXU,9cac66a1ad6f6408f4379bad7e9e2e48
3HTxlEply3gwyMnwXZ4MJiN0FwDmsLLer9CnROMOtFs,7f31b4d9804c45e5345bccb2a7e306a8
3IuFMuxOGgrsnMzvxLln5FuovY0dDmgrEjYVS478NbI,6ab1d061f51c6079633aeceed2faeb0b
3LtoBREo0oJ058FPutEgX3dYNGp3wm5eiTGKD3Nc-Js,3f90b5c290595c75c8b2d8b12132d2ed
3LtoBREo0oJ058FPutEgX3dYNGp3wm5eiTGKD3Nc-Js,1e66a1a8487921102d2b5020e52d1108
3NqXXy-rq13kLzqPJL253KQvUdWlJsQnuSd3Sd6RQSI,72b1045d8231ab12ce43713bac4f4e90
3NqXXy-rq13kLzqPJL253KQvUdWlJsQnuSd3Sd6RQSI,ba3a4ad88a8ddc1678f3cd06fb55e784
3O9btgqdy7RllKtquu5GJakJSzLCiZlK7mjps2nDB7s,ac8ad1d1203dfaf78cb52a02d86ef9ee
3VAjyqA7VZJYiY8-2KpTG0pMgxeUi26w4RSXLzz5q6w,c62ae7364323ba561ca3fc72c7cd767e
3VAjyqA7VZJYiY8-2KpTG0pMgxeUi26w4RSXLzz5q6w,0b8b88c9a9abeceb321afa6f0416b48e
3VAjyqA7VZJYiY8-2KpTG0pMgxeUi26w4RSXLzz5q6w,ae0372b162e26c2e11405d4dc5745f16
3VAjyqA7VZJYiY8-2KpTG0pMgxeUi26w4RSXLzz5q6w,48cb00bd0e5e5a69175d4468d9fdf92d
3VAjyqA7VZJYiY8-2KpTG0pMgxeUi26w4RSXLzz5q6w,5c04c5d80409db4ee23b9321ecd837b9
3VAjyqA7VZJYiY8-2KpTG0pMgxeUi26w4RSXLzz5q6w,9f7d49b12d0f2003155304b11852e728
3aHFd4mFwyX39yx0F0TkXJ6UozmoLUnbf_Zlv7ARHAU,a0cdb90dbe90c0863d58f961c420fba4
3jslvtD5_LOEvSftuCbSHqqk_t9fVhzp4nGUwkS_ik8,55469c4686d0d85609e8667f09afc1ff
3k47JvUqGCbFaJgJEhEiAhXxa5O1yS1Ms0w94x02iI4,2d29c56b59d9687686489a8922cb7cb7
3ksASfe4f_APd1tLxccDtth3VbpJ9SgIcz5vPw7Y1os,9d3f50473be5e08d4ab65e7e4b7306fa
3ksASfe4f_APd1tLxccDtth3VbpJ9SgIcz5vPw7Y1os,27a767913e783febd264d0606d8efcf0
3lCM3aLY_S5D8So-cmKS_wxvg4LEd3ByaVj7RwtJXPk,5cb5dba6f0994e5dd3437bc7054e3e7e
3sB6D9ahz7CjOisVrAIJNqpEfD1lfw0Rb8mSijk1xc8,44435ca33ba97df57ed389b525010e86
3sB6D9ahz7CjOisVrAIJNqpEfD1lfw0Rb8mSijk1xc8,e6e1c1832c018c39493ca369dc4168e0
3sB6D9ahz7CjOisVrAIJNqpEfD1lfw0Rb8mSijk1xc8,c324f7297c536e307b8162ee64727bb0
3sB6D9ahz7CjOisVrAIJNqpEfD1lfw0Rb8mSijk1xc8,e3be2e63abaaf7884ad6f6762a5e1848
3sB6D9ahz7CjOisVrAIJNqpEfD1lfw0Rb8mSijk1xc8,93898095e81a5f20395efda257eb2c1e
3sB6D9ahz7CjOisVrAIJNqpEfD1lfw0Rb8mSijk1xc8,f2f5ad8df0d6d8d958db3608b7f38ee9
3sB6D9ahz7CjOisVrAIJNqpEfD1lfw0Rb8mSijk1xc8,0a78cbb5bde1989be0c81d7a9f008f70
3sB6D9ahz7CjOisVrAIJNqpEfD1lfw0Rb8mSijk1xc8,6d8aa1542729ab3082648af35d309fab
3sB6D9ahz7CjOisVrAIJNqpEfD1lfw0Rb8mSijk1xc8,e506dae68bae3cdf0b99f4eca5e7661e
3sB6D9ahz7CjOisVrAIJNqpEfD1lfw0Rb8mSijk1xc8,ec614f19cfd85611ab3934edd513a233
3sB6D9ahz7CjOisVrAIJNqpEfD1lfw0Rb8mSijk1xc8,955f1ff8a89029b9827aa125845cc12b
3xVJO9HyrOrQkIXXjdqeHftluBQ_Jkt2Tn748nJt9gk,0ced81848d2988c32095ab677562a550
4BXlHd3dwVd6PpZncEnIpr675Ozub9a3aCKVl2bfRdY,76e9f06e5c38e5ddc162f2e0b88bae4a
4ETJJKC9HNKcvTvC-u5DrkNO9ia7tsMZdnpvVuU2kmc,6a17eebe870d783c48583e098be33b1c
4ETJJKC9HNKcvTvC-u5DrkNO9ia7tsMZdnpvVuU2kmc,dcd9aa4e4d84a5ab2bf70fce07a23031
4ETJJKC9HNKcvTvC-u5DrkNO9ia7tsMZdnpvVuU2kmc,081c764b70905170efc0aaa4d7089b42
4ETJJKC9HNKcvTvC-u5DrkNO9ia7tsMZdnpvVuU2kmc,8feb2910a52715a06379cf546e399d2e
4ETJJKC9HNKcvTvC-u5DrkNO9ia7tsMZdnpvVuU2kmc,a07308ad3c77be09913aeb582940065c
4ETJJKC9HNKcvTvC-u5DrkNO9ia7tsMZdnpvVuU2kmc,78b4915bf77f295cc9559d6ea6423c08
4ETJJKC9HNKcvTvC-u5DrkNO9ia7tsMZdnpvVuU2kmc,e368666645c6e0c0005b9944a0e7470f
4ETJJKC9HNKcvTvC-u5DrkNO9ia7tsMZdnpvVuU2kmc,03c1f83986b5347f071d29b1e22e8577
4ETJJKC9HNKcvTvC-u5DrkNO9ia7tsMZdnpvVuU2kmc,c3443c03d68067435fd7d2462ab5d340
4ETJJKC9HNKcvTvC-u5DrkNO9ia7tsMZdnpvVuU2kmc,db6fe287bd8a3e01e9d82b10249591c1
4Ji4jvSX5vPu7giQHWXRgilR8UetKbKXNRwnKE7CHsE,1032437e86f268c6e1057f581d42bfe2
4O8aBm6WqK4iZEWaVSE77na_BaO5FzaUWq8yTrb-hS4,7cdd608849b5c48fbc8249aab26833ce
4O8aBm6WqK4iZEWaVSE77na_BaO5FzaUWq8yTrb-hS4,078e6b66f8b3aa8b1c00c42a697d0277
4V0D7qiw6J5sTLHjBGkxAjwpIZRx-KPVaQWLWf8xy4o,61b9a99bb55df380f63abd05b276b317
4V0D7qiw6J5sTLHjBGkxAjwpIZRx-KPVaQWLWf8xy4o,ffdc86f6b9ee01f57868fef07be6f889
4V5t1ip62IcSKtuK7qkTrk1d0nDXVf2qVARD7g_SNI4,2f86c86a56c8691787bdca1e9f2a130e
4V5t1ip62IcSKtuK7qkTrk1d0nDXVf2qVARD7g_SNI4,b015910256afc863ce8818ad18ee5911
4bBr6L-kFUuzyOWO3vI_4OGSbP_3WZjfIF8OvUCdu-0,c17b8e48f6684840981a5e46c9570ea7
4bITwZfmlJUYVTWFNlQsWqjmpXd7p_B1KyqLCAdWbVQ,cec8af3d682ade5e5968a29b3cfae54c
4bITwZfmlJUYVTWFNlQsWqjmpXd7p_B1KyqLCAdWbVQ,5206578477879a42c662a4f586236278
4bITwZfmlJUYVTWFNlQsWqjmpXd7p_B1KyqLCAdWbVQ,e7291ccd20f0e22a671ac308922c0dda
4bITwZfmlJUYVTWFNlQsWqjmpXd7p_B1KyqLCAdWbVQ,11a10db59f007d2cf3dfe91869756e38
4bITwZfmlJUYVTWFNlQsWqjmpXd7p_B1KyqLCAdWbVQ,5ed5427551a2d7ada250c427fac3cd12
4bpNJgeZd3-fSRjAsrW6eRInYZ6LOOeVVGC0dfWjwNg,d4170e677ee74f499fcc03c251163998
4bpNJgeZd3-fSRjAsrW6eRInYZ6LOOeVVGC0dfWjwNg,c905a95606e851b3fcf5891f8759be62
4d_X7JZm0gneZC8ffiFtMDo1I7gKKmN0V0ER7YrB8pI,03b953ddd4eccdf1052b814477add966
4gXQA7YvC9wjEAkjxtjYg_1zS4JZ6WaJLbs3nQKKfnY,5d33acb310fd24498f730fb5935ba6f4
4gXQA7YvC9wjEAkjxtjYg_1zS4JZ6WaJLbs3nQKKfnY,d5c21cdd4221bf8454342d8d359ec0f2
4gzhVdluq4GEahFOrrRVLFhPRtaCNe6TRS0xydt5czg,967274df9bd9ee479aa219a307ac4998
4z9kqRwkw3EEXpQm5AQj28m_K4HzCJi32K02uiLQ_Sw,41c1c77374510f53022d94ebaae9be66
4z9kqRwkw3EEXpQm5AQj28m_K4HzCJi32K02uiLQ_Sw,0904f25147f31b8cc4f5ba1e0bb60b14
4zydBaQiHRmsujJ961bicneBbDYHlmHxPeLTQBorLzY,ad01d363660ecd1619959c25cebf3249
4zydBaQiHRmsujJ961bicneBbDYHlmHxPeLTQBorLzY,e2d6c2c577d4eaca63831bfdd61e955c
59bc274f681516389ccf3d08,d4da621e6d05975dfcb5bfb692939ec1
59bc2757681516389ccf4018,2943cc71b4935b8b782d0c4274caf87a
59bc2757681516389ccf4018,a8a2a2c39421f51d1ff6dfa2d3a24cbc
59bc2757681516389ccf4018,c956d91c8a8580f003fdbeed3388c036
59bc2757681516389ccf4018,65cdfee728808cf3c98a5dc90d12f99b
59bc2758681516389ccf4047,5b0bb76908ca0dd8bdaf6af5c2a1c484
59bc2758681516389ccf4047,f55fabe7d7046d2f767283f0416ed59c
59bc2758681516389ccf4047,dcffe972902fed208580b0a2706fd332
59bc2758681516389ccf4064,ebccfc2c31c3c70434ca396018bfb7de
59bc2758681516389ccf4064,50ec5fb463119a4a48c85bfd69734bfe
59bc2758681516389ccf4064,1fec089d2e492b8578d5e12e44bf34c9
59bc2758681516389ccf4064,c23f8c1cd54bb84449094a9709b1fa14
59bc2758681516389ccf4064,79a7cc2fca24183dc5e33ccddb31eb9a
59bc2758681516389ccf4064,715384b719723a5ce8b3adb7678c1b23
59bc2758681516389ccf4064,0a603b774953fdc4ff904046fbe08789
59bc2758681516389ccf4064,5821f44b2bd8f7f869d592477b094e76
59bc2758681516389ccf4064,deff74af563f1ebe75adc589bd4d46f7
59bc2758681516389ccf4064,98a53d6c3a172449f0439cd50d44f551
59bc2758681516389ccf4064,5dd6f2deae69a21632b62c7f734a3ef6
59bc2758681516389ccf4071,3cca3a9e5466b2ab585148ce7dad76cb
59bc2758681516389ccf4071,58f07cb2353c79802cc7935c2b07403f
59bc2758681516389ccf4071,79dc5766c3b8e0243748dca6506e8c91
59bc2758681516389ccf4071,93057c4c6501593d77c3bf837e6650f6
59bc2758681516389ccf4071,4046aabff2d8662ba71b4542336c8ef2
59bc2758681516389ccf4071,0dae6c437ef95bda0fab02c286e4f027
59bc2758681516389ccf4071,238608977df90b486d8b931675999abf
59bc2758681516389ccf4071,080acc8fe1b480a6e78cc7e12b2b0674
59bc2758681516389ccf4071,0c40850ea8514316a1f85000c46b0dd8
59bc2758681516389ccf4077,ece66423688c43f0c47a1bad6a5c7601
59bc2758681516389ccf4077,5dbeae8eaa7f2a9da6768a5ebc55174d
59bc2758681516389ccf4077,e076001ef056a627b5d0c2f0ce3f1ab7
59bc2758681516389ccf4077,b5464730e87e8aa188e5f1bc7e6be212
59bc2758681516389ccf4077,dd1d5e149104cfe30eb78d23d5a7c71c
59bc2758681516389ccf4077,14340cd056667b72db7f88a4f436209f
59bc2758681516389ccf4077,e808d20192e9a907a451f64d05aec24c
59bc2758681516389ccf4077,a78d444053303bea0a540693a998a413
59bc2758681516389ccf4077,96113e5770749324c372336d4a8d4568
59bc2758681516389ccf4077,04c1e42250a9459278422e0ed48c2776
59bc2758681516389ccf4077,2b3d50485b617c3a5adee746c7278f77
59bc2758681516389ccf4077,282f0cf5fbcb20c056844dcb98f07a26
59bc275a681516389ccf40d8,96724bcced77df6a4404952e664f0de6
59bc275a681516389ccf40d8,06e45b55f5adde24e3a9f636a4419acc
59bc275a681516389ccf40d8,f35893434dd8461c513ea691e190afcd
59bc275a681516389ccf40d8,8ddf4e60205459da882fa1641bf363f5
59bc275a681516389ccf40d8,c7d6410f7d0e4e93908db0b50765a305
59bc275a681516389ccf40ff,b4ef4bdf9fa0244305d82c26b35b64b5
59bc275a681516389ccf40ff,2db255208c8fe56d4ad172c5a8381392
59bc275a681516389ccf40ff,1a3ebe0dd9666d7539203c45756c5797
59bc275a681516389ccf40ff,28bce0e5eca7cf15ed5e379ff0e4e366
59bc275b681516389ccf4111,7a239955951bc45299233c08d15053a2
59bc275b681516389ccf4111,32c2939ec14529646a26be6b45d427ed
59bc275b681516389ccf4111,5e4b9f3f19a66c6627b252ca4fab8dc0
59bc275b681516389ccf4111,a59e7a81d4b2ddb8fdd63b9756d3229e
59bc275b681516389ccf4111,f50b568deea58550728410d1688c9e7a
59bc275b681516389ccf4111,9825919810f9447c3a10ca802d19d646
59bc275b681516389ccf4111,abf2eea2e33cb67951a9c5a58f485451
59bc275b681516389ccf4111,c68ccd109850894c2c32441ce388b37a
59bc275b681516389ccf4111,3db1ce236a18906522b1264b7e581860
59bc275b681516389ccf415f,ea998e963c1c58bc0422d202afa28327
59bc275c681516389ccf4171,e4335a63676811a53e10eb03fffa9839
59bc275c681516389ccf4171,ffbd4d358d7d00e9818533b7159175c1
59bc275c681516389ccf4171,ec1bafe77ffeadd204d8f689e7b66820
59bc275c681516389ccf4180,90b4668c728a55fd67d4cc60fa77156e
59bc275c681516389ccf4180,c0f4a99eb1e4f75d87fa907e613ede8a
59bc275c681516389ccf4180,7105274f22af50038e8a23b8d6a73805
59bc275c681516389ccf4180,0b16380bc9ca269804868f718dd6ff95
59bc275c681516389ccf4180,cdac7d3cd58014a020db3563aa60b7d2
59bc275c681516389ccf4180,f651691f51a378d6f67887ec11fa603b
59bc275c681516389ccf4198,c26beeed4bc0c024bef737fb91214a5e
59bc275c681516389ccf4198,328a120c2e6577c7ab3cbede6914be46
59bc275c681516389ccf4198,fe2d79ae848271463aeeeca6e50be501
59bc275c681516389ccf4198,67b4af919450b7eb8044ac799b7048da
59bc275c681516389ccf4198,6755da52be9631af95aac57aa3f49ced
59bc275c681516389ccf4198,4c77af1143ee0e2d537fcca7efaa527d
59bc275c681516389ccf4198,dc599a528b0bb310fb3cea0a2123f41a
59bc275c681516389ccf41a4,3b39f16382331fb010ff97d8882375d4
59bc275c681516389ccf41a4,eff786a800a9eef991e8d7a833cf43b3
59bc275c681516389ccf41a4,cea588fefb45f8f9d57722b84a42805e
59bc275c681516389ccf41a4,08edf08c12fcf48e46b3e1971e2fb3fc
59bc275c681516389ccf41a4,df1b44f14e9ecd65fb670aeb393b2e9f
59bc275c681516389ccf41a4,0a106bdbef36f07eff3015993baddb77
59bc275c681516389ccf41a4,d934317969195a990bac710b772968d2
59bc275c681516389ccf41a4,a6cd854329f8ce3feb981af3ac8fe484
59bc275c681516389ccf41bc,838dcf8b1e9571f8592d8f1d82223a23
59bc275c681516389ccf41bc,723f1cef32c989a9d86c0cef4339ca06
59bc275c681516389ccf41bc,30d5aa276349610ee99a2a42d5175578
59bc275c681516389ccf41bc,4eab837bfc1062291376bdcab22b6699
59bc275c681516389ccf41bc,be4bc2bf308e460d72782669250f9a89
59bc275c681516389ccf41bc,4226acf72e0e08889db5ff9b262d423b
59bc275c681516389ccf41bc,9afd2e1d4f293a1e0e09157bc287b88e
59bc275c681516389ccf41bc,c0165953d4ae65be69494c611561f34f
59bc275c681516389ccf41bf,4d3bf9f7218856bf208db99439c1f29f
59bc275c681516389ccf41bf,592d25925a9990e0fa63f40bb1c0ce00
59bc275c681516389ccf41bf,bdf573aa885d4321b0ea438a0cae4da8
59bc275c681516389ccf41bf,4d17fb6a8d5754a1b740d75664b94035
59bc275c681516389ccf41bf,98bd50a699e068ee557fa8e15d39e581
59bc275c681516389ccf41bf,69c83c89416d6ddf44bf93b72268adc3
59bc275c681516389ccf41bf,5defac72da990ef9d43642ac33c9c566
59bc275c681516389ccf41bf,b5301b50771081c2fd18218765c35df7
59bc275d681516389ccf41e4,188ff766c8009e788fb1ca9a3392388d
59bc275d681516389ccf41e4,8862dd9db0fbf37016d9349e2ab4a7cb
59bc275d681516389ccf41e4,8b8ef2f3686f5c1c7b7a247b4ff537fe
59bc275d681516389ccf41e4,b5aec9f12ed1bce478d2dd88f5280715
59bc275d681516389ccf41e4,f28db886da358fceb55d17378fb38737
59bc275d681516389ccf41e4,e49bc801bda198c3a5f9dbbfa7e0a337
59bc275d681516389ccf41e4,4b4d24412445fc73e4a0da696a8a3b53
59bc275d681516389ccf41e4,1d79255ef7e6db66dd444b3c83961d88
59bc275d681516389ccf41e4,067432336ed417450d020c7d73ef9dc2
59bc275d681516389ccf41e4,94227e3535c03ce04b1219a432bc7529
59bc275d681516389ccf41e4,16bc376c12216ddd211c0a6268d82097
59bc275d681516389ccf41e4,a293248cda1129948e3295c24e2df1bd
59bc275d681516389ccf41ed,7fa21281ac5ba4e1b3e982d5d0c838ad
59bc275d681516389ccf41ed,41ba1a0abf5450ddb534deb2e34a23b6
59bc275d681516389ccf41f6,f16ffade934df9e403b23f5e1004fc15
59bc275d681516389ccf41f6,dc293526d0ff30d8e71ce193fbd282c8
59bc275d681516389ccf41f6,c3ecf668dd877fd3b190fbf53757ae42
59bc275d681516389ccf41f6,0c7d6cc8bb7506aa119f85570306897e
59bc275d681516389ccf420b,2026f4f266a1ea9f2b8ee48f5ea4b04e
59bc275d681516389ccf420b,17f751da7758cb6953f3a1920f2aa8cc
59bc275d681516389ccf420b,03fae319b61295cae7dd52675b9d3c0e
59bc275d681516389ccf4220,3bebf1513e089ea3ddd955287598cfa6
59bc275d681516389ccf4220,f251da66af3466843e52ddaa7abfc8bb
59bc275d681516389ccf4220,8e744a3ca55f5f7d6cf8cad30899ff4b
59bc275d681516389ccf4220,5a7a727d66dbb6a83d91790183e13d45
59bc275d681516389ccf4220,5f321c54ecbc31746dfba5cfffb05e5c
59bc275d681516389ccf4220,09eeab1cf8ec6752583b934f5f5454e8
59bc275d681516389ccf4220,17763ca7c88a615ebb11b4b50226fd5d
59bc275d681516389ccf4220,c79696087271631285b10dbc810ae5f5
59bc275e681516389ccf422d,5de74414e3f017390c16ad6d824bd032
59bc275e681516389ccf422d,8098379e0a5c1d1ca2ac49b06dd59538
59bc275e681516389ccf422d,66c253276d5b160eafc6edc331b30cb3
59bc275e681516389ccf422d,318b0af36703f69f7d6821f23e33647b
59bc275e681516389ccf422d,bf1de572816a5fa889b48717f4222354
59bc275e681516389ccf422d,24d613d38f2392f98bef1786cf80440d
59bc275e681516389ccf422d,90c24f75c89c58b6bd58602230e40d7c
59bc275e681516389ccf422d,e641af6a7cc18bf696fa781aac398538
59bc275e681516389ccf4248,acf6cf4ad0a988e89e2a2fcd44cf74bd
59bc275e681516389ccf4248,512137c08de4f7fa7499dd1207e23d84
59bc275e681516389ccf4248,e700911b96b7f96a16d30420fd81bf8b
59bc275e681516389ccf4248,45b1c3c89a92d7091ce34a000009844d
59bc275e681516389ccf4248,991c4ec85a0a9963a398273dc3c0c5fc
59bc275e681516389ccf4248,f40b6529123b0c309ee2d52a378a97d0
59bc275e681516389ccf4248,fa766f9e49d6cfe0d1e73ff2b5d00f8e
59bc275e681516389ccf4248,2caaa482dd03d096a2a29a1914c497b9
59bc275e681516389ccf424f,ec41f541cb19cbdeca8c106622ae1b10
59bc275e681516389ccf424f,b1927d1d6b461023b0a5f930aefc7090
59bc275e681516389ccf424f,c9c076146313f192b830caaaa6c9825b
59bc275e681516389ccf424f,3a45528a3a6c986d716210c5ee567545
59bc275e681516389ccf424f,170074aa4d1ec74785cca6e9a0447e78
59bc275e681516389ccf424f,20d0c782dd30f54fc86fd08e9cd3449c
59bc275f681516389ccf42dd,bb7ea491c17ed4d568e43a405bdfcdae
59bc275f681516389ccf42dd,b91aa252a839f792fd8ec1d8edee9e8c
59bc275f681516389ccf42dd,0dbdb6cb1d8a06b5d04af2da9a6b1b6a
59bc275f681516389ccf42dd,196e1a6f4e0d30545f17c95b00d09ff6
59bc275f681516389ccf42dd,5c704ac236e824cff3da9f482b54b4b1
59bc2760681516389ccf4333,015a93aa9265f25f7033402ec8e3652a
59bc2760681516389ccf4333,2215c3b834b68767cedc1f664c146ab2
59bc2760681516389ccf4333,6f6a7be050995ce1eab47a2a5b71d1f2
59bc2760681516389ccf4333,0665da56f8dbfcb15dc2719bbbcf0687
59bc2760681516389ccf4333,88fecb0c0fdd05d886266b2759726c69
59bc2760681516389ccf4333,745118e283e93ab91c1fcbbfe12add5d
59bc2760681516389ccf4333,3baec2433bf7864d5b1a706a2d3876b0
59bc2762681516389ccf440f,5c8201a2ee34219bf41583e12079d447
59bc2762681516389ccf440f,ce3bffad64ff130c90fbf3d280bf73c3
59bc2763681516389ccf447a,1219c729817464c538e4bc233e4ee33d
59bc2764681516389ccf448d,411dbf8b697f4899edf26471c8c133eb
59bc2764681516389ccf448d,c493f7b751f1f7cf0f131d483635d8e9
59bc2764681516389ccf448d,bd98d3886e950f59b008db6a3a662198
59bc2764681516389ccf448d,c8528fb0ef42e28b2ba943ca2b95e3a4
59bc2764681516389ccf449b,38a89f7aa8f86ad609154a0482c68dbe
59bc2764681516389ccf449b,364d3e0f05d145cd4b168ad92e1301fb
59bc2764681516389ccf449b,ee53e54d446661aa924bc952e1a04478
59bc2764681516389ccf449b,08cd22497989b5491b0922c097c8095a
59bc2764681516389ccf449b,bf5ed4f83d16919fd4bd004446c2493e
59bc2764681516389ccf449b,d2b3af183b5e92be876af0b3cf38fc0c
59bc2764681516389ccf44c2,07b8cd30daae23f6b1b9280f8c2212f6
59bc2764681516389ccf44c2,d3542fe478cddf2bccd10f85e5cfeac3
59bc2764681516389ccf44c2,eb2d08be07b4397a2cd7876280d44707
59bc2764681516389ccf44c2,01b52f95df5c9b96e509db11bedc3d5b
59bc2764681516389ccf44c2,f6345938d4aa6929cdd76f55e37badda
59bc2764681516389ccf44c2,30adcdd3aa8fe9e293edf642f8b4316c
59bc2764681516389ccf44e2,4b014f85c420b2d52d9e9a81788a407e
59bc2764681516389ccf44e2,b1a32615a5ca831ca0549f465de049a2
59bc2764681516389ccf44e2,18bec730baec02bc153f9a9fa6336edc
59bc2765681516389ccf44f7,6bf9dcb635a4cb28b52e54eccdb5650d
59bc2765681516389ccf44f7,860d0cc5d34486748dbb73c7370aa5a7
59bc2765681516389ccf44f7,eb5a4743ed63861ad9f700f6a5ee5e7b
59bc2765681516389ccf44f7,1a298a18c40e13fdc5c5805bf2c8be14
59bc2765681516389ccf44f7,c373e0566c96d856126b0ec1ae2371e2
59bc2765681516389ccf44f7,3a6e5585a8fbec559f5a24bbbe98c8f6
59bc2765681516389ccf44f7,6e92ab2a9058624c6655e432d813db11
59bc2765681516389ccf44f7,9a2bb622fffaa1cacbe1f4432607047e
59bc2765681516389ccf44f7,99fdb4a3c3c547fd6ca07218284bbab6
59bc2765681516389ccf44f7,4e0ba662a95f0180637e45e1ad2e7357
59bc2765681516389ccf44f7,63c32778a7a25d85b9957fc27bc0c1f0
59bc2765681516389ccf4503,2ffff1b83edd13c5fe37960a18c96634
59bc2765681516389ccf4503,bc0342dec3060fd719805e85a5674bb9
59bc2765681516389ccf4510,ba79e152533dadbb8c15367bcc3899cc
59bc2765681516389ccf4510,c3a6de311e6ccca75559e1a556018463
59bc2765681516389ccf4510,36661eade49da31db00eef71027a8b64
59bc2765681516389ccf4510,a9215501e668f00603d7dec4d710c7de
59bc2765681516389ccf4510,462635c09efc959446d3a284880c5edc
59bc2765681516389ccf4513,5bdbedd3351bdf9510bb14d3d54109ad
59bc2765681516389ccf4513,f856e6c3032fa4d4764b9b7ebe1008da
59bc2765681516389ccf4513,2c519060b8aef7d724fe050444a57ede
59bc2765681516389ccf4513,8e02ed290b106bf7c5e7d3024204bbb9
59bc2765681516389ccf4513,3154c8daffd283a5e47fc37c64701f02
59bc2765681516389ccf4513,582b0feec850ea2304e2e2039c5bcb19
59bc2765681516389ccf4513,4518c3183ba81df7bf839454424f983e
59bc2765681516389ccf4513,e858fef28ae7743b82b8aa5a08ec092b
59bc2765681516389ccf4513,bcc89dfe6d35235e9e8a58ebf95e3897
59bc2765681516389ccf4513,6ae2289aecb5868cc99b1a6d602ad03b
59bc2765681516389ccf4523,b705576b99af7753842d99ccb7a72c00
59bc2765681516389ccf4523,b1fdec6f2fda3ca622560bc15caec719
59bc2765681516389ccf4530,581a93c6ddc514f69551eac73489c3cc
59bc2765681516389ccf4530,68954b4d5e2ae3e7bffb392cbd149bb4
59bc2765681516389ccf4530,a1ddc05d0d50ae5f6cf76a297551d618
59bc2765681516389ccf4530,a1976bbcee3d2750a6ea7d1454406345
59bc2765681516389ccf4530,3610aa2e3bac08efefcf95c9b3f69b07
59bc2765681516389ccf4530,35a388b136345a14eda1d2d5f7d92ad3
59bc2765681516389ccf4530,a74747c3c97203789f32e5237e944e0a
59bc2765681516389ccf4530,54a4ac56d50863824dcded64b4f743f2
59bc2765681516389ccf4530,ca7f9aeffc499c429fbd3f1ca97136dd
59bc2765681516389ccf4551,bc90c4fa43b29b93620aae844b6e404c
59bc2765681516389ccf4551,97a41ba87da333c5608d1d2471a2e784
59bc2765681516389ccf4551,2839afdd5924badf8c7817792e22110b
59bc2765681516389ccf4551,08c51c607cd17e5b8da9c746178858e6
59bc2765681516389ccf4551,c53a9349de4b441f6f6b0ea8fe1de3fd
59bc2765681516389ccf4551,13367e78d1b30d9284de0bfc2030c755
59bc2765681516389ccf4551,981883aaf034c56617fb7d688e18b0a9
59bc2765681516389ccf4551,c3261366ee507ec78141e303dfa43acc
59bc2765681516389ccf4551,30e370be4e237be35b6a9941eb39a39a
59bc2765681516389ccf4551,4ab9efea3e47912f1626949a78af09b1
59bc2765681516389ccf4551,c49e6c2137bfcab64d40cc6c6c3347a2
59bc2765681516389ccf4551,2ea9281ff0ea29f38ac3a758b41d6356
59bc2766681516389ccf4567,b36073f83ff82935f631eee51deacc5d
59bc2766681516389ccf4567,3affd83e9258b849f3eace596b262eb3
59bc2766681516389ccf4567,bba9f843dc871c1cda90b4f473d7e034
59bc2766681516389ccf4567,8ce899dc7a36b6d5627835146d25bf79
59bc2766681516389ccf4567,677e940ff9a6d874f2249f20e5700c71
59bc2766681516389ccf4567,300a0603dd3b4b3c1b93a96d7fd4f8a2
59bc2766681516389ccf4567,276e63016747cea4b86acbd03ec0215c
59bc2766681516389ccf4567,b820f593639c674944b7db1c1b0e8e00
59bc2766681516389ccf4567,4efec0342932935bede796a50359da63
59bc2766681516389ccf4567,fa068a280c0a2a1ec03ceae7580d7a94
59bc2766681516389ccf45b4,c42cc5acb1a3c3a9fe89a4c9de2611d6
59bc2766681516389ccf45b4,da54db3cc216538f582a0db5cbb86594
59bc2766681516389ccf45b4,f402a631667729e42281bf506f58d4d4
59bc2767681516389ccf45e0,21d93c738520315efdfbdd557dcb9be7
59bc2767681516389ccf45e0,016a974731334cbdb587c6a9c12527b4
59bc2767681516389ccf45e0,9e9663233377a5d17a0be44873b30a2a
59bc2767681516389ccf45e0,d9f0698174ee561dcc56ace3f93e1829
59bc2767681516389ccf45e0,93be97da1cb784b352291368516e2867
59bc2767681516389ccf45e0,53305d261184b860ede220b1ee52e4f4
59bc2767681516389ccf45e0,0d7576af9fa91e149a2707b92fa3525e
59bc2767681516389ccf45e0,678553797c87901f123567d740b3b98b
59bc2767681516389ccf45ec,1d6be767a44ec2394537b8bffcd4dd08
59bc2767681516389ccf45ec,0d041ffd4c4773b5066c5059c7859117
59bc2767681516389ccf45ec,133c167e7991179d12354481c0e85027
59bc2768681516389ccf4635,51deb2b33113a3298838204d8fc4c056
59bc2768681516389ccf4635,356f5c6f652e32c75198509a002f852c
59bc2768681516389ccf4635,933b173657360975cbf29106e8068f98
59bc2768681516389ccf4635,a92c41b905b126e2d631e3eedec8eb1b
59bc2768681516389ccf4635,6251ac470bed27d721c15986b3e0affc
59bc2768681516389ccf4677,8123ec77f48cf09eb8dc4ef08cd7e910
59bc2768681516389ccf4677,9936db2973c95959d342de0b48b0925f
59bc2768681516389ccf4677,eff568f6f8c0016981cb376440cfd93a
59bc2768681516389ccf4677,e392cb9308a9ea2061f60c0f14a2d116
59bc2768681516389ccf4677,c8d19c62781641aa5b2a1ca2995e8545
59bc2768681516389ccf4677,a8d2e168ca9aace6130ee90e5ea36447
59bc2768681516389ccf4677,47da5dd2d9ed407b7e3848ba467b678c
59bc2768681516389ccf4677,6c53f8326bbfa0661cdf1410d7fc9649
59bc2768681516389ccf4677,e98eca40fc46a4e3477d544dcfe23fc9
59bc2768681516389ccf4677,c5c9e010fedee3a7b429eb90f5a87800
59bc276a681516389ccf4711,9bdd00c194db6827905aa963523e10cd
59bc276a681516389ccf4711,d5e2044b40cfa3bff2e6192e64a6dd1c
59bc276a681516389ccf4711,f1d7b176bf4f7a34c4b22a4c154dec36
59bc276a681516389ccf4711,b16ec279782eb554eb87f6f8a5241195
59bc276b681516389ccf4751,f2433879952edbf45fc6654e59603d46
59bc276b681516389ccf4751,445866e3f590a8fae9d8247f3c584f0d
59bc276b681516389ccf4751,d4a4fcb5acd0d890a72f90b461baf994
59bc276b681516389ccf4751,a694bc1a09e02b5f1641e905ffb36bfa
59bc276b681516389ccf4772,5dccc1eea15308d659a05dafa950a08c
59bc276b681516389ccf4772,c4c6a81434c5c0f5a56af2fecedf94d6
59bc276b681516389ccf4781,8b12034fd725eaff3555deb587ec5084
59bc276c681516389ccf47c9,d720e347466e2d4d54a4cd3e2d20f70c
59bc276c681516389ccf47e4,756452a5fb3826666f6549b197eb8c70
59bc276c681516389ccf47e4,64f841c4051c970b4d5ab59afa8c68a7
59bc276c681516389ccf47e4,8b6e5199b971599d5e6b4616602f121b
59bc276c681516389ccf47e4,f876da851982295662cf5efa9fa0addd
59bc276d681516389ccf481d,e6431f8b82ba52a3cd055d8f05634c16
59bc276d681516389ccf481d,22fec655340842b3357fc486e2f11111
59bc276d681516389ccf481d,df3fb06181f607692e1d7ffc712bee6c
59bc276d681516389ccf481d,697e0e3d9feba0d12a53bb7e4ebc0f82
59bc276d681516389ccf481d,5d59d9a98a6b2887f526f706d80e2e78
59bc276d681516389ccf481d,2f7d1824f244a781767ab906eb7a57da
59bc276d681516389ccf481d,64d97441d7cfebda4ec1cbc2d9a8cf7b
59bc276d681516389ccf481d,caa8089f9fdf6f9f507fc78d467270ba
59bc276d681516389ccf481d,6b5ecdf1ad497eede70d775f1417607b
59bc276d681516389ccf481d,f7f151e03253c6596287ee08de2dead5
59bc276d681516389ccf4838,1a80554d4ece6fce59c5175ded58a785
59bc276d681516389ccf4838,e4b001a2eb72d0a1af9335efcdc22083
59bc276e681516389ccf4844,052b7e059ec26b5329054dbf4cd3ec55
59bc276e681516389ccf485c,31f9fc763c5d2f26a544628bd64843bd
59bc276e681516389ccf485c,438ac82759728e6686e80b4413755ae7
59bc276e681516389ccf485c,d1591ec9a0123badc73cf58be59d7785
59bc276e681516389ccf485c,a74bb91404f42a3566f9ad3ce4871f5d
59bc276e681516389ccf485c,3253ceb180c08711dd6d32db3db36779
59bc276e681516389ccf485c,be93f9d152a11edaf9e48018d14e9d50
59bc276e681516389ccf485c,b90ad4e39e4be00eed8d314759ca623c
59bc276e681516389ccf485c,852300d874ff2f7faf35f8da1120d74e
59bc276e681516389ccf485c,4a5e0e86cb34a85b3e5c76ea2dae019d
59bc276e681516389ccf485c,03f78a14c316d5b747f29b2709173019
59bc276e681516389ccf4871,87cac3f0c59049f50901a08e98f158d5
59bc276e681516389ccf4871,60bdaad812ca277e45f49f997fe80348
59bc276e681516389ccf4871,0bf690034c82135d188815bf2fc6c2d5
59bc276e681516389ccf4871,4d35e822be50f69f5284a120e3c045b9
59bc276e681516389ccf4871,ac595ab64f39d7f0093a27d2ad85355b
59bc276e681516389ccf4871,5c4aa529c20764ab731fa79a2dcc609a
59bc276e681516389ccf4871,487a083073439a24a4e570f835deaa83
59bc276e681516389ccf4871,b5e470a3e6d7e0468de31277a8688f9e
59bc276e681516389ccf4871,60d9275eb39399f9f8508436e5a69ea4
59bc276e681516389ccf4871,a8e5e241fc53041c0278982861acabf7
59bc276f681516389ccf4892,7b2482178dae622d6becbf8b5127d094
59bc276f681516389ccf4892,c05117c9c7e9372ba2d8a5fe09bcf35a
59bc276f681516389ccf4892,da2c3fc4961ea87bdd9a926bfebca1f4
59bc276f681516389ccf4892,95d197733ede484105b21e8c73fad8a7
59bc276f681516389ccf4892,3ceeb8c618ce1af006febfac01c545af
59bc276f681516389ccf4892,aaae424e4ddfebce987cf3ee9458adad
59bc276f681516389ccf4892,6755af5332f7506c76163fce8ad4ccf8
59bc276f681516389ccf4892,e60316ea166a80be47da0a15445d42c6
59bc276f681516389ccf4892,517eccf2d3ee8a1e02ddd223d9ff45de
59bc2770681516389ccf48fb,6aee65481a16cba252a324e4e2fb87d7
59bc2770681516389ccf4940,7bb3790646eca57714fc0d0f5badd831
59bc2770681516389ccf4940,03fb2d286d459c230006a332d14f71b4
59bc2770681516389ccf4940,4810300bf93ba6f5bc96dc92e2c30e36
59bc2770681516389ccf4940,5fc037bd36cb96d6114f436f8fd6d031
59bc2770681516389ccf4940,32bf6b6289f7b9268ca5e15093687d76
59bc2770681516389ccf494c,4bf7d626933588ec2a195318e378c35c
59bc2770681516389ccf494c,7907a7c272ad9d2775c4c467c9a7ce14
59bc2770681516389ccf494c,97fead02f31a7aa31127b89795b426f8
59bc2770681516389ccf494c,713aa6f417fa47b551766982acac0042
59bc2770681516389ccf494c,12dba35ecff9ee30c0a4e699e757ee59
59bc2770681516389ccf494c,8e3bd7dd580f4d4198b2c534950d6d6e
59bc2770681516389ccf494c,006269330d4250ea76578c935d09b700
59bc2770681516389ccf494c,4ffd2909f2886ead3da65131cb4301b0
5D0ey117hSU15IhFwv_AMoW12dWLH-hA78F27-tMvGk,5f4ef9b05c954311271d46798d9528a2
5D0ey117hSU15IhFwv_AMoW12dWLH-hA78F27-tMvGk,848672483ac4ece62cb68f5f06c41cb1
5D0ey117hSU15IhFwv_AMoW12dWLH-hA78F27-tMvGk,b31c25634908c521eed8cf6812afdfea
5D0ey117hSU15IhFwv_AMoW12dWLH-hA78F27-tMvGk,1aebf8989616b2fc6a1badfaf7694099
5D0ey117hSU15IhFwv_AMoW12dWLH-hA78F27-tMvGk,866fb70d7207be0c0666af6c1ad70af7
5D0ey117hSU15IhFwv_AMoW12dWLH-hA78F27-tMvGk,f73c012a248bf722c2b068cd30590b92
5EGWEEK1LY65tkKLQ7EYnBzkxSvRVvGKkbbH5xXhHSQ,0fce9db8b9bfefb783bf99ad317ab4a6
5Xh-fOMeqv6IdKC9QUomitc2GYfGUqP79yO-sQDvXPw,11b5db45105e0aed14977ae8e694276b
5Xh-fOMeqv6IdKC9QUomitc2GYfGUqP79yO-sQDvXPw,7ab98e34a70593f4a0d6e1700940703f
5Xh-fOMeqv6IdKC9QUomitc2GYfGUqP79yO-sQDvXPw,3264f503a151833bb0d3902fce205a72
5Xh-fOMeqv6IdKC9QUomitc2GYfGUqP79yO-sQDvXPw,69c848dbd3841b0c8cdb69cf44d7f1ec
5Xh-fOMeqv6IdKC9QUomitc2GYfGUqP79yO-sQDvXPw,d14ff31f1120f857db9cf436198d9c13
5Xh-fOMeqv6IdKC9QUomitc2GYfGUqP79yO-sQDvXPw,47c9932b69e3f1ed4f5fae73269210c0
5Xh-fOMeqv6IdKC9QUomitc2GYfGUqP79yO-sQDvXPw,4af72acaf97ab68e6c5dd3f293d26eb3
5_m2-TYDAgPpC0RM31LQ6jzDxAXdYr9vW4q1fXj7ypM,41f43a839d25aa4b592c9060f4e5ccc1
5_m2-TYDAgPpC0RM31LQ6jzDxAXdYr9vW4q1fXj7ypM,9a86e200bb35718bdd3ac03e395efb2d
5_m2-TYDAgPpC0RM31LQ6jzDxAXdYr9vW4q1fXj7ypM,5ce80fad7b7224ef268294440e3a27af
5_m2-TYDAgPpC0RM31LQ6jzDxAXdYr9vW4q1fXj7ypM,edfd5249373a8631520b79fcecf36979
5_m2-TYDAgPpC0RM31LQ6jzDxAXdYr9vW4q1fXj7ypM,fa597745cd8d79e522699d00846e9441
5_m2-TYDAgPpC0RM31LQ6jzDxAXdYr9vW4q1fXj7ypM,9e5f494b85072f5ed2e0ab378b9816aa
5_m2-TYDAgPpC0RM31LQ6jzDxAXdYr9vW4q1fXj7ypM,15753368dd8a4dbfaf1f012a519ad730
5_m2-TYDAgPpC0RM31LQ6jzDxAXdYr9vW4q1fXj7ypM,71fbc61d08896221ce60342c543fef33
5_m2-TYDAgPpC0RM31LQ6jzDxAXdYr9vW4q1fXj7ypM,642f4d19f3f7e89abe212c27bbd6e4a7
5_m2-TYDAgPpC0RM31LQ6jzDxAXdYr9vW4q1fXj7ypM,bd84d6ddd3be957fcf205aefa25e3ecf
5a1c3bd3e7cb79000482763c,c920cda4da8c6ef052f1a557f1afb5ba
5a1c3bd3e7cb79000482763c,53b38a4b8fceebec1641634a5a5fe81e
5a1c3bd3e7cb79000482763c,850e9292530bcc54c63871f7dd31d14c
5a1c3bd3e7cb79000482763c,ea75470be5ea24fdc811c1cd2f056029
5a1c3bd3e7cb79000482763c,3d815a1f409d6595abc415468e7fc887
5a1c3bd3e7cb79000482763c,c437819eb1ceb6b30b144ae92aaa64ca
5a1c474ee7cb790004827648,8a61065b1ea5551a7a9dfebea9a73fc8
5a1c474ee7cb790004827648,8488a8d1bfdebff09ada48d96a81c731
5a1c474ee7cb790004827648,6a94886fa483b58cd6a9297eb6d161db
5a1c474ee7cb790004827648,845a52d3a0fbf27a4ddd258ad8883dc3
5a1c474ee7cb790004827648,20bb231f2aa7f964f1ea14f1867c3541
5a1c474ee7cb790004827648,8a5c9fdb6391bcb41d4cd977842264a6
5a1c474ee7cb790004827648,b58c2777c41c4b4b19fa24227ea6b0fd
5a1c474ee7cb790004827648,19b36bef6bc4e782aa3709e5aa7db4d8
5a1c474ee7cb790004827648,281e46a40e410ffd205f0d8ace227771
5a1c474ee7cb790004827648,7bbc380a9a44624ef99076261720120d
5a1f033a9f17b800040cc7c4,4c46bb14a9158f9561043f8a9ec96c2b
5aoCyghZ3fcYFvdtisw_9R9F6gKFYsUgQHnJrNi3mco,3cdd3bd3d9b8d4dabe46460e89bae3b9
5gfj-28LyuYgH-n7VKAyoMTnOYZMpyrEX4-r7kMpPUo,7121a5db7996084c22f6c604023af0ea
5jRtkerX_S4OdzjiEwlCW0fFR9v7AclSRaXaHJLKEiM,92b3acb9b626e0a50ea75972ec763ab8
5jRtkerX_S4OdzjiEwlCW0fFR9v7AclSRaXaHJLKEiM,6b88c9963381144e0f51b3d8fbe279a7
5jRtkerX_S4OdzjiEwlCW0fFR9v7AclSRaXaHJLKEiM,c3597262089ec07c348b57bae0526bb8
5lqVSo7SYRUF4NpANtJ40yI1p40uN33TvH0k5kKXEG0,47fc32b35eeb044537aa018db5381033
5rSctrSuzwYcwlosuroM6rtJGcvbPcxme9ZOuJwx2Ps,7dbb9f6f8f9434b5fc87525fd1282bb7
5sX0pr2d25brSxyDduPE6bR9NiPFlYJB_7iiFN4hzdc,1a53f0675c65dbcb244b7632024efd0d
5sX0pr2d25brSxyDduPE6bR9NiPFlYJB_7iiFN4hzdc,2ed49d9e5eaba0fc7a637b1b8bd0550d
5tYrch-RIFBKZvBrbi6l4kDWdbvDSxEI53zArLytcL0,5ce967308b616b06b3b29a53f47d9a8a
5tYrch-RIFBKZvBrbi6l4kDWdbvDSxEI53zArLytcL0,914b568c7fe15facc8a4d3c6cb7394db
5tYrch-RIFBKZvBrbi6l4kDWdbvDSxEI53zArLytcL0,4af699f508c946e6948b99088636f76f
5tYrch-RIFBKZvBrbi6l4kDWdbvDSxEI53zArLytcL0,3a31c3f929087969d5a310f71eaa93a0
5tYrch-RIFBKZvBrbi6l4kDWdbvDSxEI53zArLytcL0,73f371dd0cb7d4de44c43f22cc98cd1f
5tYrch-RIFBKZvBrbi6l4kDWdbvDSxEI53zArLytcL0,c596937e50cc97a0b9b9e0bf74ca97c2
5tYrch-RIFBKZvBrbi6l4kDWdbvDSxEI53zArLytcL0,42d1d33121896a6c35883803dc131713
5tYrch-RIFBKZvBrbi6l4kDWdbvDSxEI53zArLytcL0,77e5c909a8b96440da0ff134c1dac635
5tYrch-RIFBKZvBrbi6l4kDWdbvDSxEI53zArLytcL0,b6e7e3826aa0c053a05cb366f099978b
5tYrch-RIFBKZvBrbi6l4kDWdbvDSxEI53zArLytcL0,3ff435080019e1d02a19a34f6a92a033
5uUKnbSqv9aSGLFdTKky-BMjYiXJrekNriewE4Fg_Zg,63c715d709c34d27bbb369a673abb2bf
63z9hct-f8Aj4nNaZT3lwNRfpiAH0qQx_MKqr1mN5C0,4932c84fe0e02cceecea8b16006d64a6
65Hr2F3AwIYt1nNQaCfz0O846XdFrWBG74_H5ydeeMM,7b9dcdc7ac729efed1ddafbc01660f9c
65Hr2F3AwIYt1nNQaCfz0O846XdFrWBG74_H5ydeeMM,cb149aaf0b1b11a71b6ced9c9c85db31
65UyB8JMCYFMX-M8OoS8ux5lzr52EmO7TKJ9o4v8ESs,0e808ff39a47efd01dc17ed55d6b405f
65UyB8JMCYFMX-M8OoS8ux5lzr52EmO7TKJ9o4v8ESs,248fd8696ec5ca4cf3a2b5bcf68986e8
65UyB8JMCYFMX-M8OoS8ux5lzr52EmO7TKJ9o4v8ESs,b08ddd30ba6a339585ce42a1730a07ca
65UyB8JMCYFMX-M8OoS8ux5lzr52EmO7TKJ9o4v8ESs,02fc12013b666d5dd8ae3342ffc1658b
65UyB8JMCYFMX-M8OoS8ux5lzr52EmO7TKJ9o4v8ESs,676549cf212b353a86be7e7e19604e6c
65UyB8JMCYFMX-M8OoS8ux5lzr52EmO7TKJ9o4v8ESs,1d86ee255b1662d44ece951833d4ef05
65UyB8JMCYFMX-M8OoS8ux5lzr52EmO7TKJ9o4v8ESs,70ec40e617f027c8f3472ef88b229466
65UyB8JMCYFMX-M8OoS8ux5lzr52EmO7TKJ9o4v8ESs,b4b2cf6b0a51fa182ca6d204150502e2
65UyB8JMCYFMX-M8OoS8ux5lzr52EmO7TKJ9o4v8ESs,d9cdcb128188a3f608f18e331e4ef035
65UyB8JMCYFMX-M8OoS8ux5lzr52EmO7TKJ9o4v8ESs,4083df6bb425a2c25d0dd3d8e0067d48
65UyB8JMCYFMX-M8OoS8ux5lzr52EmO7TKJ9o4v8ESs,86d4fc0e5b4ede4bea8975dd99072ed3
65UyB8JMCYFMX-M8OoS8ux5lzr52EmO7TKJ9o4v8ESs,72331d74c1b2208e8fe6d6f28e709047
65UyB8JMCYFMX-M8OoS8ux5lzr52EmO7TKJ9o4v8ESs,a96e324c319280e800659b43834e9854
6CxHzwqW23eLWqsWrQuJbwr9UWlo7pv87YqZTFiWxws,04ca320d904cc0beac5560cf6c2d6edd
6CxHzwqW23eLWqsWrQuJbwr9UWlo7pv87YqZTFiWxws,3a7a5269161c949ec393735bc7d54199
6DyKMxQrUO8OJstSulWISLqB6oXt3KWHnwMacXGfiDc,050b324c4425dc9f5ecb0e34a0c123ae
6DyKMxQrUO8OJstSulWISLqB6oXt3KWHnwMacXGfiDc,d627fbe9d1017e72c189278300513982
6DygBssi3bh-0jbhhfaeZGOZwojzTtHGQW4mray-UaA,25d2cc78f75c4049052e0f4da28d57ba
6DygBssi3bh-0jbhhfaeZGOZwojzTtHGQW4mray-UaA,4a037d0842ca5566a7ed45992e62c4af
6DygBssi3bh-0jbhhfaeZGOZwojzTtHGQW4mray-UaA,16f35ca574e1bb14dd52c5165dd2945a
6DygBssi3bh-0jbhhfaeZGOZwojzTtHGQW4mray-UaA,f36d27688082028cbfdb17f06da412e0
6DygBssi3bh-0jbhhfaeZGOZwojzTtHGQW4mray-UaA,c2af9936d01c296a55d03e6b56d32dff
6DygBssi3bh-0jbhhfaeZGOZwojzTtHGQW4mray-UaA,66a31f9b3f35a7e298df869775472f5b
6DygBssi3bh-0jbhhfaeZGOZwojzTtHGQW4mray-UaA,36b35f5d430d6c4150b4a8a226e8d6dc
6G6oYfY_1KdG63aIAEbDisjnRAalV7xOP0Kj9jajxJU,74c702c5730df5e14ee166fc35f1e22f
6G6oYfY_1KdG63aIAEbDisjnRAalV7xOP0Kj9jajxJU,db113608660401251b2c787cf2e155e9
6G6oYfY_1KdG63aIAEbDisjnRAalV7xOP0Kj9jajxJU,e593588d29aa82f14c36d04e99d54504
6G6oYfY_1KdG63aIAEbDisjnRAalV7xOP0Kj9jajxJU,1220bc9b8cddcea09aa5eb13b7ee1104
6G6oYfY_1KdG63aIAEbDisjnRAalV7xOP0Kj9jajxJU,85349449725de2d326ee8a053a03c142
6G6oYfY_1KdG63aIAEbDisjnRAalV7xOP0Kj9jajxJU,9ea93f4e922e08d471c5dd87075c491c
6G6oYfY_1KdG63aIAEbDisjnRAalV7xOP0Kj9jajxJU,9ed81512aa10a0fb9e7b1862d022e291
6G6oYfY_1KdG63aIAEbDisjnRAalV7xOP0Kj9jajxJU,fd383aefa6814efb6a1ef42402677941
6G6oYfY_1KdG63aIAEbDisjnRAalV7xOP0Kj9jajxJU,ac100899e0ff7afc8e6175e0de92ab4d
6G6oYfY_1KdG63aIAEbDisjnRAalV7xOP0Kj9jajxJU,f6594c3ffaca22e3b20dcb76a693e347
6GY7MGgcD8y0dG5ul2mm8JrMe4nkDDvvXu1ZejVL6L4,c201fc518f7fadf3189a4d482c467126
6GY7MGgcD8y0dG5ul2mm8JrMe4nkDDvvXu1ZejVL6L4,a404bb64bb2db433dac793c80451343f
6MP7BRnpZvShtyTR6BH1pHChF47m7ePY1qc1SVTzdOs,b17d5e7caecbd314a399422a2220254b
6MP7BRnpZvShtyTR6BH1pHChF47m7ePY1qc1SVTzdOs,e145b46ef136b43bcea944a27382ceb3
6PZ9cpIq6FDbMhzwtoeGDW5kqAB7XS14Bl_f2uxIbJw,806d2b66cfa98903e5e3865bac6b9b0b
6PZ9cpIq6FDbMhzwtoeGDW5kqAB7XS14Bl_f2uxIbJw,38c0ab22e18cbec18d34622b65a42fa4
6PZ9cpIq6FDbMhzwtoeGDW5kqAB7XS14Bl_f2uxIbJw,f4adbff5364b3d9cdef70bdd014bd06e
6PZ9cpIq6FDbMhzwtoeGDW5kqAB7XS14Bl_f2uxIbJw,4533bbbfd0c68f3e41e4f914fba17189
6PZ9cpIq6FDbMhzwtoeGDW5kqAB7XS14Bl_f2uxIbJw,d49426f1da4bbba61b0580f2080aa8bc
6PZ9cpIq6FDbMhzwtoeGDW5kqAB7XS14Bl_f2uxIbJw,ddd356bf5fa5cff41b140d3d2d5e7007
6PZ9cpIq6FDbMhzwtoeGDW5kqAB7XS14Bl_f2uxIbJw,50a2589c72f8468ad267bd23b118e633
6PZ9cpIq6FDbMhzwtoeGDW5kqAB7XS14Bl_f2uxIbJw,9d6f61974befb58c4de86accef90a291
6PZ9cpIq6FDbMhzwtoeGDW5kqAB7XS14Bl_f2uxIbJw,0edc34449b10d0e364d59ae8ab24958f
6U7cdxwjQPZ8HMX3IQ66wLplGicALdww5a9S3WBNtpA,c1dddcd90131472ec1707b6821c97b7c
6br0Uv77d13mO-1TaZ1tZfaabJ_I6d4wwTBKdXTJ5sA,173c341b322888d28f12e1b41224336a
6br0Uv77d13mO-1TaZ1tZfaabJ_I6d4wwTBKdXTJ5sA,dd88cf5d28c9566445da02c49415c120
6br0Uv77d13mO-1TaZ1tZfaabJ_I6d4wwTBKdXTJ5sA,6093288b8be785d5c123a1d634d62669
6lCPFQmNmohQyzpaKgMfsiOOi0dY4S0a3r-zgaLBlXc,b4c0f640880624b0addae0381b68b855
6lCPFQmNmohQyzpaKgMfsiOOi0dY4S0a3r-zgaLBlXc,8637fae003ee98704604eb54e0b6332f
6lCPFQmNmohQyzpaKgMfsiOOi0dY4S0a3r-zgaLBlXc,1b18537169a169ca2d84525abd82aafd
6lCPFQmNmohQyzpaKgMfsiOOi0dY4S0a3r-zgaLBlXc,7b3af2a5cc8e3c78646d570da570acc4
6lCPFQmNmohQyzpaKgMfsiOOi0dY4S0a3r-zgaLBlXc,f510eba99f8287c644202d74bc722bbb
6nhmektE6ad0XnCmzOglnMvhYkol8-HBL1KCEcdKSPI,3656b29b8f38e29a146ee248a45ebced
6pSoYMGobKGaplxJ9bYxiH_b0bpbbF-idqM7990uPYE,4e0509d96324759c81ea35b84b6a628a
6pSoYMGobKGaplxJ9bYxiH_b0bpbbF-idqM7990uPYE,654e355b427f7549978acc34adc2eb82
6pSoYMGobKGaplxJ9bYxiH_b0bpbbF-idqM7990uPYE,09a7bfc1d5cf869911b452a5ba1c6124
6pSoYMGobKGaplxJ9bYxiH_b0bpbbF-idqM7990uPYE,cc873a5ba4866b36dd604914dfea1468
6pSoYMGobKGaplxJ9bYxiH_b0bpbbF-idqM7990uPYE,db1f1198a3da6c4f59ff13a515fd9a8a
6pSoYMGobKGaplxJ9bYxiH_b0bpbbF-idqM7990uPYE,f5fe0d141c4b3fe71ff2f8ed75c7659b
6pSoYMGobKGaplxJ9bYxiH_b0bpbbF-idqM7990uPYE,c63aaffb5e4c1164834649357f53b9a0
6pSoYMGobKGaplxJ9bYxiH_b0bpbbF-idqM7990uPYE,933c47887ab268b850c51f2ac228bb7f
6pSoYMGobKGaplxJ9bYxiH_b0bpbbF-idqM7990uPYE,7b7015f21d2ecc034f4e04531192074c
6pSoYMGobKGaplxJ9bYxiH_b0bpbbF-idqM7990uPYE,37ea74e934fd4384eda676968b914a56
6pSoYMGobKGaplxJ9bYxiH_b0bpbbF-idqM7990uPYE,41307385ee6c1a5d2825773844352664
6pSoYMGobKGaplxJ9bYxiH_b0bpbbF-idqM7990uPYE,f1efb49d948e0c115a40306a985ae1a3
72e6xpPgFKeAYYBN_LHxJRrZcwx9fD4-ixWA5ZZw9zs,7c5e608e7eb0ecad098d481e66e804f3
72e6xpPgFKeAYYBN_LHxJRrZcwx9fD4-ixWA5ZZw9zs,13d46eb3cb32ef91c6c1715b0f6fd307
72e6xpPgFKeAYYBN_LHxJRrZcwx9fD4-ixWA5ZZw9zs,e21db670ed7cefb0f617d0ed3b249f46
72e6xpPgFKeAYYBN_LHxJRrZcwx9fD4-ixWA5ZZw9zs,2812f819a52bdcc89bd1074ce5c904aa
72e6xpPgFKeAYYBN_LHxJRrZcwx9fD4-ixWA5ZZw9zs,3e13782b564cfc536fe128ac22712b6c
72e6xpPgFKeAYYBN_LHxJRrZcwx9fD4-ixWA5ZZw9zs,1c14c80f35c55c477a3a1b29297f291c
72e6xpPgFKeAYYBN_LHxJRrZcwx9fD4-ixWA5ZZw9zs,bea162df38c02d892048c3eb97ef50cc
72e6xpPgFKeAYYBN_LHxJRrZcwx9fD4-ixWA5ZZw9zs,3b9d083e185821252d4d96c14488a3a4
730fN81DLQtgxZ5K4FpOgJUOCAIgg9I1bVhmIXOQgmA,252cf65be6879a95291deb494e317834
730fN81DLQtgxZ5K4FpOgJUOCAIgg9I1bVhmIXOQgmA,bcf8864dc6ec0c88507c389c4ad26f21
730fN81DLQtgxZ5K4FpOgJUOCAIgg9I1bVhmIXOQgmA,7389d5a44200c1999936d63f0bfec0b7
730fN81DLQtgxZ5K4FpOgJUOCAIgg9I1bVhmIXOQgmA,28e1ce7a6eb3ae7685e72d39f0cd408e
730fN81DLQtgxZ5K4FpOgJUOCAIgg9I1bVhmIXOQgmA,72bbbc825f10daafba92dae21d552ff8
730fN81DLQtgxZ5K4FpOgJUOCAIgg9I1bVhmIXOQgmA,c8f4fadcd5e06f6edfdbc367102d9ae4
730fN81DLQtgxZ5K4FpOgJUOCAIgg9I1bVhmIXOQgmA,40d7eee4c4de1c6b6eb8e02711782a7f
730fN81DLQtgxZ5K4FpOgJUOCAIgg9I1bVhmIXOQgmA,640553811a727b199555873f2474bd54
730fN81DLQtgxZ5K4FpOgJUOCAIgg9I1bVhmIXOQgmA,4adc6dcce45643a3820c8a009be2da0a
730fN81DLQtgxZ5K4FpOgJUOCAIgg9I1bVhmIXOQgmA,9464b5eaec835814de381975ac0753bd
730fN81DLQtgxZ5K4FpOgJUOCAIgg9I1bVhmIXOQgmA,a1e5d9555f1431588973a06c28784357
77csKdLCSitYlRyQ52C9fvGmti-1sM6a_BiioTn20n0,f1fd78ab5cb5d28162ca797b4237a66b
77csKdLCSitYlRyQ52C9fvGmti-1sM6a_BiioTn20n0,5924dffdb34e194a1ccb54e6369cc03c
78aFkOzy-pjbj9lmsp4uyrbotokRlchqTKpxs3K6npU,cdb0f6fc0c67e62425e51b9bdc641ee6
7KuyUFbS0pv7tYKNBOdclSFLnM8Ww3QycBqrLugWQ9I,1baeb6a6f9454a1350349f86739f6bf1
7McuSPbjJDQZAl-MIhD3mwI9s0PWZxcD2COwRLwRxJM,0b8fa4d88d8a238a483d382b8f787372
7McuSPbjJDQZAl-MIhD3mwI9s0PWZxcD2COwRLwRxJM,cbe12f355ce8a02af44e7bfd3e37baa6
7MvJ6pMSwyNUqLhEgn6cZlVZutLryVZVL9vZrfYBCr4,a8958d49c28d9e586e8107f23a36bdbd
7R3ZLSU3UC0OzNPDENGA8_CmaR-zVyj6DcbSlEwQJG0,a71aee336ec27e2587e84d37352f78bd
7R3ZLSU3UC0OzNPDENGA8_CmaR-zVyj6DcbSlEwQJG0,86715ef8294baf25fe5376edcab5c111
7ZYlxTERmHBIDp2DG-eUiSEMowbgMvn47rv5cU-lKMs,3709e838c8a716958af3d7c845635f95
7ZYlxTERmHBIDp2DG-eUiSEMowbgMvn47rv5cU-lKMs,00f1d9af65333bedb6bbd77d49171ff4
7ZYlxTERmHBIDp2DG-eUiSEMowbgMvn47rv5cU-lKMs,3b978fded66d4198cf46010e8a24faf7
7ZYlxTERmHBIDp2DG-eUiSEMowbgMvn47rv5cU-lKMs,231834ade74561c2591fe44a13dc69bc
7ayEmm7kpuu9odyNPchjRmDxZzVMso0-yacXVxeP1_A,c06f62b48ff4be9822cd34513e90cd23
7bFe7VxhOBSMEBgASPgM3QkOFW6-cFMHDHydK-nTdDU,bb606b2fe7ce9d6b53aba80d36a12a5c
7on0Aq8zXDK44F64ewSKeu7qCBgj0BNwUKgIl7UlD6I,b672690f6e120852143178e34b357792
7sOceDDQu_x9GG3g_KIVn2YCJrZtZBVQmpZW3qSajEg,4ebb8366e846270808108671b3ca49ea
7sOceDDQu_x9GG3g_KIVn2YCJrZtZBVQmpZW3qSajEg,128f0ff88e52f0a97ea137756be4ed6c
7sOceDDQu_x9GG3g_KIVn2YCJrZtZBVQmpZW3qSajEg,be176cd35b1449b6ff051c9056a7327f
7sOceDDQu_x9GG3g_KIVn2YCJrZtZBVQmpZW3qSajEg,34d72a6d7262617f68755b9d415bf8e0
7sOceDDQu_x9GG3g_KIVn2YCJrZtZBVQmpZW3qSajEg,947d16539d4702427aa74f737329ffb9
7tXOo2zQVaooe8RHfl4Db8bshORuWkeNqa-z90Ou4lc,ce509a825eeae6a4beb02dced928196a
8295UeA_WBf3kSL6aaOPEdzqyYybkjMWPlgOy26WnE8,0efe0a28b638f968e6060fdeb5dd353c
8OKqZDzQXThKc8E4ithqthMcYG2HxoGCezI_x1gLif8,7303348a4803cd185a5958bec8532241
8OXGiJTp2phyVALrYrdH0lvVu-3sEjUHY-TGGXvwHNg,7d9a317279581caa2b49f6de6e06332d
8OXGiJTp2phyVALrYrdH0lvVu-3sEjUHY-TGGXvwHNg,b40654a7b499a7900728b9a8d6c89ece
8PEXA0Sfr-ccgI-cjmAYWSeB_SOb61Ow4AvERq7vKGU,37670d27086ae96aabfb077e184b5847
8PEXA0Sfr-ccgI-cjmAYWSeB_SOb61Ow4AvERq7vKGU,3eed3c6cf76738b09f46607049c87f78
8PEXA0Sfr-ccgI-cjmAYWSeB_SOb61Ow4AvERq7vKGU,77d1eb7182ccfa2efc45918f17b89264
8PEXA0Sfr-ccgI-cjmAYWSeB_SOb61Ow4AvERq7vKGU,21d6a060c932d139c0deaed73d6e9bae
8PEXA0Sfr-ccgI-cjmAYWSeB_SOb61Ow4AvERq7vKGU,25b74fb6492c5476c867d269cc0d853e
8PEXA0Sfr-ccgI-cjmAYWSeB_SOb61Ow4AvERq7vKGU,c0b2068143254c1e4c0eaef489d3208f
8PEXA0Sfr-ccgI-cjmAYWSeB_SOb61Ow4AvERq7vKGU,5c3bd955f3007b017efeeee7ee9ffbcb
8PEXA0Sfr-ccgI-cjmAYWSeB_SOb61Ow4AvERq7vKGU,bf4ee51b4215eb20d76405fbd7c426f7
8PK-JTZ7W6YcmAysOpC6gylBq-f4mjEOjxG0eDEjonk,a3581411f1d9b1cf8123ff0b4ce72998
8PK-JTZ7W6YcmAysOpC6gylBq-f4mjEOjxG0eDEjonk,627cffc21412334be274d6ab90ea9eae
8PaJAtXARTOyCHcL_MaqL-ZedWtRwNrUNJwEdmsqZDU,56fe9e736dc6576ba2e8e51995ac9f16
8PaJAtXARTOyCHcL_MaqL-ZedWtRwNrUNJwEdmsqZDU,30dd9d7c108e37d8890b450947db96ec
8PaJAtXARTOyCHcL_MaqL-ZedWtRwNrUNJwEdmsqZDU,5321506d3ff9b6a55e2a199655839eb4
8PaJAtXARTOyCHcL_MaqL-ZedWtRwNrUNJwEdmsqZDU,891088fc8d17ab08aab406d05d9a9a45
8Q7D5dDdthAM7BK240hEoUVK5Pt2vt4sAYCjNn3e5i8,ad71ebde08207c39a5af097cda3b43f2
8UQcii6gOsAZ8HUKyvQSY4pNNig85oyG7YWf8Pv24rw,c6dacfe0f7ee8bd304dc1e3f92f57cb1
8UQcii6gOsAZ8HUKyvQSY4pNNig85oyG7YWf8Pv24rw,b77b1bf7cf8cc28c6fe6ed28b171bcb5
8UQcii6gOsAZ8HUKyvQSY4pNNig85oyG7YWf8Pv24rw,21b336280796dbbda8e0336dde430f2a
8UQcii6gOsAZ8HUKyvQSY4pNNig85oyG7YWf8Pv24rw,b1288aa35f94e05f2e90b38707bd0790
8UQcii6gOsAZ8HUKyvQSY4pNNig85oyG7YWf8Pv24rw,875e3f2cb9d485fac87cb973f0ef4d87
8UQcii6gOsAZ8HUKyvQSY4pNNig85oyG7YWf8Pv24rw,9b3c1a5bfda14813b210b5bdba70d41b
8UQcii6gOsAZ8HUKyvQSY4pNNig85oyG7YWf8Pv24rw,a493d94e98c82fd94996c3f4a013ddd6
8UQcii6gOsAZ8HUKyvQSY4pNNig85oyG7YWf8Pv24rw,f1f7a9b7008daacbde8b1f6bc80f75aa
8UQcii6gOsAZ8HUKyvQSY4pNNig85oyG7YWf8Pv24rw,fe35920c7b84cdea93cfc426aa00c8b1
8XB65OIFyJWssH8CLHyyTWVuuBT-H3u3C1haKwy-LkE,4ddedce00b0f68df6dd63ea89d52c5b1
8XB65OIFyJWssH8CLHyyTWVuuBT-H3u3C1haKwy-LkE,d5d8ec64498edd3218be9288db8be391
8YgXcWe0_qvmBTG-C3zcan3y7XTDDI9i0OyZUOfrLLw,5b66861c973631ee0f2d7cdc8f783af2
8YgXcWe0_qvmBTG-C3zcan3y7XTDDI9i0OyZUOfrLLw,b4cc2ee7f727a293030ca30e59e53157
8_NeFeMY4mHqhfRnmfSscbTTByzF7e5kO78ewuBIvtg,4186ca4a96120ea41d17ab6f19fb5e3d
8_NeFeMY4mHqhfRnmfSscbTTByzF7e5kO78ewuBIvtg,0bc77bb6478d5299d03a505b93caedc3
8_NeFeMY4mHqhfRnmfSscbTTByzF7e5kO78ewuBIvtg,16734a713a5583f33be08787c2d072a3
8_NeFeMY4mHqhfRnmfSscbTTByzF7e5kO78ewuBIvtg,2a6177540dc037e1098dcf6c113330b7
8_NeFeMY4mHqhfRnmfSscbTTByzF7e5kO78ewuBIvtg,732c8cea5edf839f783eba530642130a
8_NeFeMY4mHqhfRnmfSscbTTByzF7e5kO78ewuBIvtg,2a5e4210ca20c822dc7b305de5f16d2e
8_NeFeMY4mHqhfRnmfSscbTTByzF7e5kO78ewuBIvtg,089ffa3e458c624ef0c2510c857fa1cd
8_NeFeMY4mHqhfRnmfSscbTTByzF7e5kO78ewuBIvtg,dccd10a4424245faec4ccc2fa7e16750
8dNapeHYd_jNji_IkOHzYEWBvjDrfJPWr8fW01bifZU,63213d0c6acde3a815ff3127f2b5279e
8dNapeHYd_jNji_IkOHzYEWBvjDrfJPWr8fW01bifZU,b9fca37db9df5a37be6825e96c126fc4
8dNapeHYd_jNji_IkOHzYEWBvjDrfJPWr8fW01bifZU,98c274d36949dd1339504dfddd865d76
8ihJtq2eo1xEMbVx1nioChqxCCPS6gQb-nzd9lm44kU,5933e445ca6957842bb26cf0c782ee97
8ihJtq2eo1xEMbVx1nioChqxCCPS6gQb-nzd9lm44kU,051ead3c068b0ee0e22981e9f64f0963
8ihJtq2eo1xEMbVx1nioChqxCCPS6gQb-nzd9lm44kU,ebdcd1c83909513fe5bbc9aacff89f93
8ihJtq2eo1xEMbVx1nioChqxCCPS6gQb-nzd9lm44kU,0f5331b3751cddde35d708f52c03acaa
8ihJtq2eo1xEMbVx1nioChqxCCPS6gQb-nzd9lm44kU,4b74429881d2e7935f1a1d5fe507f5c0
8ihJtq2eo1xEMbVx1nioChqxCCPS6gQb-nzd9lm44kU,00f0c3ff479a6b27658d147ac8f002fb
8lrTWVmtwtJGPW_DSzp4TFHjNcFRAs7IJczSOvygXpI,ffe009aa411dc2e13d657f9717243928
8lrTWVmtwtJGPW_DSzp4TFHjNcFRAs7IJczSOvygXpI,0abbdd1dc3254c8ceccd2573db377920
8rXP3LvC1O-XRy-r_RvlCDR_6TSdtYQKaDfL3J8ZCsA,e4f426bb8cc4c0b53df39e8e1788b9e3
8rXP3LvC1O-XRy-r_RvlCDR_6TSdtYQKaDfL3J8ZCsA,0f358f02d7d1650ca4867b5f17eb587f
8rXP3LvC1O-XRy-r_RvlCDR_6TSdtYQKaDfL3J8ZCsA,c52933c2befa551df949c3821e02ef18
95QV4fp-kUUuyLGld-fsc9qz-gsgCyECvI6vSzZiqoM,4a78d4d35135cd287777ac5a366ced99
96LtCRgHuVdWN4VIvc2STyiKSLUPLDAQx5GcgbOQXgA,916a251c750d573db722f2a855e5ab62
96LtCRgHuVdWN4VIvc2STyiKSLUPLDAQx5GcgbOQXgA,a914fb2278143e38454e4581f187d6f5
98ybaqAtTEscPfdBt_pbzyB7uRzO8UymbWubJOh3cd8,53ccb3ee31382f0a1a51d73d8f3f6afe
99p9fJq9dc9r49WjqJ6wJmYIh5NpRDNjjliIKhN2nFY,e452901ab21acee8b64209aedebef9bf
99rCWDsiu7BmmWXnf7NmjfD2FXdXJBHckHavK5uW9hM,971158933049069f23a1dd306aa2bb83
99rCWDsiu7BmmWXnf7NmjfD2FXdXJBHckHavK5uW9hM,9497f7c49980654e79158bc646ca8f5b
9Dd6Dz9YjZ4Ch6cyA4fFjjy4uY9HzV_CpAIbhDicJzc,85e34cf8a3d184132cef065f9f6e434b
9LOvmRMbqtYCq9Jtlup3dS7xmEidwjlTRwAFr489UF8,e30dfa2a775588d7ae0549ba2f47c1dd
9LOvmRMbqtYCq9Jtlup3dS7xmEidwjlTRwAFr489UF8,d73ed7fe35884115d35760b6ce40133d
9LOvmRMbqtYCq9Jtlup3dS7xmEidwjlTRwAFr489UF8,86a1bc2c54db9af34cf8439326a78c3b
9LOvmRMbqtYCq9Jtlup3dS7xmEidwjlTRwAFr489UF8,aa71003ec595acb4aaa713091b72d4c5
9LOvmRMbqtYCq9Jtlup3dS7xmEidwjlTRwAFr489UF8,f8f7f30b9ddfaf64567c6f896d88731a
9Ltq8GHN65IkHZN4ivszslPGuydQhRqlasJyfRcynB8,226981dadcbb60b449ce8b7448ef3f26
9M8tILHpx5CTackWNzCIbIj0IJjBSpN7nG0btn5QAoc,52339402059f0782e19eb165579f7195
9XOBx08BW9pET4ZXxgXqQtDDuEo5bdVjbEiOOJqJ4_A,82ad5eada9c2ecdb5cc6cf575f9a9d65
9XOBx08BW9pET4ZXxgXqQtDDuEo5bdVjbEiOOJqJ4_A,372eceaa2800e958a7eb8078ddf656ef
9ZCT7eFSAxVn7Pk-q0U6mCUeQTkjVVgF9ULy7MVNiFA,bf1495afb27adabd25bc13ac53d3acc0
9d25hpzM5Sy8yAUwZGwrN9NhmV1ZZjI_2YxfvF4A8YQ,67ce06de3d21c203cb4455da6cd611ae
9mPdGPLxTxIMgWJUqKBGAxM5MkQW1U-W4Lja23hvvwU,35154e0129db4fc911887b2ee35b0f38
9qVCJoXCAJwZaC9u5-kXG26GlA3JmoMw92Rp5oiVEg4,001f3a88501980a5eca6f6346a0ca8d9
9qVCJoXCAJwZaC9u5-kXG26GlA3JmoMw92Rp5oiVEg4,63226828b2190f32f2767c18dd4e78cf
9r9UXEUP4rNlsPts3IprlY15Ikn3pbSbpz56rvkQmuw,e96fe8d0c69cc3ccf2b664d44e9dcf87
9r9UXEUP4rNlsPts3IprlY15Ikn3pbSbpz56rvkQmuw,dee38845eb19458067b007ee0b073196
9wCJatfv6BpfIhr16KyPosqMAPyrZUL2SCdjDms6N_g,fa47e293a66da7a193755d106d3f8952
9wCJatfv6BpfIhr16KyPosqMAPyrZUL2SCdjDms6N_g,f15185070b3da61b0045ceb5dba243f2
9yDE38ljye2XhcQc38xggbv64HwXDSbDkh5bb3lMNkU,f4b94046970db560959118312708f5dd
A85jp7bNmv_K4qwOlKkYUhq8jD0NdTiPnw-ww-ITGiQ,4cde4c4de35f44b0f9e4684e7de05402
AJhTuQCUcGqNWYEnrAPV9E_5n-63xapWDqLl5xY09b8,0ee380485c6e094762edd01d47251937
AJhTuQCUcGqNWYEnrAPV9E_5n-63xapWDqLl5xY09b8,4ee9811c05bc094703e1593f04b7ddb9
AJrINvKEvx1BaOMF9r23zwKdD9tfkHY4jSO3GyImELQ,088ebf237aa59e8094bfeebe49f9ab4a
AJrINvKEvx1BaOMF9r23zwKdD9tfkHY4jSO3GyImELQ,5d82fead66ba9365b92009f785048eb0
AJrINvKEvx1BaOMF9r23zwKdD9tfkHY4jSO3GyImELQ,39302c6802e1ab2b6fa024bb5d84a8e8
ALq8LcExnBnHix58FvA7d3ih7OuuuutlokIyPGjte1s,e904b4490be68858803836bb0e038c04
ALq8LcExnBnHix58FvA7d3ih7OuuuutlokIyPGjte1s,9adcaf05b05f4c577d472dc5f8ff91cc
ANcS9XoH2pvznx3fHddauqj8ZSRshkxtCyuPPA08d_I,c61d9edc544b169b3bd606086df7125c
AOROve_CMsO6bxWVAi3J6cn6izwWWgxmcCmZcV7Q0cU,5055de88e915dbb385938148eec08ce8
AOROve_CMsO6bxWVAi3J6cn6izwWWgxmcCmZcV7Q0cU,61a826e933d4a0da1c2379a5ff3c6162
AQaWg3TKMsHldi2NRDqm2W6mtwmAyo-MNKnIYVt9Cjw,fa4a061435288d76da0392359d9873c7
AR7uEXdi39EGZhXMCi74TR3E_kgSL3w9hQIhNDM3Y0U,e0a60ea4a7fcb0efdfeb168ee68585a2
AR7uEXdi39EGZhXMCi74TR3E_kgSL3w9hQIhNDM3Y0U,fbb24d1babe66cac20917490cdda0886
ARC9XVPHMy4OmvCLVt3pOlOR-Wv17WxdC6zj0jJiquc,bd7efaad413835362ba0a91ecd8ef83b
ARC9XVPHMy4OmvCLVt3pOlOR-Wv17WxdC6zj0jJiquc,70d7c09f3525af2901504ea17f48b9fe
ARfS_g_SLShf-MC6iRRcqbVYLj8XcaIMC0f1HHttn1Q,8ff2a9a54068f64951bec6c69189c881
ASWDIHpxAgE8tjKibGquSeNFX7ipcfS8_dfxbSxsPJ4,30dada43a6726fc176f9808d41eae39e
ASWDIHpxAgE8tjKibGquSeNFX7ipcfS8_dfxbSxsPJ4,e06c534664379344aec90b3e552b7cf0
AUIZuo6lfanwDEDqrbi0_Z4Rsle6CF3P6RaNyWw0_Sg,32503c4ac3726405f491dffdb64a79dd
AUIZuo6lfanwDEDqrbi0_Z4Rsle6CF3P6RaNyWw0_Sg,e4b1a0833ebeeef4bf1068e9c2a1e20c
AUIZuo6lfanwDEDqrbi0_Z4Rsle6CF3P6RaNyWw0_Sg,acb9620c0901f915437874e590858699
AUIZuo6lfanwDEDqrbi0_Z4Rsle6CF3P6RaNyWw0_Sg,1c8074c650481089023b8ef14463c493
AUIZuo6lfanwDEDqrbi0_Z4Rsle6CF3P6RaNyWw0_Sg,8b1c557529864964e7ca68dd1c3efa74
AUIZuo6lfanwDEDqrbi0_Z4Rsle6CF3P6RaNyWw0_Sg,db2a5155fbeeffce2122d644e3a336ba
AUIZuo6lfanwDEDqrbi0_Z4Rsle6CF3P6RaNyWw0_Sg,dc784de3aba6c40628835d6dfb51d517
AUIZuo6lfanwDEDqrbi0_Z4Rsle6CF3P6RaNyWw0_Sg,681f88950e4c4baa1268fd7633cdb85b
AUIZuo6lfanwDEDqrbi0_Z4Rsle6CF3P6RaNyWw0_Sg,e4b2596987e86167c057304cc8eb2476
AUIZuo6lfanwDEDqrbi0_Z4Rsle6CF3P6RaNyWw0_Sg,662579a083d3c450df917f5fcd16de99
AUIZuo6lfanwDEDqrbi0_Z4Rsle6CF3P6RaNyWw0_Sg,2cb557f859ca7cdc5e2c4ffa4fd54617
AUIZuo6lfanwDEDqrbi0_Z4Rsle6CF3P6RaNyWw0_Sg,d1ef9242f4cbb69cba75616db94f9f82
AVuZ9mUs33ut1kxRBTAy5aqL5sjjBnIieerhQKSVEN4,7a49bca7dcfcad16b4f0b4a1de29c5de
AWTr9jz168GTtnjbrdysCTk07lCDRKt7xoyPExsYJbk,eb0dbc2a46bc0eaba4b045d95935ab17
AWTr9jz168GTtnjbrdysCTk07lCDRKt7xoyPExsYJbk,dc9976f9acb29e6a2700ab067ac6170d
AWTr9jz168GTtnjbrdysCTk07lCDRKt7xoyPExsYJbk,a89bff6fee35a61c594526fe03d123bd
AWTr9jz168GTtnjbrdysCTk07lCDRKt7xoyPExsYJbk,dd3c104154886b78d8d20643d2dee802
AWTr9jz168GTtnjbrdysCTk07lCDRKt7xoyPExsYJbk,d67e331bb927e2f23606311adcb70ccf
AWTr9jz168GTtnjbrdysCTk07lCDRKt7xoyPExsYJbk,4d86c052e77c97c7de588a32a78bbbd5
AWTr9jz168GTtnjbrdysCTk07lCDRKt7xoyPExsYJbk,a35b16b2f6ec10bdd82c453405a2806c
AX7n8bvX-5xbg8q0cCKaxASM66m2Xg7msSV5tYExzjc,6eee24a5a52aec2200070021681cd15e
AX7n8bvX-5xbg8q0cCKaxASM66m2Xg7msSV5tYExzjc,18923c2682525b5927b69338a4543a3a
AYTfYEz3WD-XDPEqz4dwBmf_kEM8aL1V3rC8IaXKhFY,262dcad6037418650b69615536574290
AYTfYEz3WD-XDPEqz4dwBmf_kEM8aL1V3rC8IaXKhFY,473e2414a8b662dc2b3a33e8079112ea
AYTfYEz3WD-XDPEqz4dwBmf_kEM8aL1V3rC8IaXKhFY,82c46978185eb30b06f1515b81b9f58a
AYTfYEz3WD-XDPEqz4dwBmf_kEM8aL1V3rC8IaXKhFY,2ee8c694dfe68713da81f3069489ff0e
AYTfYEz3WD-XDPEqz4dwBmf_kEM8aL1V3rC8IaXKhFY,0646b203554ad6151c04cbb32490ca34
AYTfYEz3WD-XDPEqz4dwBmf_kEM8aL1V3rC8IaXKhFY,bbf827f5335c86757fd5235f423e5d2e
AYTfYEz3WD-XDPEqz4dwBmf_kEM8aL1V3rC8IaXKhFY,d9186dc16a347ecdafc4776edf0245f4
AgS48Otp4jBlbXCuMT4yzzXXIQprRt0tzGYCI6cJ1FA,5d648450467cac61d54ab00c7d12b219
AhfyGaD1BKo0-u6PeQk2oI-Bw5l0XxpAqNroFuZuy0I,3c45254de4550c6c27a9346d562e03b9
AhfyGaD1BKo0-u6PeQk2oI-Bw5l0XxpAqNroFuZuy0I,6364740bbde5189d31cb5ab1bdb86a22
AhtPy8eUpV2vcLu0n2Ml3Tli0oyLRJqXybWmMsm6i48,3f72c1650496769fdc569e36711bbab8
AhtPy8eUpV2vcLu0n2Ml3Tli0oyLRJqXybWmMsm6i48,ea36c2ad20f779dce4f7dc33f324d6cd
Av0raRwCIkOPOO2_mAsoEehVscy8jZGYrLC9GOVIcF0,7487741b1a2ac1641566b6efaf35a303
Ay17AXkv1EI2b1Cp-qH1xBuAKF-bNQVMEYruSbLCYxQ,f85fdd066e81c664452a41df81330a82
Ay17AXkv1EI2b1Cp-qH1xBuAKF-bNQVMEYruSbLCYxQ,90d60d7f508fec617fc5f061504e0f94
B0Z9Yi4-Fq_kfX9T9yRIA6iZrVAr611tdGaSdtGmckg,465265e30b748da1a41c69b1ec91b919
B10606VgKgwKhNZbpLpWmRMz9OyxGOh_GsYBqDBVuoU,aa3c005fa60b02897f8237a536c1f3a4
B1EmAqa-3fmzu1QK7URXNIRTDCHrCquueFZNV7V5MHY,3ecf0a37b993198597f7e020454ba030
B1EmAqa-3fmzu1QK7URXNIRTDCHrCquueFZNV7V5MHY,824ed0ff9b15b290d14cdf3449802de1
B1EmAqa-3fmzu1QK7URXNIRTDCHrCquueFZNV7V5MHY,ff3d63553765e41ac6cdc6c604084f4f
B1EmAqa-3fmzu1QK7URXNIRTDCHrCquueFZNV7V5MHY,bc80c8e24f7ea62d5258ee018466b172
B1EmAqa-3fmzu1QK7URXNIRTDCHrCquueFZNV7V5MHY,c174bf8b2eea283c65970efcf31a0ec0
B1EmAqa-3fmzu1QK7URXNIRTDCHrCquueFZNV7V5MHY,b48aa0e8eb43a8085354acb32765e4b1
B1EmAqa-3fmzu1QK7URXNIRTDCHrCquueFZNV7V5MHY,7ec4a7488cd9b85c3bc77fafaf6cd41b
B1EmAqa-3fmzu1QK7URXNIRTDCHrCquueFZNV7V5MHY,34c60de23666f2a27d72749d3c283c90
B1EmAqa-3fmzu1QK7URXNIRTDCHrCquueFZNV7V5MHY,377b022341769c4c4bce6682e04b6990
B1EmAqa-3fmzu1QK7URXNIRTDCHrCquueFZNV7V5MHY,8d908a83f53fcfad5221eaefce835c11
B1EmAqa-3fmzu1QK7URXNIRTDCHrCquueFZNV7V5MHY,33a9b0e087f6ef2361ab346c03991069
B1EmAqa-3fmzu1QK7URXNIRTDCHrCquueFZNV7V5MHY,a87f69c941eb2ca0024c40731615e6c1
B1EmAqa-3fmzu1QK7URXNIRTDCHrCquueFZNV7V5MHY,f1f1c7a073828b76f98a3675412190ca
BIF35RoJ4W76JSB5HL0sgDi6obf_rKNkxKcIQjmIM5o,6cbe19a13ecaf9e7f5670a8a0f8e2ede
BIF35RoJ4W76JSB5HL0sgDi6obf_rKNkxKcIQjmIM5o,eb77b21218f405fa1ea7affef562039b
BIgqCAZI0sAs9l6VoYb7f5DEalgi2C2UbnCcl6iXX0U,d6de199c37367c7a1cd9c739ab367f64
BIgqCAZI0sAs9l6VoYb7f5DEalgi2C2UbnCcl6iXX0U,fc1f9044d4f8be1fa47de3714532b2a3
BN5HI-Z_2P6YYrmnCnCxuMkNIK4gXS98XmLvD4GMLwM,687dd2de2df3ee8dc469f633e2d777ba
BNldbDpAydeJs9HMe4pjl5PF65x7iRBWOhN8P6lTKpg,3d2e1b284ac918e77d74a45e7f534b34
BNldbDpAydeJs9HMe4pjl5PF65x7iRBWOhN8P6lTKpg,93132b5cf1bc5b03ed941f5b8c05f054
B_HmsIJRHhy2Nz0cI3egjmWuu1BAEsxE__E_yjjxaXg,d742a7fd897cb66aa720db5237ba3082
BdFJ6S4lBl4736lPf9jCcvW62dG3MLjVe1wmgozKwfE,176e6b1b6cb8ae642b50031b22a2d99b
BsfJzTZxaGixB_zWMI7Cy7JNn8EAkY0gRBq12NeV33g,04e8425eee9f5c769ad8430ebb8b79d4
BsfJzTZxaGixB_zWMI7Cy7JNn8EAkY0gRBq12NeV33g,65be52a46a3c8c594bca6d41d6f9e6a3
BsfJzTZxaGixB_zWMI7Cy7JNn8EAkY0gRBq12NeV33g,662d490a912b575930b2d842f041aa52
BsfJzTZxaGixB_zWMI7Cy7JNn8EAkY0gRBq12NeV33g,524f7046f3fa1871d698799cdf5b8b46
BsfJzTZxaGixB_zWMI7Cy7JNn8EAkY0gRBq12NeV33g,469eb3589c9f53d5527189f83ae3ddde
BsfJzTZxaGixB_zWMI7Cy7JNn8EAkY0gRBq12NeV33g,ee98a8abdec8e31f21991a08a2d4beaf
BsfJzTZxaGixB_zWMI7Cy7JNn8EAkY0gRBq12NeV33g,8f13c5f70fb5913aa40df5f07c3375cb
BsfJzTZxaGixB_zWMI7Cy7JNn8EAkY0gRBq12NeV33g,362df88dbf2471e1890b9fbf4e43b499
BsfJzTZxaGixB_zWMI7Cy7JNn8EAkY0gRBq12NeV33g,3096615530214409b66d8bd70159e0fb
BsfJzTZxaGixB_zWMI7Cy7JNn8EAkY0gRBq12NeV33g,b7c744c2a556f9dbb907ffa450334032
BsfJzTZxaGixB_zWMI7Cy7JNn8EAkY0gRBq12NeV33g,0fa449eb260cd7a95bcfe464aa3f9397
BsfJzTZxaGixB_zWMI7Cy7JNn8EAkY0gRBq12NeV33g,852ac38f032e62f9300cd48b770e490a
BuS-57KVH5PUMufrQLs3EkdD9lLWqtt06DpoL12nlsA,944ee69bffc175f2e286af12e6ea836d
BudSKCmehLTLYkcJ3Rqgwlytb6Y9zez4iFh-Qs0uz00,9c11c7ab225fb7b1cf533f96e7c49db4
Bwo4aB1FVh_V5rDzT7D64XUtIYW0ZjOAy6k67FYdICY,4776f3d77b3778cbb67f1439484d0d23
Bwo4aB1FVh_V5rDzT7D64XUtIYW0ZjOAy6k67FYdICY,cfab84dd1e8d5076b418bdbce2429903
BzT7pQ7_8gIZuqadGE7M2TJT_LmR--lXZRnZ6QKQl0k,182c7f24d0465ab6a995cb57229e6766
BzT7pQ7_8gIZuqadGE7M2TJT_LmR--lXZRnZ6QKQl0k,58a6894a2597b77e82e341e13c58791b
C0rmfpGsQBjErdJrkM-Y1_LWHu1K4s0L10e3BfcR66c,bcc85cdc7a0f4a32005dfeb1ebe3f0d9
C0rmfpGsQBjErdJrkM-Y1_LWHu1K4s0L10e3BfcR66c,d2dcf2e8e881052b22bde8d72720d115
C0rmfpGsQBjErdJrkM-Y1_LWHu1K4s0L10e3BfcR66c,82ca40edd9711fa88e8f1501c31c32a2
C0rmfpGsQBjErdJrkM-Y1_LWHu1K4s0L10e3BfcR66c,5b9d600f13f5d408c18bda48308644b5
C2_TbTQS8mt1iDuch-2UdIl07Aw7vZ9jqRFmU-5u0Ns,cf130f5b9c72a2b36f8be27ecfd9d689
C4lhsTVb9LE9gZst01WWtbVCB6yRT6AIZlzghAXpFaQ,4e2ad57463c2b2c05e36bf2f36fb87e5
C4lhsTVb9LE9gZst01WWtbVCB6yRT6AIZlzghAXpFaQ,193e380066426792eeaa25694271f7a7
CBrJEu7fU9HXJOmfRDmx9NjLqMjHBnhyyXhyR6aDYNY,926f7e3d50207df79bb8eb2ccf86079f
CBrJEu7fU9HXJOmfRDmx9NjLqMjHBnhyyXhyR6aDYNY,9c3cf81ba9b1fea8755d914aa265e0ea
CBrJEu7fU9HXJOmfRDmx9NjLqMjHBnhyyXhyR6aDYNY,8ae0fb2c7bb282f3b24e77b6476df16c
CBrJEu7fU9HXJOmfRDmx9NjLqMjHBnhyyXhyR6aDYNY,7c9d2193077a2ef12de59ef5700237da
CBrJEu7fU9HXJOmfRDmx9NjLqMjHBnhyyXhyR6aDYNY,19345cc79eb66d75688c49dc5e042ee4
CBrJEu7fU9HXJOmfRDmx9NjLqMjHBnhyyXhyR6aDYNY,8345b58e5ad6443fbd3f24f6cf71556e
CBrJEu7fU9HXJOmfRDmx9NjLqMjHBnhyyXhyR6aDYNY,3cafa735f33fdf65e343db304e5d1082
CBrJEu7fU9HXJOmfRDmx9NjLqMjHBnhyyXhyR6aDYNY,42b000f1387a33afa63bd1ccd57bdfe0
CCHsOEZmSYbVoB3ecu47M09hpz0wKo9-Pm2qTUlzAJA,da3b423d48a68d5b6f168cef0ad0ac24
CM-k2sWlxOSS_H9bXQ268_o8gAVOdk6nsVPBJyWO8rM,0398cf57d6de526ed721d5a9b5bd908d
CM-k2sWlxOSS_H9bXQ268_o8gAVOdk6nsVPBJyWO8rM,4597ae3caba500cd98a13583fa032745
CM-k2sWlxOSS_H9bXQ268_o8gAVOdk6nsVPBJyWO8rM,69d9e539030d60106ce7b67697e35aae
CM-k2sWlxOSS_H9bXQ268_o8gAVOdk6nsVPBJyWO8rM,f444a1ae067087b4c8af9aaf7d872aee
COBCfW9dpPdtWTJu2CzyQdM7de12tj2ggfL7I-Dy1wU,452e2e64df7694a765c0d3bb214ac34f
CPLbY6ZD-pyFOqduSW9IFPmHCFn5PSATTg3653t9Dbw,5a89a6ebe4a6118ccd4a9c52a19460bb
CPLbY6ZD-pyFOqduSW9IFPmHCFn5PSATTg3653t9Dbw,1becfe1e0487611b6dc10f83ac3d560f
C_1f3G-Fy_rRM0SHkTaT_pe2C-1nph4BWwNGS3MueH4,6c210a95d050832efa42fe454bdb45be
C_1f3G-Fy_rRM0SHkTaT_pe2C-1nph4BWwNGS3MueH4,d8a97ca68f8af6090dc49480c69e7aea
C_1f3G-Fy_rRM0SHkTaT_pe2C-1nph4BWwNGS3MueH4,3b22b83657c14dd6ac2e5369b8ceda0a
C_1f3G-Fy_rRM0SHkTaT_pe2C-1nph4BWwNGS3MueH4,5ef9eb61eb70cfd07fd7fff84bbd74db
CigWnxFs_t9NJNTzq7PMdcO6162RK6ETpwLtHG31qbE,c25ce225e2364ede6e5833fb7b80d01a
CigWnxFs_t9NJNTzq7PMdcO6162RK6ETpwLtHG31qbE,0a5781c1d28a2d641f06411e110cc9a2
CigWnxFs_t9NJNTzq7PMdcO6162RK6ETpwLtHG31qbE,4c5624125459087604fc90fedcf210ed
CigWnxFs_t9NJNTzq7PMdcO6162RK6ETpwLtHG31qbE,292a2a6a8be0e07eb6ef59813a31974a
CigWnxFs_t9NJNTzq7PMdcO6162RK6ETpwLtHG31qbE,071e71f599f0e5c89928bb3faa33900b
CigWnxFs_t9NJNTzq7PMdcO6162RK6ETpwLtHG31qbE,1ab3922288589296550e84eec6f841b9
CkenlGnzhHhAweaBpkT1av5IZItgFBk2k05QPYSLXu8,e92c1616f714275cdcefdc918a054ca6
CkenlGnzhHhAweaBpkT1av5IZItgFBk2k05QPYSLXu8,1c37c7a9a554d3ec19533f2a2165f549
CkenlGnzhHhAweaBpkT1av5IZItgFBk2k05QPYSLXu8,fe2ea4854405510e878755e0b427e11e
CkenlGnzhHhAweaBpkT1av5IZItgFBk2k05QPYSLXu8,3a2761cbf2f38343aa97c9e4af127024
CkenlGnzhHhAweaBpkT1av5IZItgFBk2k05QPYSLXu8,78c93ea008a9c3ceb0f8a10526f6b7b5
CvOfSHnVlyG0_I8VeK9Rs5VsGk0HaOAHI1evhHuIvTc,8b42dc8bab1c7d5141272ccbd9b1dbc1
D-00SIzv7YqJxQbnWSav0Mpc5tNuECWfkjuE5q4BuNM,10c09f5fd987e2451b9030204ff86374
D-00SIzv7YqJxQbnWSav0Mpc5tNuECWfkjuE5q4BuNM,0f65a91579c8b894a3ae1a34237e161c
D-00SIzv7YqJxQbnWSav0Mpc5tNuECWfkjuE5q4BuNM,ce1175e2e96f537de99504673eee56d9
D-00SIzv7YqJxQbnWSav0Mpc5tNuECWfkjuE5q4BuNM,af229616e3996e9bed00b351d19704ee
D-00SIzv7YqJxQbnWSav0Mpc5tNuECWfkjuE5q4BuNM,2130b36de895bd03ef4fe8a2a9c022d0
D-00SIzv7YqJxQbnWSav0Mpc5tNuECWfkjuE5q4BuNM,30e46e21765c145833ce4ec6890bdbb6
DAidIHQc5eh1Eo_4g2j6WhWGPXqGaWU050M3TAJKsOo,e8fbaa25c6afcadeb7d27ccd512ccf12
DAidIHQc5eh1Eo_4g2j6WhWGPXqGaWU050M3TAJKsOo,1e47752620da01f973da9d563ef49529
DCA3Le3s1Oh-UiRWy_kDjoieCC_MvJg_4ndji_I87jc,4f1a1c54d3baeb06a2d9ec4bf399d07c
DCA3Le3s1Oh-UiRWy_kDjoieCC_MvJg_4ndji_I87jc,4fe43b83ba9cc87b45acbd32297fb9cd
DCmj2JmoHv4tUSv4DJVwagjX6xlF7R_HOPVY_qLDciM,ca1cead1db4d8188f161cfeab21ff0c9
DCmj2JmoHv4tUSv4DJVwagjX6xlF7R_HOPVY_qLDciM,42488077923fb14b0b11ea3936f9773e
DDliBRlYFBCyG-UjlAVLiDG4nvRl8nodOUOtLxfu5Us,3726f1d1f33d61c8e6ac3963811061a0
DDliBRlYFBCyG-UjlAVLiDG4nvRl8nodOUOtLxfu5Us,e4a8703859ac15bc5a7fe347f0945d75
DDliBRlYFBCyG-UjlAVLiDG4nvRl8nodOUOtLxfu5Us,4f94ea6ff973eb97774e6a63145c38f6
DDliBRlYFBCyG-UjlAVLiDG4nvRl8nodOUOtLxfu5Us,9f903495cf9e26f466151eea1fb190c1
DDliBRlYFBCyG-UjlAVLiDG4nvRl8nodOUOtLxfu5Us,64801efa8580ba4c6c1d49900bda665a
DDliBRlYFBCyG-UjlAVLiDG4nvRl8nodOUOtLxfu5Us,b75ed170c5be65994f8f2cad2c390056
DNDgaE6BmUFno7fz7Lv2jHwHZ7Za8QFpLVa0hgdtcxk,caa2c743a5c8cb28dc842d8a3dfe1d5f
DNDgaE6BmUFno7fz7Lv2jHwHZ7Za8QFpLVa0hgdtcxk,b1fa7bbfcc15a92a309167b0bc8d566d
DNDgaE6BmUFno7fz7Lv2jHwHZ7Za8QFpLVa0hgdtcxk,93eb5cf5a3ff9944c31cc056f4e41901
DNDgaE6BmUFno7fz7Lv2jHwHZ7Za8QFpLVa0hgdtcxk,7b264715ab38fb24240961d2eae283fd
DNDgaE6BmUFno7fz7Lv2jHwHZ7Za8QFpLVa0hgdtcxk,42872cccd21f7ed65a37638adb0b5202
DNDgaE6BmUFno7fz7Lv2jHwHZ7Za8QFpLVa0hgdtcxk,c3b18060d318bfe8ddbd8ca95d0c2584
DNDgaE6BmUFno7fz7Lv2jHwHZ7Za8QFpLVa0hgdtcxk,5b15de1490b655c39bbfc47a7c443a4c
DTjqT-10YClWQzHylJUcdSeas3p3DzwsjLzIP3ixZ8Q,9e613737c482cbd86e4cebe27f6f6af3
DTjqT-10YClWQzHylJUcdSeas3p3DzwsjLzIP3ixZ8Q,6db4ce786fd15cafc647c2c4aedf3548
E7nVTJrt4u_NE0ng5HgEB-JnAxOzuZvzYqwUfliS1Yk,297eefe8120b845aa5c331ea90fa2751
E8tDQ5IgdBwbjLIXu7GwcupEHYbi0eB18YNcsgsSbP8,30a300251e6a75efbfaf7d257c48a66a
E8tDQ5IgdBwbjLIXu7GwcupEHYbi0eB18YNcsgsSbP8,68d9b6e77a491f83a4b5c0cc2f262a75
E8tDQ5IgdBwbjLIXu7GwcupEHYbi0eB18YNcsgsSbP8,d13b37c0613ea9a13930b87637513b86
E8tDQ5IgdBwbjLIXu7GwcupEHYbi0eB18YNcsgsSbP8,1e33eb6c8679e50628f6f208283807fb
E8tDQ5IgdBwbjLIXu7GwcupEHYbi0eB18YNcsgsSbP8,bdb4752e62e30b7fb2f425cfc37904cd
E8tDQ5IgdBwbjLIXu7GwcupEHYbi0eB18YNcsgsSbP8,3a1c538986f44d1f842ad789518127c7
E8tDQ5IgdBwbjLIXu7GwcupEHYbi0eB18YNcsgsSbP8,d29d842fbfb63d05b3c8ea4b8e2e6d9f
E8tDQ5IgdBwbjLIXu7GwcupEHYbi0eB18YNcsgsSbP8,0d8c4ca2910d54ef3c8e07a7db775714
EApSPjEmc7qb4yp3y2p50Xiv6LaNsRds8TwVXx8h_6o,27325809bcc49f30e17498bb3bb5b964
EApSPjEmc7qb4yp3y2p50Xiv6LaNsRds8TwVXx8h_6o,a31995182ea34ca2e3a23cf8fc241a9d
EApSPjEmc7qb4yp3y2p50Xiv6LaNsRds8TwVXx8h_6o,8c7b3a3e6a81be11a0f6618e89804edc
EApSPjEmc7qb4yp3y2p50Xiv6LaNsRds8TwVXx8h_6o,f9243ffaceb9c71b4e7b75b68ef55b8f
EBFIHGLlPfeXlotkyUFlWP6VUxGoWbXvpo4jB8ESXYo,a9991da371bbe4f058aed91451f1c53e
ECoa3Ple2_VClgZ3w6ArCH22bluCUpp5c2egmx6k6SA,09bebe55b31bf31879da21d42be9b85d
EDxCRFGEDIz3y0Po9KOn_bb2ehChgvksQ9rqfGDQ3no,b702491abfc9c79542f84bf805d64060
EDxCRFGEDIz3y0Po9KOn_bb2ehChgvksQ9rqfGDQ3no,a90d2a68c22d3584e63bf484bc2b2ba3
EDxCRFGEDIz3y0Po9KOn_bb2ehChgvksQ9rqfGDQ3no,a54eb33e4f6960b20cc0d6fdefd7bb6a
EDxCRFGEDIz3y0Po9KOn_bb2ehChgvksQ9rqfGDQ3no,e77ce96cbe8bebdef12a480e7e2e9df2
EDxCRFGEDIz3y0Po9KOn_bb2ehChgvksQ9rqfGDQ3no,e0dde201fe4a7c6e89e8b52a1a57a5c9
EHvGjGPbMe-9c5RQM9QVBebxCQhJ3r9Ic1RnQdCuS_o,f57c08dd70242cd53008087dd4048261
EHvGjGPbMe-9c5RQM9QVBebxCQhJ3r9Ic1RnQdCuS_o,69ba8e54e15e319184d22256aac51044
EHvGjGPbMe-9c5RQM9QVBebxCQhJ3r9Ic1RnQdCuS_o,94ceaef37fc46ad437eaa3e52ad03007
EHvGjGPbMe-9c5RQM9QVBebxCQhJ3r9Ic1RnQdCuS_o,a463a9a664288200cd91fa4903161bc2
EHvGjGPbMe-9c5RQM9QVBebxCQhJ3r9Ic1RnQdCuS_o,f918f1f2c0a0b99868e1903b485cef1b
EHvGjGPbMe-9c5RQM9QVBebxCQhJ3r9Ic1RnQdCuS_o,7f6ccf95ae4436ad35db7236151ac9d5
EHvGjGPbMe-9c5RQM9QVBebxCQhJ3r9Ic1RnQdCuS_o,785957ee721c997e4183f4f1524d5346
EHvGjGPbMe-9c5RQM9QVBebxCQhJ3r9Ic1RnQdCuS_o,cece32e45020d4cea2f0a51962eabb3b
EHvGjGPbMe-9c5RQM9QVBebxCQhJ3r9Ic1RnQdCuS_o,8848011e0d9fb70c53d2d22d0994ea22
EHvGjGPbMe-9c5RQM9QVBebxCQhJ3r9Ic1RnQdCuS_o,bf77b05accc8f64da2f012f7f464b393
EJ9WxsKpBR1iAQXdMdj1nrUbRPwihEfi_SGgd1NN4ac,93d361e240acb80b1cdc6fa23e8f295c
EN45bXeRCREnNHm6nZ-FCHtpgW5bGuJSdWlVLEebsL0,e145b8ab0638e322bb761777efbacb62
EN45bXeRCREnNHm6nZ-FCHtpgW5bGuJSdWlVLEebsL0,76f04b0b363c3971eee7b3101091513e
ENgw2m_MNUmwXsw6B4gqR0zeU-YRSH_QSuLOAD1qcv0,787b2170ec817bfee6e7c7a3a7804fa2
ENgw2m_MNUmwXsw6B4gqR0zeU-YRSH_QSuLOAD1qcv0,6eaa27c4c92197535d6f87920694f59c
EP3nlJStPZoBk24yoJJ95kaD-CzK-Bwt7UeWZzA2Tic,72a66d71cd4ec12b126292693e76ceb1
ERgXhIP8ECRfbjznIweOW0N1ebpTx-AcczTw2U1joqM,7b4f481c8ac94c14315369bd31f20cde
EVzxmfGWPMsEwiPrz8uVa7SgSaddRdIYfmRGS-11j7g,462dd8cb6f6901d77f2d85824a6b17c8
EYCxG2aZTvf9mzPRA15QhSaxoXd_VJJ44jbWTwSYYbU,f8820fa2d2dab1fdbe443d9897989d47
EYHKvjkoWEhaMdxSneiWiRED2E5xCMMOBM26nJiqKwM,770d051c52d9ff32e187d7f1a45946f4
EdIZ4UZyPF9NeVOxjGlJKATWntX22ts3CfBx99chEmw,6a1ee7ade67a3dc0da5c94911fa02db1
EdIZ4UZyPF9NeVOxjGlJKATWntX22ts3CfBx99chEmw,da23463b94393e366d425834de8b9899
EiIlFN1kdDC4IuIIEaEOUsCL3sfvPUkvsRXER8kWg2k,32b7a13e7f531a3f082103a9cf2c7d4f
EiIlFN1kdDC4IuIIEaEOUsCL3sfvPUkvsRXER8kWg2k,72c71cc3d239e2e224f30a9a39f1d080
F2hVcfRAAc0OEz5QPIHt5zGIc7QLe54EUpedTB6pm7Q,ce70e9bb88812fdccdf41df95ad5b1f0
F4TnEhf6SPRvMS4EpUaOTA2ZE-WJVz2b-YcJF3TxyKA,2f20f88627847a506b3b0961b4565b1f
F4TnEhf6SPRvMS4EpUaOTA2ZE-WJVz2b-YcJF3TxyKA,2ed2defd3cf58fd748a68e86b890e446
F4TnEhf6SPRvMS4EpUaOTA2ZE-WJVz2b-YcJF3TxyKA,858d3614e0b1cc0e24cbd3c5e0ae6ac8
F4TnEhf6SPRvMS4EpUaOTA2ZE-WJVz2b-YcJF3TxyKA,eeb51996a1d48e2912663250c31c6766
F4TnEhf6SPRvMS4EpUaOTA2ZE-WJVz2b-YcJF3TxyKA,66e92c399b866183f5abd50f40222029
F4TnEhf6SPRvMS4EpUaOTA2ZE-WJVz2b-YcJF3TxyKA,a358f829a705eebef5fe881e01ef93ba
F4TnEhf6SPRvMS4EpUaOTA2ZE-WJVz2b-YcJF3TxyKA,3077f12ffa659aa80686406dfb396d9c
F62bkPo2vAFFkdRq_QK_2Vez9YTohUvOij_OAnI7Ysk,99b23b3406fb8b477c594fe22dd7b082
FYyN-I3eUVTrNJplKYfglP48b18n5SFmNaF-3XPqTWE,470a0f8a3a3c279011486cce1bf212e8
FYyN-I3eUVTrNJplKYfglP48b18n5SFmNaF-3XPqTWE,0609fb4c565895f2ba0e60e7ae9d15f1
FmgyxUyfXZdhV2BlpOlISUa68okBmPEVJi6Ny8eqygk,059dfdef03225feaef0a4facae589405
FmgyxUyfXZdhV2BlpOlISUa68okBmPEVJi6Ny8eqygk,3f3f279de74e172782694374bc311b18
FtkKahQT8PBxplm9wrVH-dSoQTvozlx_jTfWxbcWQnA,6600ff3ba81c92a0896f2293245375e1
FtkKahQT8PBxplm9wrVH-dSoQTvozlx_jTfWxbcWQnA,70f0a4f308d79aad359348d4e0a23cc0
FtkKahQT8PBxplm9wrVH-dSoQTvozlx_jTfWxbcWQnA,d1ea135b54f183bfafe9767e90886312
FtkKahQT8PBxplm9wrVH-dSoQTvozlx_jTfWxbcWQnA,87f4677800eaba74572d2c189853bcba
FtkKahQT8PBxplm9wrVH-dSoQTvozlx_jTfWxbcWQnA,0e8cd4618bef763dc15dd4976979bbe2
FtkKahQT8PBxplm9wrVH-dSoQTvozlx_jTfWxbcWQnA,b5378323632eb84871753243a224386f
FwAVG7nOPd6T1uCC4QKtEfaDCf9KzAoZatrGs55pMFY,52803e9c98fc757576f13a6d2906285f
FwKn-jm3nCeeL0h6WpYdyUgAQd9jn1r7V1DlVSacAFQ,67a787b86f62c92e8a90ae07670a61d6
G0ilgccW_OJkq0lraQtSuT_anU-idRoxUedr96glmYI,d43da99a07c0bd6731bb2eec62ec14ba
G0ilgccW_OJkq0lraQtSuT_anU-idRoxUedr96glmYI,f402375c30201a15f5fabf1d38d6b7a8
G1cJvbexZIXKGdvja22JWyvwHdLKKmzp7oKBLC_GU_A,328a667d0fc97577d4ac164d457e6672
G1cJvbexZIXKGdvja22JWyvwHdLKKmzp7oKBLC_GU_A,e3c018029ff317542a26d1f808e3fbb2
G2--3a1ZbnW54xZrzDhQDiV0ykwTVJPyaXDJqjk77og,d7bfc92674172fab6719a423f537cfad
G8cSXcCF9RyYdLwbhiH-x6yvLcuXMaK6070kee5v5gg,84459093d515b2e465524aad777b514e
G8cSXcCF9RyYdLwbhiH-x6yvLcuXMaK6070kee5v5gg,aaf3cd4d3742193bf6725562c4663f00
GFy9ZiAZQPteKzU20LglQEdnXUvL6Y3Ho1ScbVkm9xg,cb9695efedf5365b12a1d1e1c5fed7eb
GK2jds8tP3G6PyRZEtetBwDgWLEMWJUaEN_1btjyNrM,4ee1274ceba0c9a9f4eb45e16cc50c19
GUs7AZWemh8euI1tdR7BnHQ3M_zQO-TpuTXgcj2YENY,7efce5f9d9653a049605026cd41d4f9b
GYTnlaKA2rWl9aSy0W9Jdwv3IV-sh-UTxnNHvGd5IzE,37de3d1c19803a02914aca64c5035113
GYTnlaKA2rWl9aSy0W9Jdwv3IV-sh-UTxnNHvGd5IzE,e64d14f63b2d58d5c7240521d282a533
GZz1_lA8IKwVLSHb5fZCKDqucfDREPVT6ljopD4SUtY,ae4d98a71caea82d5d1b8d62495b3504
GZz1_lA8IKwVLSHb5fZCKDqucfDREPVT6ljopD4SUtY,5f41d1baf425473129066ffdee2f28cc
GZz1_lA8IKwVLSHb5fZCKDqucfDREPVT6ljopD4SUtY,14774b74ce3eb2872032ab4e30a0e35f
GZz1_lA8IKwVLSHb5fZCKDqucfDREPVT6ljopD4SUtY,b4d3a9c0ee1bea8400acc0ccc88ec86a
GZz1_lA8IKwVLSHb5fZCKDqucfDREPVT6ljopD4SUtY,efd771882e75d45aa8cb410a3a460298
GbOk4JbzF5zpkg24rqvg_gA8BAMUKFen4zBSFPCcQVs,74a670f614cc796c477a98331c2743f7
GbOk4JbzF5zpkg24rqvg_gA8BAMUKFen4zBSFPCcQVs,b8253c2a05c34d49ce7d9f28238d6bc8
GbOk4JbzF5zpkg24rqvg_gA8BAMUKFen4zBSFPCcQVs,e13003e5654e2699182b11201007f668
GbOk4JbzF5zpkg24rqvg_gA8BAMUKFen4zBSFPCcQVs,b871b27835413ba2268c0c6c7af9eabe
GbOk4JbzF5zpkg24rqvg_gA8BAMUKFen4zBSFPCcQVs,8156dce36521a9bca7dc120df6a9202e
GcZhyDSNbtxmLBhHArlnq9FFr5ZheFVWdHOuOCSmcEQ,f6329d98164525c9dea94c6141e8ac0f
GldAW2Eejab3EXj8xHMXbKx3jWxkUD6SqNszUe1Kkvk,0347898b2e3f7aa483185c22c3a82648
GldAW2Eejab3EXj8xHMXbKx3jWxkUD6SqNszUe1Kkvk,369ecb09bc7664b75d3611920cc2f69a
GldAW2Eejab3EXj8xHMXbKx3jWxkUD6SqNszUe1Kkvk,bb8ff1ef61e2912af884961389747280
GldAW2Eejab3EXj8xHMXbKx3jWxkUD6SqNszUe1Kkvk,8062cd4cd727325c2e76f3fc80b28405
GldAW2Eejab3EXj8xHMXbKx3jWxkUD6SqNszUe1Kkvk,c85d3c51e5d4f9cd2286cf94f2f5c5bf
GldAW2Eejab3EXj8xHMXbKx3jWxkUD6SqNszUe1Kkvk,aefc83d3338272f32afb7180f074811e
GldAW2Eejab3EXj8xHMXbKx3jWxkUD6SqNszUe1Kkvk,9d7c6e4ae29fb410ee553a9f497e3ac3
GldAW2Eejab3EXj8xHMXbKx3jWxkUD6SqNszUe1Kkvk,ff8b0c7388b453b25a624ec612907886
GldAW2Eejab3EXj8xHMXbKx3jWxkUD6SqNszUe1Kkvk,8435793c9fe1c1ccf7c34add7b39d18f
GldAW2Eejab3EXj8xHMXbKx3jWxkUD6SqNszUe1Kkvk,f43d2304c015c3c97bb4fdd8d73278f5
GldAW2Eejab3EXj8xHMXbKx3jWxkUD6SqNszUe1Kkvk,b42ca28c0ec9f5bb4b0614508cc42aa3
GpkhlpuszLjuM1kxQYLm1dTntansHENN0m19dOGMrZE,09f359f49ffb393fe45c406971508edf
GpkhlpuszLjuM1kxQYLm1dTntansHENN0m19dOGMrZE,20ad14127a61ffb10b1fc529c791f5f3
GpkhlpuszLjuM1kxQYLm1dTntansHENN0m19dOGMrZE,292ade9f9bd846e55b1d6f8212e70d1b
GpkhlpuszLjuM1kxQYLm1dTntansHENN0m19dOGMrZE,99922aa17144d21cd5dbabc1a147c2f6
GpkhlpuszLjuM1kxQYLm1dTntansHENN0m19dOGMrZE,9105674f27be364e9d82e858a9a2f81c
H-BOQIk-p4BUA9aTSXwPPf32VpCrBRWxHaToTc0_oRQ,7bcc845a6c0c4076d94d026fc2ac88a2
H5bknoN0C0lLje6-NMuSk0boQrWDmbQjhK9OdFBs65c,5140e09a404a61e22aa122393910d2cc
H5bknoN0C0lLje6-NMuSk0boQrWDmbQjhK9OdFBs65c,03233d491b0914acc97f5b7e55aed1f9
H5bknoN0C0lLje6-NMuSk0boQrWDmbQjhK9OdFBs65c,7ea61ab4f5e9c907082c50b49be73b5c
H5bknoN0C0lLje6-NMuSk0boQrWDmbQjhK9OdFBs65c,fb0d7bef0743d6817d24e1100c5b5944
H5bknoN0C0lLje6-NMuSk0boQrWDmbQjhK9OdFBs65c,72fd0fc84bb0273d82f1375842828893
H5bknoN0C0lLje6-NMuSk0boQrWDmbQjhK9OdFBs65c,590561b615a2095cdb154e2d741184bf
H5bknoN0C0lLje6-NMuSk0boQrWDmbQjhK9OdFBs65c,d8ba885634d1ac794a5fc4f82b945967
H5bknoN0C0lLje6-NMuSk0boQrWDmbQjhK9OdFBs65c,f672deacd296f561f66c53596b1f40ba
H5bknoN0C0lLje6-NMuSk0boQrWDmbQjhK9OdFBs65c,40fe06a3bdde9fb263c2f47105ea4668
H5bknoN0C0lLje6-NMuSk0boQrWDmbQjhK9OdFBs65c,d426ca4bde41ae852067ec1f255b46cd
H96X3Mk2kr5Ok54Lck9oR93rz2WR7maI1yuww5V37Nc,9d5c1e9f3734139c16f6427770e7faf1
HIVFr4flHT5mIj9iFPzrQHaYMNLObgz2cUmp3hd8Re4,f18858731cf0fa19efe816ae158bc774
HIVFr4flHT5mIj9iFPzrQHaYMNLObgz2cUmp3hd8Re4,f84bd618e3067097347814e9cb2d373e
HIVFr4flHT5mIj9iFPzrQHaYMNLObgz2cUmp3hd8Re4,e9c3c28f7d0738696bd1e32b94bb0f41
HIVFr4flHT5mIj9iFPzrQHaYMNLObgz2cUmp3hd8Re4,259aedfcb006f3890db8ade81f08f181
HJgSywNiNKZPY048xDEr1Y5tGGATF6u-XsTas7G4AkM,4d01e68154442a8d1d2a29cc24ec1896
HYLKMpRR-ZZA0GvRtRs5stQ0mPS1AmH92glIqg1DLpo,e0e63ed157ac0096aee981beaafd8ec2
Hy31xfPOxuoBInQX_sziauZLswjtbSy3-mVtPjcpt5c,62e29c521002ee8ee62113c8bcd751a3
Hy31xfPOxuoBInQX_sziauZLswjtbSy3-mVtPjcpt5c,538f2458dc84ea6d8f8c97fe31fa76b4
Hy31xfPOxuoBInQX_sziauZLswjtbSy3-mVtPjcpt5c,c7440f1753cf39571964d5f5317bd50d
Hy31xfPOxuoBInQX_sziauZLswjtbSy3-mVtPjcpt5c,089f2bb0b52165737f29242e744161b0
HzrSqvrAMyVOWeRXPyWhFSSXoRnsCNpdNHbl-RW1o5Q,cd754dd3dc074689bacbd098c3ef32ea
I8BI3wv3aghDCeaSa36TdxzoN8tuvQBE0v4X0ts5EX8,b9c864d63fac7d3062c58698d31d52f5
I8BI3wv3aghDCeaSa36TdxzoN8tuvQBE0v4X0ts5EX8,4be82f01e709267b30fc1d3c49fedc77
I8BI3wv3aghDCeaSa36TdxzoN8tuvQBE0v4X0ts5EX8,5eee070222ae5b7fb55b19a29230fc92
I8BI3wv3aghDCeaSa36TdxzoN8tuvQBE0v4X0ts5EX8,22b9e090e217a19f63d44dd53fe8eb67
I8BI3wv3aghDCeaSa36TdxzoN8tuvQBE0v4X0ts5EX8,53c37341773eec8083686f77b668b4ec
I8BI3wv3aghDCeaSa36TdxzoN8tuvQBE0v4X0ts5EX8,a767ba42a34a138eb859d4b5e628bbd5
I8BI3wv3aghDCeaSa36TdxzoN8tuvQBE0v4X0ts5EX8,7a8a49ddbf3934077aa37ea9a20cfb9f
IIHoiNOLWvZ9I7UuzbNCmayVsZTvP0prTJiWmC9k27M,43d4a8a31b48a84c8303e3bcaa21491d
IN-FCi-cwCWmJlFjgaVL25Lo4ZIk7hTEURYDqRzBKEA,91fb1fa1f8cd59d3f0d78a53e22fc8b8
IN-FCi-cwCWmJlFjgaVL25Lo4ZIk7hTEURYDqRzBKEA,e871ec9aaa7df1a6536641f63be2bfec
IN-FCi-cwCWmJlFjgaVL25Lo4ZIk7hTEURYDqRzBKEA,65768a8cf56a50b76303ffc9b7ed974d
IN-FCi-cwCWmJlFjgaVL25Lo4ZIk7hTEURYDqRzBKEA,887e2ba4cd8800384651a9c27531393c
IVZsXcxTQUz90kwtRiKB4GtNs8mtCn6CfhIUT-FImgA,32c57b789c14275dfdf302a4f3f32791
IVZsXcxTQUz90kwtRiKB4GtNs8mtCn6CfhIUT-FImgA,33053668cd682a9a1585e26ec6594e14
IVZsXcxTQUz90kwtRiKB4GtNs8mtCn6CfhIUT-FImgA,3a2ef5b236e2d5b9af7ae76cb5adaf97
IVZsXcxTQUz90kwtRiKB4GtNs8mtCn6CfhIUT-FImgA,6a05c8d660c7c9580e72b5717f1d35bd
IVZsXcxTQUz90kwtRiKB4GtNs8mtCn6CfhIUT-FImgA,43b596620b66a4e23f52ab6100071c95
IVZsXcxTQUz90kwtRiKB4GtNs8mtCn6CfhIUT-FImgA,eaac3b1b832b18d8fe52293dd705d15f
I_t_iHa3Pb9mihi3932MMvmki-Gs31ZOj0CiKO-Dw-Y,842081db114c08571418c6f006b78aaa
IaTbCFs4sdnWmB8bXOiGcUq55LAW3OvrB4QCGvpVjMU,8d1793880a92f5506317c0ea181d5ec6
IhDJdQLAqc7iFAtk1w3TvnMiaZViF2KeqrZ2-Kul0Ks,cb2b770a1a296ddd911167de8661f5a9
IhDJdQLAqc7iFAtk1w3TvnMiaZViF2KeqrZ2-Kul0Ks,2211b36f676a11bac1bee64dd7b885f2
IiFA9usnpMOtdgyH3Hw-V13AzQoibMlu8lGGE61x3ng,9b0d4a9c536ca0904e769d906e014ab3
IiFA9usnpMOtdgyH3Hw-V13AzQoibMlu8lGGE61x3ng,4801cea10d7ae75c7cd808659e506706
IiFA9usnpMOtdgyH3Hw-V13AzQoibMlu8lGGE61x3ng,46876293f6f63b965f342a5bb6a95f0a
IiFA9usnpMOtdgyH3Hw-V13AzQoibMlu8lGGE61x3ng,d3d76c418c9160323034ad28218dc8a5
IiFA9usnpMOtdgyH3Hw-V13AzQoibMlu8lGGE61x3ng,7a61d7743e9b52230258c132280ea9f8
IiFA9usnpMOtdgyH3Hw-V13AzQoibMlu8lGGE61x3ng,906cb38b002ad466bfddaa5b68c23bb6
IiFA9usnpMOtdgyH3Hw-V13AzQoibMlu8lGGE61x3ng,b2bb2cb19954df36ac132a5f087a3aba
IiFA9usnpMOtdgyH3Hw-V13AzQoibMlu8lGGE61x3ng,23d39ea0a103a2a1da8355baacd77240
IkyccBea5QhAAGKh0beMSEPTd5dSn-mS0WrB89edmY8,3d3ab013743e0d8a231f9ed848a2a588
IkyccBea5QhAAGKh0beMSEPTd5dSn-mS0WrB89edmY8,d325d61ef6ae59fbe124ed1776eb0ace
IobbStbutxAR7KpE4p6lisXd64G60dx3H9W1Wa4_8I0,2e5e8462eb722e64cad20b2de2fa38d5
Iq9BZmJt_Dg-EuoVbU_Q7ttc7RWfR-PyHACAyA_NwHs,0ec474ac34b6f6b9775c04ca0af79061
Iq9BZmJt_Dg-EuoVbU_Q7ttc7RWfR-PyHACAyA_NwHs,a435d4a96a9c314a5f97e3cf0edf3b2e
Iq9BZmJt_Dg-EuoVbU_Q7ttc7RWfR-PyHACAyA_NwHs,fec824d24e97c87fa397ecaf0447206d
Iq9BZmJt_Dg-EuoVbU_Q7ttc7RWfR-PyHACAyA_NwHs,83e8cf903f86f4572c78dbe34c48c2ca
Iq9BZmJt_Dg-EuoVbU_Q7ttc7RWfR-PyHACAyA_NwHs,62bd88d7b134d1706082730651b3bd35
Iq9BZmJt_Dg-EuoVbU_Q7ttc7RWfR-PyHACAyA_NwHs,22c84f606d9cdf7ec0628ab12194c0a2
Iq9BZmJt_Dg-EuoVbU_Q7ttc7RWfR-PyHACAyA_NwHs,c126e21682eaebf0925c7ba6f4e69154
Iq9BZmJt_Dg-EuoVbU_Q7ttc7RWfR-PyHACAyA_NwHs,d98999a3298211c899e8361af9209d7c
Iq9BZmJt_Dg-EuoVbU_Q7ttc7RWfR-PyHACAyA_NwHs,5d3b1c75a59becc470634684843cdd97
Iq9BZmJt_Dg-EuoVbU_Q7ttc7RWfR-PyHACAyA_NwHs,ee76752558e7228e3306f9b06b7b60f0
Iq9BZmJt_Dg-EuoVbU_Q7ttc7RWfR-PyHACAyA_NwHs,7916a26b062c26d90811653956407673
Iq9BZmJt_Dg-EuoVbU_Q7ttc7RWfR-PyHACAyA_NwHs,f91d4727d96689a60940734e285274ac
IsQFJLfyQDwpkDNLiJ6IBIwizzxKW3YAzl_4qgPap3M,6b666beaf4d4dcc595431e5c78572d75
IsQFJLfyQDwpkDNLiJ6IBIwizzxKW3YAzl_4qgPap3M,dc71d2273c71724139f023c1bc4e4b56
IvCNsbRv3wHMgRl6sQUrzAn36i8TlTm0_4uXheFRrXI,aebae7a4e5f244e29dc92157c7cf3f7b
IvCNsbRv3wHMgRl6sQUrzAn36i8TlTm0_4uXheFRrXI,1fcba5d67fd3a19bdb734f35a01c3274
IvCNsbRv3wHMgRl6sQUrzAn36i8TlTm0_4uXheFRrXI,c79ff3f67941273f562fe8ff770076ba
IvCNsbRv3wHMgRl6sQUrzAn36i8TlTm0_4uXheFRrXI,c17248cd33fd3f05cfba54162e33e684
IvCNsbRv3wHMgRl6sQUrzAn36i8TlTm0_4uXheFRrXI,e1926215cd9bfd85a04bc3bbf7a51f54
Ivrs8ftoE3vUVDxW8ck98It03rOa_Dv5WI2KKizXFVs,816951a8388d41d352ae29dd99cb3128
JIDeRFzpDbcfojQQ6lmOZQMRkTWTOk7Pat0FtOpYyB4,c572358fffc1375374f270b0f014244e
JNvYCjFCVizUSPlVWEiT5RvXAV3AcfPFkpa01Y_3DMQ,624413c051d069d612fd0dfe96054c83
JNvYCjFCVizUSPlVWEiT5RvXAV3AcfPFkpa01Y_3DMQ,efb905bb523a422a604c1472757a722d
JNvYCjFCVizUSPlVWEiT5RvXAV3AcfPFkpa01Y_3DMQ,060338f7e0a22e1dbb6b9446b8c034e5
JNvYCjFCVizUSPlVWEiT5RvXAV3AcfPFkpa01Y_3DMQ,d7800a13eaabe097e7594c44b9853d17
JNvYCjFCVizUSPlVWEiT5RvXAV3AcfPFkpa01Y_3DMQ,eaa9296aed1eca258e6e0e62f85b20a5
JNvYCjFCVizUSPlVWEiT5RvXAV3AcfPFkpa01Y_3DMQ,5332879ec1c9dcf976f482ecf00a41d3
JcbwYfgh9SOZjvpMdR0ZJfhL21gnv7rVQ3obwyGPsSE,a82a9c7fe2e4b7c479134782ece86066
JcbwYfgh9SOZjvpMdR0ZJfhL21gnv7rVQ3obwyGPsSE,6d4be290d6826b5e47b40d1e2e1dd49a
Jl7P3QEvzUYthLKj4GKVLYxq4aeEPTe7gpr9L9XksqI,65742c0cc940c5a31352fe4e275d2beb
Jl7P3QEvzUYthLKj4GKVLYxq4aeEPTe7gpr9L9XksqI,365eaf0482ff7918dac02e1d40e0818e
Jl7P3QEvzUYthLKj4GKVLYxq4aeEPTe7gpr9L9XksqI,351db36f8daf59f2f43c6a4b5483c788
Jl7P3QEvzUYthLKj4GKVLYxq4aeEPTe7gpr9L9XksqI,61f74e0a27a0891434e7a6cd95585739
Jl7P3QEvzUYthLKj4GKVLYxq4aeEPTe7gpr9L9XksqI,8a37aa2a4a1512f7e99aa01f20461f2e
Jl7P3QEvzUYthLKj4GKVLYxq4aeEPTe7gpr9L9XksqI,f273826345c4384e432fa9b55d4bfeec
Jl7P3QEvzUYthLKj4GKVLYxq4aeEPTe7gpr9L9XksqI,a968b9b7a6a92cb3dc15d2f2d12f2b30
Jl7P3QEvzUYthLKj4GKVLYxq4aeEPTe7gpr9L9XksqI,2e3a4e69ddb010a56a1fc7185b05d04d
Jl7P3QEvzUYthLKj4GKVLYxq4aeEPTe7gpr9L9XksqI,2184077eceb6a41e5ce0e1819a100270
Jl7P3QEvzUYthLKj4GKVLYxq4aeEPTe7gpr9L9XksqI,de3bf7756d76ab6f50baf44b18afff08
Jl7P3QEvzUYthLKj4GKVLYxq4aeEPTe7gpr9L9XksqI,9b6fcd1eebc216a1588eeb858ce653e4
Jl7P3QEvzUYthLKj4GKVLYxq4aeEPTe7gpr9L9XksqI,ec240ccb97290a7f6d6f7f44ae715529
Jl7P3QEvzUYthLKj4GKVLYxq4aeEPTe7gpr9L9XksqI,1d9c879ab085300bf992f77965aa85d5
Jl7P3QEvzUYthLKj4GKVLYxq4aeEPTe7gpr9L9XksqI,71e455382649bef8fcca8e64f20b3b70
Jl7P3QEvzUYthLKj4GKVLYxq4aeEPTe7gpr9L9XksqI,fb3f5f7d7b25845d471c9e5ea20fa1fc
JtJm2KmKqA6oCQqOJJKOflI2bLAHwcc6AsP8PmsTqfo,1b5a2a59ff4c2d74df4b86777ea9a7a0
KBAU1rWD43nsok2kcZJkGqqMKRUMIpMURs6n7DiIbAk,9d4723edc702db6b624091bb3a4b2b4a
KRhhODp3IdNvOwJrGTgxyFFSajMFzlvI6-oXD7zUB1M,db6b48f3cbe79ff9473ac63723c0bfdd
KRhhODp3IdNvOwJrGTgxyFFSajMFzlvI6-oXD7zUB1M,6542d3e225e1bedbb216de70c139041b
KRhhODp3IdNvOwJrGTgxyFFSajMFzlvI6-oXD7zUB1M,bcb48b05b8eec372ee59fb49b82eefac
KUNSraIYDWHRcL691_W2GTTD0xKejJUyZHVqdQyezaM,91d8673ae187d9a007bec8dcd10a8bb7
KUNSraIYDWHRcL691_W2GTTD0xKejJUyZHVqdQyezaM,48f8a379a79161ea6f14e03a51a2e6ff
K_II_ceJULbMT4-1kDxWSxcLNVQVQ_xXiH2yEzIwerw,091dcce1c6acbac0fa26446a342bfc7f
K_II_ceJULbMT4-1kDxWSxcLNVQVQ_xXiH2yEzIwerw,f6bb078511f91786648f8f41f4d85df6
K_II_ceJULbMT4-1kDxWSxcLNVQVQ_xXiH2yEzIwerw,f321ac40542ccbc5b979f1277018761b
K_II_ceJULbMT4-1kDxWSxcLNVQVQ_xXiH2yEzIwerw,31dfcec39974a876ae198e91f91b28a5
KkcKYV7B1vYaAU3rhnwuJURVMpt_DsVVfOjKhQWyIUY,9192d4582d9c7509c6832c7b5bb6ab95
KuaO0HukXURPXHNjwVlRBX54vTgGoJCgIlE6pJFBjuU,54b0722f090a4729c9a5067701580c9f
KyUpCvLOaHfJNvUi1UqsGflxRBbyk5O5sHHE4Z3fYs0,31539f8a11c69760f52d148867a002ec
KyUpCvLOaHfJNvUi1UqsGflxRBbyk5O5sHHE4Z3fYs0,560d8242feeb561da2cab3c3203cadc6
KyUpCvLOaHfJNvUi1UqsGflxRBbyk5O5sHHE4Z3fYs0,9efc35cdc932129d30c3dac8f032f4cb
KyUpCvLOaHfJNvUi1UqsGflxRBbyk5O5sHHE4Z3fYs0,f848e21beb06ce505a6658b68e5a1f8b
Ky_Za0ND8jBPfLFuDU32SxskrabV7a4v3m1vEZipuJE,3d6ecf59b553f6aa2adbda36505331e9
L3gOZE9_foSWpEGDymPGZ72xRwNAjs30LgwA2HK5Pck,48c289fb91bea740014eb3419ae8e9ca
L5hyLcjEUehth3dkw0b_hcjI6YWRayLrwwg9Cv2G7Fg,a0593bfb12d3e1cf903a4e810a938977
L5hyLcjEUehth3dkw0b_hcjI6YWRayLrwwg9Cv2G7Fg,137ccc8c9bf697c11cca4a29582df042
L5hyLcjEUehth3dkw0b_hcjI6YWRayLrwwg9Cv2G7Fg,4a38df0181bcd6a8d6f9cdcc51ddcfdf
L5hyLcjEUehth3dkw0b_hcjI6YWRayLrwwg9Cv2G7Fg,b3543cbeff06b1c90eda431e63009935
L5hyLcjEUehth3dkw0b_hcjI6YWRayLrwwg9Cv2G7Fg,1e287d9fda4199023c69f2fc84ce3b6d
L5hyLcjEUehth3dkw0b_hcjI6YWRayLrwwg9Cv2G7Fg,22e4616a9193c10cf170be69cf8441ce
L5hyLcjEUehth3dkw0b_hcjI6YWRayLrwwg9Cv2G7Fg,f1fa1eaecb60b7e1fd5f7a6c94a7a336
L5hyLcjEUehth3dkw0b_hcjI6YWRayLrwwg9Cv2G7Fg,473c592b643abeef112c7e91aa7f4512
L5hyLcjEUehth3dkw0b_hcjI6YWRayLrwwg9Cv2G7Fg,3c216f2514e4d113050859aadf61502a
L5hyLcjEUehth3dkw0b_hcjI6YWRayLrwwg9Cv2G7Fg,f91a527bf05a8b0c2dbee54231ba2b6a
L5hyLcjEUehth3dkw0b_hcjI6YWRayLrwwg9Cv2G7Fg,4908d238fb6f4dce42872853211605c1
L5hyLcjEUehth3dkw0b_hcjI6YWRayLrwwg9Cv2G7Fg,7fca09bb599a768ac8d77bbe2bcc69f1
L71qKO8OfKBmm1Z7R-XkSlh6-sUkbfN-36XlMGpabXw,62de2099d2b4edf2bd43127bd6c0f9be
L8AV1kOMRp33zMsQyVZeFe95-Hl09uh5wFdYt4BRDZk,ca507a6460d143711c2a23a64eae10b8
LAylutsZzyozv6hpU2zkLc7tSoVn0KA7MHpFSNF31bU,2c514a3b732fd84996ccf8cb2089efbd
LAylutsZzyozv6hpU2zkLc7tSoVn0KA7MHpFSNF31bU,76b1d539f7a2c60095e5d11064a08b81
LG8w5pRNQxAS1OXu32ttcFgCo2x_udBwl4IY-pkH-G0,ad39fc0611eb1642b9aef5ff3b884718
LG8w5pRNQxAS1OXu32ttcFgCo2x_udBwl4IY-pkH-G0,c5056a34bb61291a5dfdaa1652978180
LG8w5pRNQxAS1OXu32ttcFgCo2x_udBwl4IY-pkH-G0,4afa3f5dcfbd3f03311c8876193793cc
LG8w5pRNQxAS1OXu32ttcFgCo2x_udBwl4IY-pkH-G0,6103c7e37222bab31f35cf03fa7b69f6
LG8w5pRNQxAS1OXu32ttcFgCo2x_udBwl4IY-pkH-G0,82a23bd3891a63491fdc61241c30fe9a
LG8w5pRNQxAS1OXu32ttcFgCo2x_udBwl4IY-pkH-G0,2ee659766e123394b5c8c43d022ab461
LG8w5pRNQxAS1OXu32ttcFgCo2x_udBwl4IY-pkH-G0,758484304a5fc89a1acb6733207b58f8
LG8w5pRNQxAS1OXu32ttcFgCo2x_udBwl4IY-pkH-G0,1509773c4d0533f21a7496e31e0b2703
LG8w5pRNQxAS1OXu32ttcFgCo2x_udBwl4IY-pkH-G0,1d80d6200bce0b27e94604bea33c7de6
LG8w5pRNQxAS1OXu32ttcFgCo2x_udBwl4IY-pkH-G0,ae100eb2309f70f0ddff1f3fe7357d01
LG8w5pRNQxAS1OXu32ttcFgCo2x_udBwl4IY-pkH-G0,c84073d5e7d75b76f538aefce17b61ef
LIZFonGXPE6zHm2vvXFEn-7NojsZnLo5XQxnYr1eG9c,2bf951178a3efe9d9e8ea6906231cad6
LIZFonGXPE6zHm2vvXFEn-7NojsZnLo5XQxnYr1eG9c,e9676cd6750c4490dc81cb32e65920cd
LIZFonGXPE6zHm2vvXFEn-7NojsZnLo5XQxnYr1eG9c,2f37bb5e37138c3ed5a73c6ee837cd86
LIZFonGXPE6zHm2vvXFEn-7NojsZnLo5XQxnYr1eG9c,a9eed1b63e8a8e561ce49a496ad87678
LIZFonGXPE6zHm2vvXFEn-7NojsZnLo5XQxnYr1eG9c,8a92dd39acec7a7c0c13761978d95223
LIZFonGXPE6zHm2vvXFEn-7NojsZnLo5XQxnYr1eG9c,4bf578e8a34b6879fc8d4f5ac17eba80
LIZFonGXPE6zHm2vvXFEn-7NojsZnLo5XQxnYr1eG9c,1d4222ecbfb00a8e7c9632dc55faeb6a
LIZFonGXPE6zHm2vvXFEn-7NojsZnLo5XQxnYr1eG9c,087a62c3ab7405992cdb9026a68d1f60
LIZFonGXPE6zHm2vvXFEn-7NojsZnLo5XQxnYr1eG9c,395251ce68b15905b3e9f3d3a6ef217c
LIZFonGXPE6zHm2vvXFEn-7NojsZnLo5XQxnYr1eG9c,ca15fed03d1c171dfa924ce1dfad1057
LWS7u2dM1oIlDpu0qfB0Fh8kUXtyKa2Bzu2Zy8gx69U,99dcaddea7cc331d837f313844ef7afc
LWS7u2dM1oIlDpu0qfB0Fh8kUXtyKa2Bzu2Zy8gx69U,bca3de6a07563a5d361989369f55c6dd
LWS7u2dM1oIlDpu0qfB0Fh8kUXtyKa2Bzu2Zy8gx69U,03c56b3babc7eb149e13600bd2425bd4
LWS7u2dM1oIlDpu0qfB0Fh8kUXtyKa2Bzu2Zy8gx69U,8fadf91d63a9ac95741e0a65b78a34be
LWS7u2dM1oIlDpu0qfB0Fh8kUXtyKa2Bzu2Zy8gx69U,8cd42beaac3b9d9640bb6e886e5f8738
LWS7u2dM1oIlDpu0qfB0Fh8kUXtyKa2Bzu2Zy8gx69U,baee41685f6f6e44e108b3bd4f802082
LWS7u2dM1oIlDpu0qfB0Fh8kUXtyKa2Bzu2Zy8gx69U,fe3f612bdf7afea81221e0a5ba83853a
LWS7u2dM1oIlDpu0qfB0Fh8kUXtyKa2Bzu2Zy8gx69U,6f5dc9ad29b971d15a0022e2e7f5ba1d
LWS7u2dM1oIlDpu0qfB0Fh8kUXtyKa2Bzu2Zy8gx69U,dbb23689d286bbff6cbc2a76f41b2efd
LWS7u2dM1oIlDpu0qfB0Fh8kUXtyKa2Bzu2Zy8gx69U,548c6fdbf901d64f6beaa557f7fa4077
LWmSj6WXNRmjBFn3XHudfNM3LZ2Jw0kSsv0naXOdIlg,139c4d077108a563b5282e0620198bcf
Las9lyHX8ahvkOTjgNXmDsoVcfV_I00LIW5AiGjrD8U,a04e4c3f9f558f825c165b54b417f8f0
Las9lyHX8ahvkOTjgNXmDsoVcfV_I00LIW5AiGjrD8U,9fff96e970822dcd563779a64fa1ad06
LhpKk8JN769XdQ3ri6vIcmu9Uu2zEIgxyqbrDnHLQD4,2ed6af5a5a66d812a67a1dc2122a9bcf
Ln93h-QpBiCetrCjogBLV0szB4r9JwHItcq7dAbq8Qw,9e183a8176fb381da920af304aea2ee2
LqwmZFz9Zs0XAy0zY8sJEZuwuRFvikqWWqAZangX8fw,f42a12a98da383efb4ecd26369e25e6c
LqwmZFz9Zs0XAy0zY8sJEZuwuRFvikqWWqAZangX8fw,d011f603eab97b6ec56bf7321ce39614
M1muFKjSI5wj9-wBh5LrgBgLuujJ0hpuesndt7O2Xf0,1c2f63f6955da330793acf34115b2b7b
M1muFKjSI5wj9-wBh5LrgBgLuujJ0hpuesndt7O2Xf0,3aefe0e88a26d8fa95a870a0f9da3fe7
M4CDQ5dw5yfMbxuejEOqxuSzEnV459VW5flcUAFQg2Q,60c6dbb20b2b612751f36cc94c9a5cc2
M6VgD6r_83GpclmUFF5AvByf2g0vZHHJ4KibcKPUz4o,2eb0c31271ef48ef7f7897893a62a139
MDqQHenu2xxbf_I4_Uo5YARw9wxHCXDSQKgC3ZWHyBM,f60e3059f4e3da067558ea19e359334f
MDqQHenu2xxbf_I4_Uo5YARw9wxHCXDSQKgC3ZWHyBM,f45e858ee2b8e338ff20db5d264b6455
MDqQHenu2xxbf_I4_Uo5YARw9wxHCXDSQKgC3ZWHyBM,7cb870c79bbdeca31c69af38e30595aa
MEg2fJbKd6vFArod3Em2Yg6Fzg8I_UVysW9tVVNJXuU,115181b2ed06748ec4c1021fe2bf4041
MRRpwL1LnxGuSlgB75qZkvbiwBOg7an478NWRRJhFZg,0b4d267e879475e304136741fefbabb7
MTXbtemM3j9GYgqgOkhXXNyNs1NVodSfuPageeXGSXk,49c475ac2c54cf3c317b98be2dad9347
MY3CwjtZZyuG5LA3zEnBVMp4G0PiQJo5xyLOZQ2OsO0,7bcb03fc421f92450d21ca3cfedb93fc
MY3CwjtZZyuG5LA3zEnBVMp4G0PiQJo5xyLOZQ2OsO0,6a22c939425da0c79ee118bfebc6ab03
MY3CwjtZZyuG5LA3zEnBVMp4G0PiQJo5xyLOZQ2OsO0,c80189452df79631d9c0a33159f0f832
MY3CwjtZZyuG5LA3zEnBVMp4G0PiQJo5xyLOZQ2OsO0,17e1beb94748f4634b802968faf33ae7
MY3CwjtZZyuG5LA3zEnBVMp4G0PiQJo5xyLOZQ2OsO0,1b362f49cb661854477441a2878649b9
MY3CwjtZZyuG5LA3zEnBVMp4G0PiQJo5xyLOZQ2OsO0,58b4a1117bac4a62efe7f3167b96a286
M_VIme6ZNwUHowz1e0dEdO7dB4CUb4nq2g5LJrboM_8,d6514e0c568401cbb6a485962d82045e
Mb3jqMAc-x1zRUhGxkpbGYT-zSWg4PPvzVTWtPamncU,9cec59753375a34373ef83006f01a59a
Mb3jqMAc-x1zRUhGxkpbGYT-zSWg4PPvzVTWtPamncU,ddcf6d860618b9e842d760d22eae0922
MbI0nuaGlMFelp1gYz2NnBZ3E9Kqgno4bxUrxlZczOA,9fd9749718838e031d99b26a0256865f
MjymGihCG7nyeic8DITCiZw4B1jxJ3mfz7RoNe_CpRA,91e8502e507d57022ce01f13f0c05771
MjymGihCG7nyeic8DITCiZw4B1jxJ3mfz7RoNe_CpRA,a9074f9c508be1a0bd074d7850339a0e
MjymGihCG7nyeic8DITCiZw4B1jxJ3mfz7RoNe_CpRA,89e7b97467204eb0a9374071000e3fc5
MjymGihCG7nyeic8DITCiZw4B1jxJ3mfz7RoNe_CpRA,50fd773e5ca738d5e76b8882e939ad06
MjymGihCG7nyeic8DITCiZw4B1jxJ3mfz7RoNe_CpRA,5352dfa7072e03355d6aadd9ebf9951e
MjymGihCG7nyeic8DITCiZw4B1jxJ3mfz7RoNe_CpRA,fd02ebaf7e89d9c3abc7b1cc183b9739
MjymGihCG7nyeic8DITCiZw4B1jxJ3mfz7RoNe_CpRA,ef6de55408c4d36845460a839f9fb146
MjymGihCG7nyeic8DITCiZw4B1jxJ3mfz7RoNe_CpRA,f81a7848f8a22ea414f692fab97774ba
MjymGihCG7nyeic8DITCiZw4B1jxJ3mfz7RoNe_CpRA,807e70cf58e68ed0a7b2b95febaae797
MmlaGbcovUveI_4bIkPI7PtbtuIXmJXEuh7PcWd1vs4,91a62e04cd1ad7143f29b05392b12147
MmlaGbcovUveI_4bIkPI7PtbtuIXmJXEuh7PcWd1vs4,1919c311731832c1176628dcaf0d41e1
MmlaGbcovUveI_4bIkPI7PtbtuIXmJXEuh7PcWd1vs4,fddcab248af430942197447cf6a13e9b
MyfWZFbdaoAyalT_KRfL_POdoeNK5jBv71Dq2iP2Kno,6f5f348b49ea179f165efb5a371f8d91
NHYTWvYxeqGl68vqemGdwryhfk8YKDAAT6yHGpcYTMU,a8ae6930ed498f97b96a711e967b121d
NHYTWvYxeqGl68vqemGdwryhfk8YKDAAT6yHGpcYTMU,1547e184360a0a421908230f316eed50
NMF25R019iMg46ITv51G7T57n1OQ-0PqjDBBaBM-KeY,79bd6e3710aa13162700317b787f1eb5
NPC5AE7iwKfWfpBfXabJrkmqPUFfC93c-kUzJxIlRpI,a1812240b80a08a361494b98eb1b9630
NPC5AE7iwKfWfpBfXabJrkmqPUFfC93c-kUzJxIlRpI,6d14307842b307009d011e63cb1c8356
NPC5AE7iwKfWfpBfXabJrkmqPUFfC93c-kUzJxIlRpI,7906263422ece8a6ebac43114815b13b
NPC5AE7iwKfWfpBfXabJrkmqPUFfC93c-kUzJxIlRpI,1d06eab0caf332b7f1777fa4cb00564e
NPC5AE7iwKfWfpBfXabJrkmqPUFfC93c-kUzJxIlRpI,c8c8449b792556a4529a93d2aee5c884
NPC5AE7iwKfWfpBfXabJrkmqPUFfC93c-kUzJxIlRpI,ae528d87550b9c2ee0e9ad15b5fb8930
NPC5AE7iwKfWfpBfXabJrkmqPUFfC93c-kUzJxIlRpI,bf4dfb6cc42a730d0d18ba6f6288450a
NPC5AE7iwKfWfpBfXabJrkmqPUFfC93c-kUzJxIlRpI,2befda684e4c0c86f45aceed930c548a
NPC5AE7iwKfWfpBfXabJrkmqPUFfC93c-kUzJxIlRpI,50dd05075dbdeaba1d75067519e9d5a6
NPC5AE7iwKfWfpBfXabJrkmqPUFfC93c-kUzJxIlRpI,23408f420116e86638b5ee3a20b384a6
NPC5AE7iwKfWfpBfXabJrkmqPUFfC93c-kUzJxIlRpI,a20af40fe5848207584e7afce44506ab
NTmudVTq3KXZsMxKbzh7FZ_Cwidx_LNAFffrMFwhizk,6d8c245cde6cefee924c1c594b7485b2
NXmoPHhsDXHFFY9qBe87PNHfINaJfDwlbacZeImZi1U,af9c31e5fc9abde719e9f424ce87fce9
NXmoPHhsDXHFFY9qBe87PNHfINaJfDwlbacZeImZi1U,b88af0a4f55cbe5f99fa3d7cae3ef178
NXmoPHhsDXHFFY9qBe87PNHfINaJfDwlbacZeImZi1U,125b53f2768c05555f079d8e8d8d9196
NXmoPHhsDXHFFY9qBe87PNHfINaJfDwlbacZeImZi1U,b229a6da03927644027709a4b3936d14
NXmoPHhsDXHFFY9qBe87PNHfINaJfDwlbacZeImZi1U,c5740c47c94546e2c5798b542439c231
NXmoPHhsDXHFFY9qBe87PNHfINaJfDwlbacZeImZi1U,f3322712e2c28577f9d45a93732d2e38
NXmoPHhsDXHFFY9qBe87PNHfINaJfDwlbacZeImZi1U,a00bfd2d2e0ffee70e5f4b8e6bf45829
Nd9tQGPzZWHmXztXwfqP_CNNVoQ5a-YgEhcOnNMObTQ,b38dc38bb2c4b7625182e44ba402207f
Nd9tQGPzZWHmXztXwfqP_CNNVoQ5a-YgEhcOnNMObTQ,22e59aae0b74a33de9e216fb67cb68ab
NeyszvHjJ3aJ--cxUOQR12-MFqZA82Uityzo5zWJNRM,107ff84f53119139be2055625832892f
NtGhhuJmxasrSRLy3LsguIRU14n0gjoJg_Qr7Ct7-aA,37ff70f701f67af53620c40b5bc67a25
NtGhhuJmxasrSRLy3LsguIRU14n0gjoJg_Qr7Ct7-aA,bd31ae3b99190297763a67d4e6e77309
O4seCrLSEagQp6BGJTsPYovKuLedF1KiXDYJjsxHV0w,e1baeeec27a69955e28ae05b7d347953
OAbrCqaAW3pJE5CZ4IQFZbVuacN5J6rhE7eBJqme8HA,a4433bf37d108818830bce3021d4a974
OG9Sg6chAt62VpE1YhaBQcIQ1Qv22fYUHRPndomcxz0,6c8f687bc242ad567f477a719b47cfe4
OG9Sg6chAt62VpE1YhaBQcIQ1Qv22fYUHRPndomcxz0,3743c3c2d5ca9d0bc2597d08d53efc25
OHJbKBoYWYD-m6mpQi8Xw4zXuMKQe0g8APH6z__VLv8,d05cbe7df78dd0357048200fa173ca7c
OHJbKBoYWYD-m6mpQi8Xw4zXuMKQe0g8APH6z__VLv8,1820d13089e1f19ad8a89316456fc78f
OHJbKBoYWYD-m6mpQi8Xw4zXuMKQe0g8APH6z__VLv8,4f6584bd3f52b15f13a64974d2f3a088
OHJbKBoYWYD-m6mpQi8Xw4zXuMKQe0g8APH6z__VLv8,942918cc56a7a197a486742587fe6b3d
ONExtjPuO-BP4G0Mxy8Hnm5snWhuR8xoomIwRPxkGXc,a6f1b3b949b828d57a3f0b0d19ca116a
OSK2OpdvdiHXzX-5IyZVXyqrqIC4TbkGTeUWo2A55jY,251e3262e3ffc40a0595220c64600233
OSK2OpdvdiHXzX-5IyZVXyqrqIC4TbkGTeUWo2A55jY,a9145f2f6ae3a7c7489f572194e5a5da
OSK2OpdvdiHXzX-5IyZVXyqrqIC4TbkGTeUWo2A55jY,e0b6e598029a5a4d5d4af2940beba676
OSK2OpdvdiHXzX-5IyZVXyqrqIC4TbkGTeUWo2A55jY,40c405cf179585f9646f3cc4af6c5303
OSK2OpdvdiHXzX-5IyZVXyqrqIC4TbkGTeUWo2A55jY,5948d892f2c33781b06abc938c197b3f
OSK2OpdvdiHXzX-5IyZVXyqrqIC4TbkGTeUWo2A55jY,dae85933c61e3d0c299cfa9cea96ebb4
OW69pCNzvuyn4IDrAvGcRw6BjIQPd71jXCOtNPWpKIg,cb71e723b7d67d5c18817d6566a6644b
OW69pCNzvuyn4IDrAvGcRw6BjIQPd71jXCOtNPWpKIg,4654d163a6589b00f8288c60ff2f7b1c
OW69pCNzvuyn4IDrAvGcRw6BjIQPd71jXCOtNPWpKIg,be7da4feaf1e6ae4f37a831f9ebdb616
OW69pCNzvuyn4IDrAvGcRw6BjIQPd71jXCOtNPWpKIg,cbfd03f5da841871bc51aadac78f3f72
OW69pCNzvuyn4IDrAvGcRw6BjIQPd71jXCOtNPWpKIg,4a8f1df0a37ad4deb4e4582014dc2a40
OW69pCNzvuyn4IDrAvGcRw6BjIQPd71jXCOtNPWpKIg,9d7f03fc91c3bc5de00c76976b0aaa2c
OW69pCNzvuyn4IDrAvGcRw6BjIQPd71jXCOtNPWpKIg,c4577d71cd2d1345c3d65b1b01b7d7dd
OW69pCNzvuyn4IDrAvGcRw6BjIQPd71jXCOtNPWpKIg,0b2b20ad685152b5d8e2a7b21f98f638
OW69pCNzvuyn4IDrAvGcRw6BjIQPd71jXCOtNPWpKIg,1fa736b02b3451f77685a91d77b3301f
OW69pCNzvuyn4IDrAvGcRw6BjIQPd71jXCOtNPWpKIg,8184f7bad26602a2de3d018f93c700e6
OW69pCNzvuyn4IDrAvGcRw6BjIQPd71jXCOtNPWpKIg,3ff8974719257efac2589da579f07711
OkD_s5l3lVIhaNKIZPzRPwKaGobxBEXGVQ0qW86r5A0,ca15d118f47f70a78909e99cac1e5a50
OkD_s5l3lVIhaNKIZPzRPwKaGobxBEXGVQ0qW86r5A0,23dd55bd20057fbe73430cad070753c0
Oou9zXqnLOriTu0LP3ndMcnjJTQb2i5674RjAxO-t7I,0e6f4232537cc56832c2ba9030ed4a42
Op8r02niR4ewKbhCNlxQ0bbj9lntsw2SLCKTfXOjsc0,99948c0d78319bd76dbd14449be71b09
Op8r02niR4ewKbhCNlxQ0bbj9lntsw2SLCKTfXOjsc0,beab6bf747b123bace5c4cf3db4c31c2
OpsAHKwX0vH2qhmJul_yqJDkZ6aEfgL7JmQXapmG43k,0d95143c71cdba00ddfdfde3c5ed3736
OpsAHKwX0vH2qhmJul_yqJDkZ6aEfgL7JmQXapmG43k,4f8d8ad49f1ae049161567dbb7025a28
OuqGc3iTumHR0ki5YB_FgsSlcIE4r70wUppri1uf9HI,485e3ac2fe64565444ef568321e2a923
P04VOrUsLTX6SIW5Iogjg7m40YuLGUqVBqRSEFya9GI,c704dbe3ff547a6908191715334075a8
P2napCkrkVITcwLhUfdanIOl4ysctsqjd_4DRNa4dus,34aaa6b8b1fbc106b05035588e1951c8
P2napCkrkVITcwLhUfdanIOl4ysctsqjd_4DRNa4dus,95428dcb46d158529ed1bf7fe9aec690
P7Fj7Yam-B8N2UIU2PCCVq3wZNCVx43pbvCaLr6Jahk,b64263fe5a67c7792dc085e120776c54
P8HjcpmrkvjCE8bRSLOeAp0dccbVIhGqff_ua4RKIac,464d22e46ceca682c8c7a8a400b8da16
P8HjcpmrkvjCE8bRSLOeAp0dccbVIhGqff_ua4RKIac,d9b6008e6597ef52d106bd5aaf7d6ece
P8HjcpmrkvjCE8bRSLOeAp0dccbVIhGqff_ua4RKIac,879c92a87c57cb37200359dc29c66a1f
P8HjcpmrkvjCE8bRSLOeAp0dccbVIhGqff_ua4RKIac,f74bf581ef9576d2bc4e3477ceb2ae76
P9xEH1gTLHYiXIPkKlGqZ63y1rExLqOPPSkimNdQsYc,847deedfd6ce581d3a12e41f50a6067d
P9xEH1gTLHYiXIPkKlGqZ63y1rExLqOPPSkimNdQsYc,26c31bfebccb9c4632cdae3697a7420c
P9xEH1gTLHYiXIPkKlGqZ63y1rExLqOPPSkimNdQsYc,32d75819d7a3f48c1d0396ce4aaba840
P9xEH1gTLHYiXIPkKlGqZ63y1rExLqOPPSkimNdQsYc,836e88cb4dd20f9b30893b98498a617b
P9xEH1gTLHYiXIPkKlGqZ63y1rExLqOPPSkimNdQsYc,c03132008aa0668cd279e2f4cac3f6b5
P9xEH1gTLHYiXIPkKlGqZ63y1rExLqOPPSkimNdQsYc,c0c2485ed703df6dd7795f87b3974880
P9xEH1gTLHYiXIPkKlGqZ63y1rExLqOPPSkimNdQsYc,bbd31a96093ee70531b66ecfd2c40422
P9xEH1gTLHYiXIPkKlGqZ63y1rExLqOPPSkimNdQsYc,39102ec938a0cef8fe9134bb9cbb3e1a
P9xEH1gTLHYiXIPkKlGqZ63y1rExLqOPPSkimNdQsYc,e312313d6148953349569e8fb03e7b98
P9xEH1gTLHYiXIPkKlGqZ63y1rExLqOPPSkimNdQsYc,c20a580c6d669da6085ef7877c12b930
PEHN1aqxst83Z9A4dsV9vlx4izfDR4pcnR-j3mGZQFY,d3da0dafeb51779c57478181be163319
PEHN1aqxst83Z9A4dsV9vlx4izfDR4pcnR-j3mGZQFY,39fcefac258e7c71909dd96d8865f094
PEHN1aqxst83Z9A4dsV9vlx4izfDR4pcnR-j3mGZQFY,bf4130db31738f645744d9f099590dee
PEHN1aqxst83Z9A4dsV9vlx4izfDR4pcnR-j3mGZQFY,43ae44f32ecd0b3aba20998bcb108747
PEHN1aqxst83Z9A4dsV9vlx4izfDR4pcnR-j3mGZQFY,0711d230975b698d3a752e8e47ff81d4
PEHN1aqxst83Z9A4dsV9vlx4izfDR4pcnR-j3mGZQFY,f7c570fa0768b93be9c262697bf3448f
PEHN1aqxst83Z9A4dsV9vlx4izfDR4pcnR-j3mGZQFY,bc2fc26449ab31511c4af35295ec17fa
PEHN1aqxst83Z9A4dsV9vlx4izfDR4pcnR-j3mGZQFY,d317adc944ee941d49c7b4e32fe157ac
PSWXWb1JMr1NXcxjGIGDSeYOT6YZLvclRRYBZT5AkzI,13f08bbe48068b7499abf85e8b08b6b1
PSWXWb1JMr1NXcxjGIGDSeYOT6YZLvclRRYBZT5AkzI,f70fd7c4be6c1aa4b3461787cf768863
PSWXWb1JMr1NXcxjGIGDSeYOT6YZLvclRRYBZT5AkzI,b1549675f8929eb55ea16ba1b58e0bf0
PSWXWb1JMr1NXcxjGIGDSeYOT6YZLvclRRYBZT5AkzI,75b089f790d7356f307aa168d77a1929
PvvWNiET5hz701BDbx_LMXCRHnH7W94qby9EuCVLxs8,6d54a3e43f596123366f37df2a9db9bb
PvvWNiET5hz701BDbx_LMXCRHnH7W94qby9EuCVLxs8,48efbb058f75081d9f26a7210bfe4676
PvvWNiET5hz701BDbx_LMXCRHnH7W94qby9EuCVLxs8,56283d39e5644c86c1fde5667a1e60cc
PzOCTMEqFNW_m0El8kk94x5NoGcA-L_d65TiAJe5p68,ca58927d3e2727753710e365b748b794
PzOCTMEqFNW_m0El8kk94x5NoGcA-L_d65TiAJe5p68,ed50a72a7320a0e9524b247de6b65543
PzOCTMEqFNW_m0El8kk94x5NoGcA-L_d65TiAJe5p68,3c2c35c3f7b2e953172132f56aec36cf
PzOCTMEqFNW_m0El8kk94x5NoGcA-L_d65TiAJe5p68,98708a77690328dd6ddd7a17b6aed0bf
PzOCTMEqFNW_m0El8kk94x5NoGcA-L_d65TiAJe5p68,8dc22e2f805631551042e8b60ef0c7ae
PzOCTMEqFNW_m0El8kk94x5NoGcA-L_d65TiAJe5p68,bf5e05b52f0da76816c57937a5c500bf
PzOCTMEqFNW_m0El8kk94x5NoGcA-L_d65TiAJe5p68,2e2a0d722325fe89b4f4d2f2a63740ee
PzOCTMEqFNW_m0El8kk94x5NoGcA-L_d65TiAJe5p68,3c4dafa98f3949938c4851db6bd00186
PzOCTMEqFNW_m0El8kk94x5NoGcA-L_d65TiAJe5p68,6f59e4fd6f915643a3ce240fcfe33c43
Q-y1oIbsoe4Rqzy9N4iKyG8Asqb6CI_dA39f6Xayv6s,b75ec48533926aa00498c66920de1fe0
Q7mU0hXmoLdyNJep0JFlulz3lLODrEnGPuKc8TMdcx0,bf7a883e024eb88593ecd20c60c841d0
Q8EWvJHo7ZjvwLJNpaJxCxZAky0rrnvcmYsTvGSOPFg,204bdfba14b9ad25fe9d67f7f1632711
Q8EWvJHo7ZjvwLJNpaJxCxZAky0rrnvcmYsTvGSOPFg,736aef5bb158f4419eafccde2706ba07
QCS_XzowNPVZ6LaRgVS6VUwPbRWnZ8G6G8Jy4ABnbFs,e019142955b6d38e677eeebf96177686
QCS_XzowNPVZ6LaRgVS6VUwPbRWnZ8G6G8Jy4ABnbFs,16486e838903e3ad7404e0e0b80980b0
QLWl4hAxVhedj3BGM7HyF5my3GJnKsXc51wfIX553Qs,16b634019f06011599514d9f516cadee
QLWl4hAxVhedj3BGM7HyF5my3GJnKsXc51wfIX553Qs,21cacab2e8b0291a0bbc897c934dc89f
QLWl4hAxVhedj3BGM7HyF5my3GJnKsXc51wfIX553Qs,d01bcd3f95ea4e26cdc036c9b8f31a2e
QLWl4hAxVhedj3BGM7HyF5my3GJnKsXc51wfIX553Qs,9c26852a58840090c8afb64d3f9fa536
QLWl4hAxVhedj3BGM7HyF5my3GJnKsXc51wfIX553Qs,a74c4b86690c66c13e44c1814b7dbf2e
QLWl4hAxVhedj3BGM7HyF5my3GJnKsXc51wfIX553Qs,2edaf78c1385ba94112d2c18b6c6b842
QLWl4hAxVhedj3BGM7HyF5my3GJnKsXc51wfIX553Qs,2077d1055569803c776972f3aa882bee
QLWl4hAxVhedj3BGM7HyF5my3GJnKsXc51wfIX553Qs,840bd2b5fc44439c134f428641431fe8
QLWl4hAxVhedj3BGM7HyF5my3GJnKsXc51wfIX553Qs,8860d97b3afce443d96d7bb99984d0dd
QN6awL28K1oOGTfvrs6JaebgAll0DiBRUmVZiVuZx2k,f900fa7d75a9c831e32c807ce20f576c
QN6awL28K1oOGTfvrs6JaebgAll0DiBRUmVZiVuZx2k,f4e38eef3edd1c32c904234c513f1c7a
QVqq2Hw45tSfwmA9HO7AxeBnonmAaUIEM7yz8UnYktc,44178b357c9c03f0628e31d41056cf3b
QVqq2Hw45tSfwmA9HO7AxeBnonmAaUIEM7yz8UnYktc,769310bfa9362f223b608914a1173fc6
QVqq2Hw45tSfwmA9HO7AxeBnonmAaUIEM7yz8UnYktc,fd6a98f03a1f9afde784e8a93fa2dc3a
QVqq2Hw45tSfwmA9HO7AxeBnonmAaUIEM7yz8UnYktc,8192bc7a50882fda7a87e19d75e503ac
Qdp6TYwkdxbX5uoZpl2PtFjq4Vq5PnUV4j5xrz-ZQ6Y,37140eae3b9ac0402d0a89c08cbd64f6
Qdp6TYwkdxbX5uoZpl2PtFjq4Vq5PnUV4j5xrz-ZQ6Y,7c14378a338577abdb321062ef333add
Qdp6TYwkdxbX5uoZpl2PtFjq4Vq5PnUV4j5xrz-ZQ6Y,c1d4ee421d657cb49359a302aa7f1c6f
QeM2XorlxNq4QlazMs-7rhh0gSmxLTaOiQHR6S0dxxA,dafa4017600a626dfc24bac9e7117da5
QeM2XorlxNq4QlazMs-7rhh0gSmxLTaOiQHR6S0dxxA,774a8f9347101da51f6e64ece826aa33
QeM2XorlxNq4QlazMs-7rhh0gSmxLTaOiQHR6S0dxxA,76537fd1b7e0b3bde99696ec7847467b
QeM2XorlxNq4QlazMs-7rhh0gSmxLTaOiQHR6S0dxxA,444b8a164bb5154b2ab76847dd55475e
QeM2XorlxNq4QlazMs-7rhh0gSmxLTaOiQHR6S0dxxA,0269b7a56a4d4a94db90455f34b61c8b
QfKpuP6dZQy-hOYNYE5Unp5XJ0g0H2AU6yLy8KASKNg,a58f6bb43a09a1f6fc724ebc9099b474
QjI7V3xOO1AI6u5KD4WeyvLAaS_pr4ZsGG6xDhzHRpY,c549b4e8dec0924d3f0b6b5fdc5b2465
QjI7V3xOO1AI6u5KD4WeyvLAaS_pr4ZsGG6xDhzHRpY,a303d4f4ef69e653bf4486a79c550654
QjnGzy-1LuyPq1STjAITAM5lIyPavydwCFsdj0JzYRA,a739290b4929d99ea1c05de8762a6ab7
QjnGzy-1LuyPq1STjAITAM5lIyPavydwCFsdj0JzYRA,be2c3352f57c19c0113faf1d398d4340
Qq9NaLjx3iFSgN4IO9FFHNQhM-HniE8cy7GXNWpJVtk,41b30387f15342861179799639b3f60f
QsfW9r37rNEuvlI7R89pMY3WbI0itD-PML1D28QCAEg,95df543d6a100d2f20380587ca535ca4
R1D_E6s-GP4mOhzN9yvgHcF-8vXl9GVKmbq1XL_g5_o,0d1494b76d8a7833cd3a404a23a5f35e
R2dKfCDJQHFZH_8b0YP1p0k_uYowFNx37BmijYalB7M,e3bb5de8bf42c7598ff4947a40ff45d5
R2oQsZsj0aVNB5JF8rS1AwZranVfJ3b5YWVVZ1etG7A,c0416efe55bdf151cc091887ce4e8cfd
R2oQsZsj0aVNB5JF8rS1AwZranVfJ3b5YWVVZ1etG7A,2b3e5422b0df35ebdef118171ef8ec67
RQq_cqoXxjRz_clDrc-_WzDZjYVR7-wSKqcbn4WSwSE,cf29a0d9c3b6bf0c89c144467ea35834
RZGVhoCaP47IHpVlPgcaB8_FpevNIj4qwzBE3mqIJ-s,7613a9a708de44dd6c99685a3d2164dc
RZGVhoCaP47IHpVlPgcaB8_FpevNIj4qwzBE3mqIJ-s,b8bda15a9b162359bd5661955978ba65
RZGVhoCaP47IHpVlPgcaB8_FpevNIj4qwzBE3mqIJ-s,4f71e16b9ab95015b1a8a630f49ebf7a
R_Xg4Nh-OYq6AJspZUtA0VXq04NHInTcUqlNXvVr1iE,87d0788723c8d81cd8347b81b0741b9b
ReXksxD2slcyWPByLyLntNmLGJITrJkkgxHefm7FCSw,7341becaabdb1d373afddb196a31bf53
RtKCT7Vv4B2-hjY1uFTiLCA4OBe30BT7_rgFeDPrxq4,ae8243a149287a00e59da6b261560981
RtKCT7Vv4B2-hjY1uFTiLCA4OBe30BT7_rgFeDPrxq4,8477cda98e31da67f542ff6b6babe9e2
RtKCT7Vv4B2-hjY1uFTiLCA4OBe30BT7_rgFeDPrxq4,77ac76d38a33e9a6b658ff8608aea9cd
S0K6y-KfAfl0vF2ldf5Uu5ISSEF_Z3Kznu1p6VUX9sY,9fc25f56f33eee3345992295485a3266
S0K6y-KfAfl0vF2ldf5Uu5ISSEF_Z3Kznu1p6VUX9sY,f4b28e0e3aa3447c28d3ca0f2581c2c5
S0K6y-KfAfl0vF2ldf5Uu5ISSEF_Z3Kznu1p6VUX9sY,7fcc16ee15d9d98b23385e79670019eb
S0K6y-KfAfl0vF2ldf5Uu5ISSEF_Z3Kznu1p6VUX9sY,4ef45e2f364093a985444f9fc88dc620
S0K6y-KfAfl0vF2ldf5Uu5ISSEF_Z3Kznu1p6VUX9sY,e41531e140232fc5481eb8583e376909
S0K6y-KfAfl0vF2ldf5Uu5ISSEF_Z3Kznu1p6VUX9sY,327003cd5b11ae4284fcf025aded0a6f
S0K6y-KfAfl0vF2ldf5Uu5ISSEF_Z3Kznu1p6VUX9sY,2c50762b1dc513748c6c7b7dabeecd6f
S0K6y-KfAfl0vF2ldf5Uu5ISSEF_Z3Kznu1p6VUX9sY,c867891deba20a581ca235f81f426028
S15tQ15Us0X6SmjBk8n1rSFhgtMbZ3kSb8R-ABuo0ww,138765e52f204158f8c00719b43a738d
S15tQ15Us0X6SmjBk8n1rSFhgtMbZ3kSb8R-ABuo0ww,bcfb693d55282be7a203c8a7f2ebfdfa
S2mmeg781MZQc-lUFAQ7ShYJ6xh3LhzmNqNSN5xCu34,0dd129cd654b1e9d8cdc16045cbdcb43
S2mmeg781MZQc-lUFAQ7ShYJ6xh3LhzmNqNSN5xCu34,11c611831bafc5534044c84eb7567cf8
S2mmeg781MZQc-lUFAQ7ShYJ6xh3LhzmNqNSN5xCu34,5a20a3f2320196999a580925dacedb7b
S45BGG7fwwStlMSiUGTnZJTJYx3izNJXWKNQ5fsxIlg,b74da547b863d77baaaa05882fe4c8e3
S45BGG7fwwStlMSiUGTnZJTJYx3izNJXWKNQ5fsxIlg,0e09297ba3ccab7460a1f1fc54eeb711
S45BGG7fwwStlMSiUGTnZJTJYx3izNJXWKNQ5fsxIlg,b99aa455ebe594af145283779db49688
S45BGG7fwwStlMSiUGTnZJTJYx3izNJXWKNQ5fsxIlg,a7b4522500a438ef81e97b3c5bea654b
S45BGG7fwwStlMSiUGTnZJTJYx3izNJXWKNQ5fsxIlg,119791505c445c88a979218ccfaf4fa9
S45BGG7fwwStlMSiUGTnZJTJYx3izNJXWKNQ5fsxIlg,d6e042a1c0f7eb6d81e644430d85e445
S45BGG7fwwStlMSiUGTnZJTJYx3izNJXWKNQ5fsxIlg,5d66872a49885a14d851d9fa8115e1e4
S45BGG7fwwStlMSiUGTnZJTJYx3izNJXWKNQ5fsxIlg,9a66b0951f914c0585365dafb2b926de
S7yKMTRDnBadwqQLxj-YxnZ7tUY-sxd7zBKF-N-laAg,bfd9dbc97de8355dcf336b570bd2fe87
SDeiJFKVmRceC3qDqcpQTyDnNDOrSB2SriupQya166k,d3d00e3be61f35ae3f2bb81e012507e5
SDeiJFKVmRceC3qDqcpQTyDnNDOrSB2SriupQya166k,e31a6b86ad37a7192937c68dc6593e00
SGYSr86YAIQ-rG6imvNMUUDbP-rLA3m8pglajFBEf7o,ac1bed2cbe1cb297d994f676ae7278eb
SGYSr86YAIQ-rG6imvNMUUDbP-rLA3m8pglajFBEf7o,b815a5fe36e7c854986fc776a29c93f1
SPNzQXP6J5sNtZRUepCJSwqxWzJrf-oJlQYaASJQeRQ,2a25fb5ec1adee38a501578b46325c9e
SPNzQXP6J5sNtZRUepCJSwqxWzJrf-oJlQYaASJQeRQ,c4e742d180fc7ebab7a0fc002a4707fe
SeU7Oa1_lbmjnPf7Ia-FHrIGFRH9rMXzK6XlsB8wg6I,39bf242371a44b98dc74e5e938bb68c2
SqTmoUOeRjG1RbZSxonfRdS_8B1Voibyz8Xfwl2JoUk,e10c2d7a339a97c58425a9cd89325e03
SqTmoUOeRjG1RbZSxonfRdS_8B1Voibyz8Xfwl2JoUk,c6c12db8819c3e682e94392a40df152c
SwdoheNdtbyXKHsPtVSV6G-OOC3MuPRGDwlN6zqYhLQ,6139ae71ff2043901ae763df66a4556e
TCrzWF7EcyvrBbCU3rIqA3vv-wkBBnFpBR-BXZGOqss,8dfb31e440a6bd2a5db31d2c9a75b188
TCrzWF7EcyvrBbCU3rIqA3vv-wkBBnFpBR-BXZGOqss,fe33781731cb82de37fa5326b07cae17
TH0MiV9KcajD00Dm4oCUNaMx14p36PTQyxhJcUUN3Cg,d0f44a2c41ecbdb7c4bc2b3e31457b79
TH0MiV9KcajD00Dm4oCUNaMx14p36PTQyxhJcUUN3Cg,56acc65998847f5460fa822c858a5061
TH0MiV9KcajD00Dm4oCUNaMx14p36PTQyxhJcUUN3Cg,4d7fb694d2ed6e38495a7ebed04a8f2f
THEwqU40js1n9THdzHKyVX6jgnrohfzOOWqALF-UYFA,6b8e67a93f28e163a47b63ad373537cb
THEwqU40js1n9THdzHKyVX6jgnrohfzOOWqALF-UYFA,ead2b2774a1f11371735cd138db5beed
TJjX3J-3iPEpXzXvRTGzscpZesSkq8B20bxBlVHSY-0,ea613cc5b287d31f382b91736643186a
TKll-RyU4HX19igR4WPoDasfvSupSAHzE55GmliHne0,5bc298197fc8640114161b374292be13
TLI5z5j7y9XIr6a-acw6-gcpuKN6bHj9IOq0Z4CdvN0,39e53280407bbb0f2d4ed5c55c539ea7
TLI5z5j7y9XIr6a-acw6-gcpuKN6bHj9IOq0Z4CdvN0,710d138752c3e2deebeac40b7609b5f5
TPVBpaYELi7ENqmqo8NHztlKE0bYPQNK8mflHJTIv_8,7b63bbf5e11de9912ad1fcec517afd43
Tcsl1T7nm2w9g_-EcckeB3erb9nyXx-zel-M7_f-6Gg,14073dc5383a4333870cea14995db9ad
TgS_yYcLOuY7Of8dI9_BSUucaGg0t0RTQETeUmtMiio,38fa4a6ebbd8cd6080bc66f46ef98c2e
TgS_yYcLOuY7Of8dI9_BSUucaGg0t0RTQETeUmtMiio,f55562c431a899125680267360b25a7b
TgS_yYcLOuY7Of8dI9_BSUucaGg0t0RTQETeUmtMiio,2c4ef56bfdc1b164debe7c475531e9ed
TgS_yYcLOuY7Of8dI9_BSUucaGg0t0RTQETeUmtMiio,8d6357d0856a2129a9c18a6bf1c31032
TgS_yYcLOuY7Of8dI9_BSUucaGg0t0RTQETeUmtMiio,d6f03e4a20486a993804afbd88a2553e
TgS_yYcLOuY7Of8dI9_BSUucaGg0t0RTQETeUmtMiio,9dbd838323010ce6002775749d1ea663
TgS_yYcLOuY7Of8dI9_BSUucaGg0t0RTQETeUmtMiio,48355fc9ad3f01aa6fa898fb4951290d
Tl1DIq7LCXOu6GG9TyJKbI3an7F3dSdeVdjao5faPfw,fc9857ad616bb0b7e2c6d9adcd1910ce
Tl1DIq7LCXOu6GG9TyJKbI3an7F3dSdeVdjao5faPfw,095feb5e348946e7059b54d9bbd50fe5
Tmr6CYfbPz6eFTe9n_GhgP1TyZ9sCQryAXkgPFrO1J8,92b0dd9f5ed19f846d757b7b97ebead3
Tmr6CYfbPz6eFTe9n_GhgP1TyZ9sCQryAXkgPFrO1J8,8ae25daf71c29c69619befe767ff94a0
TszWqWftIyEOXwJ4495NROUPn2ui88j8RdJrMy5eFKk,13f64e4cf3922794c723a053c11f2a2c
TszWqWftIyEOXwJ4495NROUPn2ui88j8RdJrMy5eFKk,7f8f2614fb66eb84236dc2633ac5edea
TvPLietnYNztbsCXuzZoZQlAFfGmiZkfW_EM4Qzd8Hc,c39b6081186f7b3cfe0fbdb13e7496bc
U1ohsWBuEi2UBf804eKk5bN06_uDIRHjXA3rLbWQYHA,ea9debe8beab8b630b995ed885f4cbd0
U1ohsWBuEi2UBf804eKk5bN06_uDIRHjXA3rLbWQYHA,3055000004807fa4d84ab39f82ba7844
U9zvsIGhLB99ZZ54-NosYTTsxb9HOdvgcAIR9Hd0Pxg,681e58c0bcc04836bc7b1b988cb70737
UAE7Hyh70ooJw9sM-KQdlQNz7alojnEAxsOlpFU-UcU,4a136b11f94316713b370f61875bb1c5
UAE7Hyh70ooJw9sM-KQdlQNz7alojnEAxsOlpFU-UcU,736e5274200522ea5e3d89cee456ec0c
UJSmriR4qVLH4cT84OmuMXkZSr5FVGZv7D6GCFqHuvw,b7991906d4c9f34a719d552624fe642b
UQ2GM1XaDd8CXhISjirrgITujA48e9-JNBkpT5crPkM,c6314846b6073fe2e768bed1e123e3b1
UQ2GM1XaDd8CXhISjirrgITujA48e9-JNBkpT5crPkM,decac11dc49cd00908e326a641d8643c
USmhBn8O9THhhyAypEL9u68iMWV7Qmy7TR-1EV_jZZQ,8ec5dea2e4ac73b13cb909374f32a31c
USmhBn8O9THhhyAypEL9u68iMWV7Qmy7TR-1EV_jZZQ,0317be5e1d9beb8f272d4c3d83a8e516
UWASPgFJuSCTGcnhDbYA1z5msuGUFK9E6KGdBVxT4yw,deb4504ea37af90f7c8ef53ea8ecc51b
UZdY-KuWhdK1t0H-PbopQu2nhsyPOPXHt70KLbsf5P4,0c1b986bbab782da04fcc983a68e95a2
UZdY-KuWhdK1t0H-PbopQu2nhsyPOPXHt70KLbsf5P4,8678b65ce2f20ab295250ee0335fa301
UbhnstuOupSLqT1wAnBu3Ffc5cqLOsYBH9aZPeibkUw,779f7ddb337129c725752b914d1a402b
UbhnstuOupSLqT1wAnBu3Ffc5cqLOsYBH9aZPeibkUw,b4e32140f6311735d3dd852848e1ba4b
UbhnstuOupSLqT1wAnBu3Ffc5cqLOsYBH9aZPeibkUw,e48e1d11e6c7833af60a932c3c63f96a
UbhnstuOupSLqT1wAnBu3Ffc5cqLOsYBH9aZPeibkUw,52eaf129529e70f8eaa8279f89276d5a
UbhnstuOupSLqT1wAnBu3Ffc5cqLOsYBH9aZPeibkUw,b91ed5381bc9d7622febc8733e04e692
UbhnstuOupSLqT1wAnBu3Ffc5cqLOsYBH9aZPeibkUw,5b44e4a81585ce176c35a254934d5160
UbhnstuOupSLqT1wAnBu3Ffc5cqLOsYBH9aZPeibkUw,15759d28744594fbfe2ee4458d4b84e5
UbhnstuOupSLqT1wAnBu3Ffc5cqLOsYBH9aZPeibkUw,2ec1ea2b6f045cea85606b629d3b0837
UbhnstuOupSLqT1wAnBu3Ffc5cqLOsYBH9aZPeibkUw,a0584c86bf4e3b3b674e2491cf1bbe44
UbhnstuOupSLqT1wAnBu3Ffc5cqLOsYBH9aZPeibkUw,52f46c40a7247e3430fd30544b7391fa
UbixyJ3QdnK9uOm6YjoaGHrNwsTpwNaeuWEuEOs9nsc,92d1cf4eee5b3c9daf182742cfc3d874
UmHgIHN4PrnkAQWznf9jPexwHD8dDbfWe28wIuSDECM,a4fd30830b1920039301596afcaaf52e
UpKByUk0R-xH0de_VHTP1DIbIf7IHrNBIUPzD6YQth0,d613cec87445aeb0e402e3ae1989cbbe
UpKByUk0R-xH0de_VHTP1DIbIf7IHrNBIUPzD6YQth0,20e34073b30058c336a2ab6adbd0b849
UyHRmAs0a9DkqUIdvMM6H2DZZt8poOp0yppXVqiqei8,032de8cbe627f498f5eef00d2cb38a06
V0JG36keRQG-3TKu70Ld1BreyXf7fSPxXTO7VfH1cC0,26f4c4e08f40439d89c9909320e3d3a3
V0JG36keRQG-3TKu70Ld1BreyXf7fSPxXTO7VfH1cC0,3730c065599a38797b45b10fc8a080e6
V0JG36keRQG-3TKu70Ld1BreyXf7fSPxXTO7VfH1cC0,6856520635da742e0ba83edf03290a87
V0JG36keRQG-3TKu70Ld1BreyXf7fSPxXTO7VfH1cC0,41ec8cce2ae72b0d7343773536b634b8
V0JG36keRQG-3TKu70Ld1BreyXf7fSPxXTO7VfH1cC0,d7a446b0a24e761447c9592432fe64f5
V0JG36keRQG-3TKu70Ld1BreyXf7fSPxXTO7VfH1cC0,5578f6e58067de246f510af96a203f29
V0JG36keRQG-3TKu70Ld1BreyXf7fSPxXTO7VfH1cC0,d0b6105c2ca6dfa3360ebd3f91932484
VBCbaA2ifumchk5h2MAWC8fZCUk7bvaoHAKmJKFkRMY,b39961ba6d8bdb3f7ff6adeca129e201
VBCbaA2ifumchk5h2MAWC8fZCUk7bvaoHAKmJKFkRMY,7c883485ebf0f8e56537848d7bdc7d89
VBCbaA2ifumchk5h2MAWC8fZCUk7bvaoHAKmJKFkRMY,f743f20245d8ba5ba16dfda20cdf8748
VBCbaA2ifumchk5h2MAWC8fZCUk7bvaoHAKmJKFkRMY,062eae309555bef2b5ed2086d01aac70
VBCbaA2ifumchk5h2MAWC8fZCUk7bvaoHAKmJKFkRMY,90b1df07f73de07b05f37d5fc5a9288b
VBCbaA2ifumchk5h2MAWC8fZCUk7bvaoHAKmJKFkRMY,f9de672732d7f8330d820baddbbcaa55
VBCbaA2ifumchk5h2MAWC8fZCUk7bvaoHAKmJKFkRMY,e5c5b3116f12e6187807b936e3639942
VBCbaA2ifumchk5h2MAWC8fZCUk7bvaoHAKmJKFkRMY,74339c37aed4302616ac87d74d488cd8
VBCbaA2ifumchk5h2MAWC8fZCUk7bvaoHAKmJKFkRMY,cfd3594513942992cc4337a48cf2d17d
VBCbaA2ifumchk5h2MAWC8fZCUk7bvaoHAKmJKFkRMY,d144f2cfcc0748cf51a5166840df6c4e
VBCbaA2ifumchk5h2MAWC8fZCUk7bvaoHAKmJKFkRMY,56eebb5e182dda1e0fcf99344b512144
VBCbaA2ifumchk5h2MAWC8fZCUk7bvaoHAKmJKFkRMY,e2311b46180cc876515b4e108174c0d6
VF9pumeaSDFTvECpCCUuDxIBHBxSJo4RBKSD_rdK3xI,c162d5d066f6f10c684fd74e65842512
VN8XgNOE24ghLuTPTSjPZfsE2oAJaUvwNmHUCehe7EY,ce5b08bd2551894bfc12b00285e357be
VQDsKkfK8ABIqEsMta11j61WsZK6VYMZBo1Kv7NmoJI,89004401611ab872b471b0ed6b953029
VQDsKkfK8ABIqEsMta11j61WsZK6VYMZBo1Kv7NmoJI,f054a490333496a0a8fc0a682fc3d090
VQDsKkfK8ABIqEsMta11j61WsZK6VYMZBo1Kv7NmoJI,75160b40b8164d64af1569d421027de1
VXOk0Gz0hSa_xh-GNz2o_qnPXriyWKoOKiCJEktL79A,ff341d1a1a5497c9ab6dd78da94a857b
VXOk0Gz0hSa_xh-GNz2o_qnPXriyWKoOKiCJEktL79A,750866c7383b34bcafff1477301f75c4
VXOk0Gz0hSa_xh-GNz2o_qnPXriyWKoOKiCJEktL79A,086ea485e526496aa81d0de48b93dea7
VXOk0Gz0hSa_xh-GNz2o_qnPXriyWKoOKiCJEktL79A,12d25e5ba7f713b7fda10826ab6ee71b
VXOk0Gz0hSa_xh-GNz2o_qnPXriyWKoOKiCJEktL79A,2243aa4d939683d9605df6478df71486
VXOk0Gz0hSa_xh-GNz2o_qnPXriyWKoOKiCJEktL79A,454f9da481479853c6bbccf187eb5f26
VXOk0Gz0hSa_xh-GNz2o_qnPXriyWKoOKiCJEktL79A,7830ac53cdbd40eb45e758aa49446a76
VXOk0Gz0hSa_xh-GNz2o_qnPXriyWKoOKiCJEktL79A,2798bd662208525c40e7e479225b32e5
VXOk0Gz0hSa_xh-GNz2o_qnPXriyWKoOKiCJEktL79A,dc1ac87d462489aaa643f26cd33be34f
VXOk0Gz0hSa_xh-GNz2o_qnPXriyWKoOKiCJEktL79A,bf44ff4873fddeb457054e8148dd6d53
VZOdwErQEssn2GRi01V-Co76MIZb7JUCjyshSGFvTyI,e88201f42c64bfcdf3d8bd463e86717c
VbArPJgfiazy--dHRifBZpNMtFsJ4sL_Yb5YGRMn70E,2014ee476f4641bc362d4edf34875462
VcmahEYVpQrUE-nues0J-16TIGPVG1bCIpDG8YOLRSI,a7c28cf0caeca796e1e3c1f0c8c315cf
VdIFFZDkEosz7ovVl1I36Bl1-5UQ86n3MrTNOn7bbYE,fc59cb12657606978eb8ec82ef79b13a
VdIFFZDkEosz7ovVl1I36Bl1-5UQ86n3MrTNOn7bbYE,54f21a5ff0ee0c3d7788b41b1500ccb3
VdlO5OvevKp6LkWjHyDKuTOZ2LTdcB0a8yigC5evDjA,984a0cfb06fcb139bdbfc80ac2216421
Ve_FT5dVazanjRifMYJoMRRL3LBDF0Wjg_X6YyNcXzM,85d1783beedc11198b1053dea3b25bb1
Ve_FT5dVazanjRifMYJoMRRL3LBDF0Wjg_X6YyNcXzM,c408b7dc0be8e02373343599e2a17cc4
Vf7Yx7KhVWQ4JpCSpF5g5eBpDiVa3guZqMhUyzJfvnA,45108038273e7fb409461e9a52b2d21a
Vlfc4F6gFYKkpCJux4gxVJzSrlubik60_HDkzkwcIqI,42dccf2aef7231f79d7049f292a1b3aa
Vlfc4F6gFYKkpCJux4gxVJzSrlubik60_HDkzkwcIqI,6e95c66e63302f9e0f44525236d01891
Vlfc4F6gFYKkpCJux4gxVJzSrlubik60_HDkzkwcIqI,b70c02505b406c0d27370077c51e1174
Vlfc4F6gFYKkpCJux4gxVJzSrlubik60_HDkzkwcIqI,383b6cdc52a7d995689867480fc39a6f
Vlfc4F6gFYKkpCJux4gxVJzSrlubik60_HDkzkwcIqI,33e4029f483f8d373fdee0dce1eef0aa
Vlfc4F6gFYKkpCJux4gxVJzSrlubik60_HDkzkwcIqI,0acda68ed877759619d7d72fbb5b4155
Vlfc4F6gFYKkpCJux4gxVJzSrlubik60_HDkzkwcIqI,ba5e12a57f589e566c079517b6c8e7ef
Vlfc4F6gFYKkpCJux4gxVJzSrlubik60_HDkzkwcIqI,31316bdc17f544ecce08aa5949c9a4db
Vlfc4F6gFYKkpCJux4gxVJzSrlubik60_HDkzkwcIqI,22715dd83a78757a1258a49c34d49dba
Vlfc4F6gFYKkpCJux4gxVJzSrlubik60_HDkzkwcIqI,df501380ddeb07ecc61ca588a84c8234
Vlfc4F6gFYKkpCJux4gxVJzSrlubik60_HDkzkwcIqI,62335fac0e5a00e7bfcb178a5f60a7d5
Vlfc4F6gFYKkpCJux4gxVJzSrlubik60_HDkzkwcIqI,3f5085e59fc55d002e6b81bf2c1ad162
Vlfc4F6gFYKkpCJux4gxVJzSrlubik60_HDkzkwcIqI,1040875017bf5720d02d1e9fafaf4c22
Vlfc4F6gFYKkpCJux4gxVJzSrlubik60_HDkzkwcIqI,1c8acb038b1d4658518ca62452002d78
Vlfc4F6gFYKkpCJux4gxVJzSrlubik60_HDkzkwcIqI,b05e3cb224b9dadef310d1a9a1c82d96
Vlfc4F6gFYKkpCJux4gxVJzSrlubik60_HDkzkwcIqI,479f640acd1127cfe44a8c5d3fb2d096
Vs2eI7lYPCCR4N3jdBO4G9tBuKpH0ZXT3qpzOCmG9QA,dd26ad9e27c05efde44c8613dc5618ed
VsiJfD1bRvlb7thKBwmHA0K49XJdQo13c8XIvacYLX8,fc5f1be06f640de544dff9143b24ae3a
VsiJfD1bRvlb7thKBwmHA0K49XJdQo13c8XIvacYLX8,56e724f0bafb783f94dc7ddb7bf55c89
W-RQY1z606QE2NMPkSyI5ONAW-hoIDGqmNBQI-XYinY,9deb99590c6097bf87f613914799a245
W-RQY1z606QE2NMPkSyI5ONAW-hoIDGqmNBQI-XYinY,4d8352b22dc5ce99f46a1bdc775741c0
W2KMv_S0_4Hsm2X-rx_6MSBFcpHEivib5C4E4eOnBzY,beb851028063807b9338a95d6d31f9bf
W2KMv_S0_4Hsm2X-rx_6MSBFcpHEivib5C4E4eOnBzY,acec17c6889766de171e47ad6603f03d
W2KMv_S0_4Hsm2X-rx_6MSBFcpHEivib5C4E4eOnBzY,4dde65d1c6e192674c02aa63c67cf836
W2KMv_S0_4Hsm2X-rx_6MSBFcpHEivib5C4E4eOnBzY,c1cd66e8874bf2d65aaf80a3db3596b4
W2KMv_S0_4Hsm2X-rx_6MSBFcpHEivib5C4E4eOnBzY,2f6b8d75fe3b786bc0e41a0d2c075f06
W2KMv_S0_4Hsm2X-rx_6MSBFcpHEivib5C4E4eOnBzY,17aa0a876ef687c57505118af0e65ab7
W2V7D9jBYEP2HOxd90RBHhoOYhg7U2aijsvn1YJuWKA,ecfb7bd44f1eb6af41c4b079fdff2c45
W3FOvAMFzRvX69f3yEiJx9I9ZfTBVn1258um2EFnZeQ,7057ad7e5761f85567c32643408e6595
W3FOvAMFzRvX69f3yEiJx9I9ZfTBVn1258um2EFnZeQ,a0cf047e131152c203c98dfb588d73be
W3FOvAMFzRvX69f3yEiJx9I9ZfTBVn1258um2EFnZeQ,ec8b1d93256f65a064d1ee58ae8cf038
W3FOvAMFzRvX69f3yEiJx9I9ZfTBVn1258um2EFnZeQ,eeb852a4a06a100f89586d5442b6b5ce
W3FOvAMFzRvX69f3yEiJx9I9ZfTBVn1258um2EFnZeQ,f00e9e4f2a6db002e04bacb2c5687215
W3FOvAMFzRvX69f3yEiJx9I9ZfTBVn1258um2EFnZeQ,38eeedbc77dd7715fd88f0b3faa54ca5
W3FOvAMFzRvX69f3yEiJx9I9ZfTBVn1258um2EFnZeQ,3699340c0388496b200764f14b68b7ca
W3FOvAMFzRvX69f3yEiJx9I9ZfTBVn1258um2EFnZeQ,d9a1defa67c4239ed169ef580b4eb10e
W3FOvAMFzRvX69f3yEiJx9I9ZfTBVn1258um2EFnZeQ,d977a3ddf123ba960119f6ec226732bb
W3FOvAMFzRvX69f3yEiJx9I9ZfTBVn1258um2EFnZeQ,344f8ae76cac77a010610c48dc7a25ca
W3FOvAMFzRvX69f3yEiJx9I9ZfTBVn1258um2EFnZeQ,fcac8f838c10b952e29244819b4011db
W3FOvAMFzRvX69f3yEiJx9I9ZfTBVn1258um2EFnZeQ,0cb41d46064db656b7b17c5430891b64
W81GbQDdBYQMT5l7mDPGD9UkM1szFi6brOnMm0QZT18,b7104b80702d9270e892fc114e85a10b
W81GbQDdBYQMT5l7mDPGD9UkM1szFi6brOnMm0QZT18,3ea93db2a2288a89f3c0ae0f8f090759
W81GbQDdBYQMT5l7mDPGD9UkM1szFi6brOnMm0QZT18,ca2266c4540a746e0f18b49f115e2846
W81GbQDdBYQMT5l7mDPGD9UkM1szFi6brOnMm0QZT18,4bf0300c4baf2a7d33d1562fe5c386eb
W81GbQDdBYQMT5l7mDPGD9UkM1szFi6brOnMm0QZT18,75bd8b6778fdd57ec420d9aaf65661a6
W81GbQDdBYQMT5l7mDPGD9UkM1szFi6brOnMm0QZT18,2c1f7275a3d047046a8e8949d073e715
W81GbQDdBYQMT5l7mDPGD9UkM1szFi6brOnMm0QZT18,aaee93d016f2d31904046ab94684f037
W81GbQDdBYQMT5l7mDPGD9UkM1szFi6brOnMm0QZT18,8fe4dee2eaf6e10fe56db9b3c38b40d1
W81GbQDdBYQMT5l7mDPGD9UkM1szFi6brOnMm0QZT18,da30f9ff9b11a504c00fc93a7672daae
W81GbQDdBYQMT5l7mDPGD9UkM1szFi6brOnMm0QZT18,0d2af7c22dad2ee4940c259ffd4a63e2
W81GbQDdBYQMT5l7mDPGD9UkM1szFi6brOnMm0QZT18,7af3a432bc142cb6d9d81634eb7e3266
W81GbQDdBYQMT5l7mDPGD9UkM1szFi6brOnMm0QZT18,29de53d4563a758380645c5eefdcaf4e
W81GbQDdBYQMT5l7mDPGD9UkM1szFi6brOnMm0QZT18,9ec4fe6a9b399601ad2929106ac045cf
WI1vl-ZFYxHye2KnzTcSJtBF-i2LXmzx5-qrdr8NSsY,4ca8d9645492481e270c79f704c5ebd6
WI1vl-ZFYxHye2KnzTcSJtBF-i2LXmzx5-qrdr8NSsY,0ab973f5dfc92c30154714ae6db62c22
WQCNmdegEjLJopGh4wnLhlB59ODC54Nioo42UEKXxSY,28445d1aac214fa2d3cf17995c0efc7c
WQCNmdegEjLJopGh4wnLhlB59ODC54Nioo42UEKXxSY,1e2b85da5abeab1c9e547c3444774657
Wd8nygvDtDRTxX3Jom1rKIp_h31fMc-Yo7UueR_elsk,1f73d63f02d6b01b5d4cb97af70d702d
WfEyscr3BgX5veF7fb5Mj0lfu6YSDsZGL3GwPMuVyQw,79efac27906bc6599d50954649631c08
WfEyscr3BgX5veF7fb5Mj0lfu6YSDsZGL3GwPMuVyQw,e99895fc890b9a5c287a1a0177db8b19
WfEyscr3BgX5veF7fb5Mj0lfu6YSDsZGL3GwPMuVyQw,38ed00aef67262b25e0e65b9693cbd58
WfEyscr3BgX5veF7fb5Mj0lfu6YSDsZGL3GwPMuVyQw,430e074183330a81c878051d402e73e6
WfEyscr3BgX5veF7fb5Mj0lfu6YSDsZGL3GwPMuVyQw,c32734203d75a387521eb18067528aa8
WfEyscr3BgX5veF7fb5Mj0lfu6YSDsZGL3GwPMuVyQw,ea2772a5a4e2c532f850619a153ced9b
WiLlmi5NWoSW3MbBNMNt7ZmBu-wivficyavg2i4ryhM,0a8202989125aafc65a439143f02af25
WiLlmi5NWoSW3MbBNMNt7ZmBu-wivficyavg2i4ryhM,18a11080e82ee57762f6b7bcfc039b9b
WkY6iDAhg3Eh1yJR8r8iqXHcB97FwlqYVc2al5-oTBU,1c46c123e190d022bbb4b2dee515ca7d
WkY6iDAhg3Eh1yJR8r8iqXHcB97FwlqYVc2al5-oTBU,ce44119bcfb8250e0b412126b8c60029
WnKXOTsT_HOrsCimdLNQ0avrn593cJCE7N3fCWGn9H4,f0872a26407e1292dfad3b410c9940e0
WnKXOTsT_HOrsCimdLNQ0avrn593cJCE7N3fCWGn9H4,7e02be3c7c7f29df9b32778a7855fb39
WnZKFDS9gUiYrJqouYB06J9iuJMktVcAU08SLCFahuQ,fb6880656cff8f9574d6b96c88ef619c
WpGCuir1SZ-mwFiDAsTdaB-71ihtRn5pHJ3Xt9Iifi4,d796cc9ca2cfa1ec55cb25c803bfa593
WpGCuir1SZ-mwFiDAsTdaB-71ihtRn5pHJ3Xt9Iifi4,60487a7df714febd94dc6797c53d9a3a
WpGCuir1SZ-mwFiDAsTdaB-71ihtRn5pHJ3Xt9Iifi4,472285225ed2dfbd61abd1a41a744f1d
WpGCuir1SZ-mwFiDAsTdaB-71ihtRn5pHJ3Xt9Iifi4,e7c44b711314dc484f6c48264fbbf48c
WpGCuir1SZ-mwFiDAsTdaB-71ihtRn5pHJ3Xt9Iifi4,713ed7121a98229356b3884081c4b727
WsV_q-4hgeDa4aT-Gelcn-TsU3zBZ4KIpk_aHZAG8aI,97ce2fadc6df84b3152e17072e171a29
WsV_q-4hgeDa4aT-Gelcn-TsU3zBZ4KIpk_aHZAG8aI,6c0ed8ceb7310125732196abf616e33c
WvGQBBNpSe532EEM3AMJdoxUoTyST19JL_SBR2urNRk,ff9441a4ec01f78f4e30379519362708
Wx1Lwfo7sxMWqawYX02arJQ4mrLCJ0Tf-X_zSQ4LV3s,9fb938d8c3e20d96396268b9e3dbcea5
WxgF-VrsRPvUJAT1Zf4iKHupnntfcecT7lRCbzNWw3Q,6d08f0d0a8cd21b14ab9bb0fa27991f3
X-q9VE1Jm8Nt7O3_HYRJe_Xask4oljYK2_N6kA3TUKE,d330aad7ac3b75edc62318b00f39793c
X3IgwE33Fglksdvp53AKTMnTL1txWK09MjhB-g_tOA8,14ff8bc9a53353188d01753ecad04e2b
X3IgwE33Fglksdvp53AKTMnTL1txWK09MjhB-g_tOA8,35720fa95dfb5afdd2852a7e8627589e
X8KiU13fy-6-RBYbFhILEDl7ebVX3D4VGVVHBXmM9S4,355edb2e432dfe8b18bf797e9dcd3765
X8KiU13fy-6-RBYbFhILEDl7ebVX3D4VGVVHBXmM9S4,9cc82501a327b5da8a06dbb422ae89d8
X8KiU13fy-6-RBYbFhILEDl7ebVX3D4VGVVHBXmM9S4,bf80bf0c3c7dd5aeea7821c672438352
X8KiU13fy-6-RBYbFhILEDl7ebVX3D4VGVVHBXmM9S4,c2e22ca40609fd928f2bf68e195d96c9
X8KiU13fy-6-RBYbFhILEDl7ebVX3D4VGVVHBXmM9S4,725ae9e16ed69b5d2310afcf6d6b8e5d
X8KiU13fy-6-RBYbFhILEDl7ebVX3D4VGVVHBXmM9S4,5fbfa11af4393a3ca266a7095e565640
X8KiU13fy-6-RBYbFhILEDl7ebVX3D4VGVVHBXmM9S4,ff45fb0e946061a94b641bb48e6b6f7a
X8KiU13fy-6-RBYbFhILEDl7ebVX3D4VGVVHBXmM9S4,4b432c7222085b4517b47860686cf897
XAzH8SCVMskROSgnRfbBEfk7xKkGQAnoauOQ1QfPFYg,781a69fe3e842564f5be075f4e420cc6
XChq7P1lqOo--lFR5_wmw1iL9KE3a4-ARks2xlDKFD4,39b58057ed7d7bbea6ef5c515d7dde58
XI1sGfmvQgCa3yNalqQWwxatqzp90nppgjh9rTRyVE4,765c150500c5b3a32b9973ba06c3fe83
XI1sGfmvQgCa3yNalqQWwxatqzp90nppgjh9rTRyVE4,2a6884200b6da55fe397044eff83849a
XI1sGfmvQgCa3yNalqQWwxatqzp90nppgjh9rTRyVE4,2391b1ee32555ca42fb4da1603b57fb4
XI1sGfmvQgCa3yNalqQWwxatqzp90nppgjh9rTRyVE4,3e91ebb93527ec847260a449f5d415d8
XI1sGfmvQgCa3yNalqQWwxatqzp90nppgjh9rTRyVE4,f303b72df81110b6c499c712ab9060e6
XI1sGfmvQgCa3yNalqQWwxatqzp90nppgjh9rTRyVE4,9da5dd7ffa5f736213a89f6e30f7e0db
XI1sGfmvQgCa3yNalqQWwxatqzp90nppgjh9rTRyVE4,048a44c1711a32f449ff93d0c8a542f3
XI1sGfmvQgCa3yNalqQWwxatqzp90nppgjh9rTRyVE4,381cb9727f9421605f931e67ff96ae5c
XI1sGfmvQgCa3yNalqQWwxatqzp90nppgjh9rTRyVE4,f609a24c4db776e0dd6e3d74e67c8de4
XI1sGfmvQgCa3yNalqQWwxatqzp90nppgjh9rTRyVE4,49d29ed1e94c2c77001845cf1e69f413
XI1sGfmvQgCa3yNalqQWwxatqzp90nppgjh9rTRyVE4,5484768fd40bbfec139e8b126d0d5aff
XI1sGfmvQgCa3yNalqQWwxatqzp90nppgjh9rTRyVE4,d5640b9c9737ad24d0842b39d82a015a
XI1sGfmvQgCa3yNalqQWwxatqzp90nppgjh9rTRyVE4,a0715819a31116064a867f68efe0385f
XI1sGfmvQgCa3yNalqQWwxatqzp90nppgjh9rTRyVE4,4e68e343fcba61778bce65103f69af4a
XPaYQ7o49xQ7tBIAY1re6nIrNvsp5F3Oej5tc1kjLFM,e243de2413cf7f1c13f606c2ccaec16a
XQPQgHelREBwnQgFtuYTglK4y1O-uOrnV_XD7c4OfoQ,8b3a7dece505262fbf42523b0206e2d3
XgcPgqthLt1PRFuXfxp0O7nZeHNQffA4Ma-2ByOeckM,8a594928563f5494147f8dbe5f696e3e
XhdYYyUbTJ6rCqfosof2q-xfn99gTX2LjiYqYPTsc2Y,4533f60917d16583118c0f7edcb5217b
XhdYYyUbTJ6rCqfosof2q-xfn99gTX2LjiYqYPTsc2Y,10d01d0b087f3e18de4c7a7be85f4706
XhdYYyUbTJ6rCqfosof2q-xfn99gTX2LjiYqYPTsc2Y,6c939ba4222c0d7d5d500b0d22ae5c8e
XhdYYyUbTJ6rCqfosof2q-xfn99gTX2LjiYqYPTsc2Y,7018005f6c227c6214bbf04eb43b91e8
XhdYYyUbTJ6rCqfosof2q-xfn99gTX2LjiYqYPTsc2Y,6d8a15516efe7a419192d787586d277c
XuM3SKR54GXLjDZVb4yyD5GBVte57nBqWiDbcZS2798,1abf2130f33ed1bfc99a5b45e1b55657
XyC-42yzJtW5_oFycRwQAdJjJnXQZQdSdSqcwyv6NCA,331c031e9ecd2ec681d2d10fe8e8e256
XyC-42yzJtW5_oFycRwQAdJjJnXQZQdSdSqcwyv6NCA,5087d00c319a6d521f6f884b3726d378
XzIIbdAvug_HTiA25PW5MFyFyt7QzCVA5lNnmZN6BIU,efbeb693a4708335f501dd585e60bae3
YA0piHl32MSDrXwwYSzw0xZkgZhEQ-dT0fbo7jC59FU,5eae6d5de093f311f527d328a2ac2073
YCYZfuKdUfWrvD0Wa_bpzqRO2pV06RuSS-4SSZOavSY,18f5f885b46810447f71bc17ed5214a2
YCYZfuKdUfWrvD0Wa_bpzqRO2pV06RuSS-4SSZOavSY,ffa2813bcd9240836d06e425262bf867
YK5kKZSFwbHezYTwzNsNiQG56io_IhgEHbS2KAlDE6k,d4db83ab632c1d51228cdf3ad50f8f25
YK5kKZSFwbHezYTwzNsNiQG56io_IhgEHbS2KAlDE6k,603b6f3e38c52fcaf6e935a5bb9957a7
YK5kKZSFwbHezYTwzNsNiQG56io_IhgEHbS2KAlDE6k,a8f2d14df648beb45f812a6b7e612d24
YK5kKZSFwbHezYTwzNsNiQG56io_IhgEHbS2KAlDE6k,075a9c411feae3c3e7e66b62992974d5
YK5kKZSFwbHezYTwzNsNiQG56io_IhgEHbS2KAlDE6k,ad3f8bf043572b973db293854bd24b14
YNozXLwjPy9Sdb5-zMK9U5XVCoQWjPM-HJT-pJAVCjM,5c62ab27ca63c6594cf4f1b9b447dc1c
YQxrhrxpKSH8xTQqkGhjwmNJa1alqHlCTHJXHAJ5mS0,b3db253c95815612e13c58b4d0cefd58
YSj1PU4BApztzlYwlSH_C6pUGl1ZqLjjbvu8rUJpp-8,b876c4940f7d5f40cb22dc0eaa9eaae1
YSj1PU4BApztzlYwlSH_C6pUGl1ZqLjjbvu8rUJpp-8,28306ff5af5f7f4a36e09aea16a5ea1c
Y_xxkYPv18Sja73N2MQ0jDOxFRHMiZsTrIZ6t5xuiec,11e11477afc94c3b3b3523edc0199302
Y_xxkYPv18Sja73N2MQ0jDOxFRHMiZsTrIZ6t5xuiec,1091268d0180ff75f6a87e6a1bda794d
YdgaL6W4QcBWv68YQvn23Gf_BRFXHfgIhuabwIVr6fE,7f99ec79ca315eb2466600f954853533
YdgaL6W4QcBWv68YQvn23Gf_BRFXHfgIhuabwIVr6fE,585701c77268954c52e17d1ee1c00ef5
Ygv8bachxIhg_xghC8vaHDGzMJJoVjbR7WylgU_yclo,ceb8aff2ca5d99e4b6d9ff4f06a320ef
Ygv8bachxIhg_xghC8vaHDGzMJJoVjbR7WylgU_yclo,8c06faf947d56fc6ff9ca61316840193
Yl8U2SSkkWDw2ewoGQLfj0P-Y_wwwe28W6ltWa6OE5k,1c4e88ba9b18b506010af539290874f5
Yl8U2SSkkWDw2ewoGQLfj0P-Y_wwwe28W6ltWa6OE5k,b390099a14af15b623af63e9d086b7f1
Yl8U2SSkkWDw2ewoGQLfj0P-Y_wwwe28W6ltWa6OE5k,3f9dea308f8e7d020496bd28ed7d2e6f
Yl8U2SSkkWDw2ewoGQLfj0P-Y_wwwe28W6ltWa6OE5k,bc33cba2fbbb01967388f52a536d1b80
Yl8U2SSkkWDw2ewoGQLfj0P-Y_wwwe28W6ltWa6OE5k,6fce9a1f123ca34d6f49ba1b0929caa6
Yl8U2SSkkWDw2ewoGQLfj0P-Y_wwwe28W6ltWa6OE5k,9d0c15d32f2fbfadb207e87c33eeb4b8
Yl8U2SSkkWDw2ewoGQLfj0P-Y_wwwe28W6ltWa6OE5k,c3185f1655bcb83fdce301d7e785f5a0
Yl8U2SSkkWDw2ewoGQLfj0P-Y_wwwe28W6ltWa6OE5k,2b71203740c26dd655e8431ec34759b0
Yl8U2SSkkWDw2ewoGQLfj0P-Y_wwwe28W6ltWa6OE5k,24ee1f7cfb9fafc55684452f563678d9
YmnKabDNETBQrZXEQj_XU089YldxO-iwR9fNSCDU9Ig,daa3a927b9c4eba49b17cfe835adea75
YvYK1i7nQjZwJgogdWxaua_UVKjXRw5cEpR12I3i3XQ,a95840d9fa43ae94b9428b853835618f
YvYK1i7nQjZwJgogdWxaua_UVKjXRw5cEpR12I3i3XQ,b15358f0be16eae63ece9eebc8515ecb
YwW6NRscPkhUEJcdRaXcc4IPtxUnWRvbayE_BzLpBZc,f53ea712aa21901fcbc37158e28d42d0
YwW6NRscPkhUEJcdRaXcc4IPtxUnWRvbayE_BzLpBZc,ce0af1c3fac5859dddf58565f6ac688e
YwW6NRscPkhUEJcdRaXcc4IPtxUnWRvbayE_BzLpBZc,51e28ef21bbc1145bd2014ad05164446
YwW6NRscPkhUEJcdRaXcc4IPtxUnWRvbayE_BzLpBZc,7b35301c3320b026ebec61f26f8d7763
YyjnHZS606s2dZorhsH75c7VXJCLRZj-cB-4GLn9X90,084193770b05e5cc7bfa842da16f6ab2
YyufckRxZ8zPpf4cXMTEiB6hKuQTMli4KLLm-HIIa_s,eccff340515c1049558ce1d10d9b01c1
YzN7_E2tbgGxlrCU1ZDHJw9ylm4CpIRPmr2cyPHkl6o,21aac1f9f2c17bef0a8ee273318c3ba9
YzN7_E2tbgGxlrCU1ZDHJw9ylm4CpIRPmr2cyPHkl6o,ea36c6b4269af53734bd6523d930e1be
YzN7_E2tbgGxlrCU1ZDHJw9ylm4CpIRPmr2cyPHkl6o,591cbdce71aad3ee0d4b833020362fc9
YzN7_E2tbgGxlrCU1ZDHJw9ylm4CpIRPmr2cyPHkl6o,ea1a30dee24764077637ba305922458f
YzN7_E2tbgGxlrCU1ZDHJw9ylm4CpIRPmr2cyPHkl6o,28cb889a613a0e4f9416d9a8f965319c
YzN7_E2tbgGxlrCU1ZDHJw9ylm4CpIRPmr2cyPHkl6o,36f5b4b2a596c339c9f49950b03655c8
YzN7_E2tbgGxlrCU1ZDHJw9ylm4CpIRPmr2cyPHkl6o,1fd1d0990d26e0d6cd1d3abacc6dfaef
YzN7_E2tbgGxlrCU1ZDHJw9ylm4CpIRPmr2cyPHkl6o,7d1aca0ebd72b7c5091d33a28a3ea4e8
YzN7_E2tbgGxlrCU1ZDHJw9ylm4CpIRPmr2cyPHkl6o,5b15b3d7c2ce9fa4201bbdd1466d7073
Z-AaC65JmtFlUW8a_nGt5PiDBr-Z0WziwmuQMp0W03k,c00681f6ea5999bdb4669c6ee443aef1
Z-AaC65JmtFlUW8a_nGt5PiDBr-Z0WziwmuQMp0W03k,f2b4489b3bb051f4f5d04a90af4bbd6f
Z5ntNTIvmbC8CIfxJ0hC-k3JY-9mizxwmaUDuf9givM,e17c2cd62c5f2a44582d14013106436a
ZG-ukcsU--7WfpbWk9E54gMvxvEt0zSUy_EQB3Lsivk,fffff15c2d2d77492da0d0d13e013774
ZG-ukcsU--7WfpbWk9E54gMvxvEt0zSUy_EQB3Lsivk,d7458957e9622bf17b6b1ab90f0dc204
ZG-ukcsU--7WfpbWk9E54gMvxvEt0zSUy_EQB3Lsivk,0bc1c97be6cfb2ac29639c1c3be1ec60
ZG-ukcsU--7WfpbWk9E54gMvxvEt0zSUy_EQB3Lsivk,0ab1b0b72dcc493fd91712eea928b6f0
ZG-ukcsU--7WfpbWk9E54gMvxvEt0zSUy_EQB3Lsivk,b8454617a4643a6955f0a8238b22ae38
ZG-ukcsU--7WfpbWk9E54gMvxvEt0zSUy_EQB3Lsivk,4b0c7bf61f4bf2fb4dfb7060c59552db
ZG-ukcsU--7WfpbWk9E54gMvxvEt0zSUy_EQB3Lsivk,bf3500432ebabbd17108bf8ef920bf2f
ZMzqnKx9IEB7ltrIt44-76BTn0aauxEmHijcPu4l3Ws,535635467da3de79ae6771e15c5653ca
ZMzqnKx9IEB7ltrIt44-76BTn0aauxEmHijcPu4l3Ws,82fac21078c18d1886c76462cc69ccd3
ZMzqnKx9IEB7ltrIt44-76BTn0aauxEmHijcPu4l3Ws,61ea99703f540a4400d15b99e5de4636
ZNNtbFL7l2Nxk23nni_CIa9_I9rdkqxjtOCoGKRkQ9o,ed7678e3190459f9a64401118f83ac84
ZU6-LyN0O-VeCvbPNyuqqO-FrAolF1beJ0mq5F-Xzq0,cdddc8a97b6c71378948daf7cd28fa94
ZU6-LyN0O-VeCvbPNyuqqO-FrAolF1beJ0mq5F-Xzq0,048632a24e7a9104b5227da2e942c719
ZU6-LyN0O-VeCvbPNyuqqO-FrAolF1beJ0mq5F-Xzq0,ac7ccd11b47ae44b5b64449851025297
ZU6-LyN0O-VeCvbPNyuqqO-FrAolF1beJ0mq5F-Xzq0,efff0d00f0c34216a5dd0f3d304c7df7
Za2gVY9IO7cSatR1s6MlJT2Ym9kjgf5dx5QQ3dqOMjA,5aa6d1885ff52323dba2252c9fe7a5ad
ZcCzgdDKMPR4oPr0c5GUXYe6fnzYwdUuEMNpbY5dMzc,483d60264ee4188fad9c945e9bea359d
ZcCzgdDKMPR4oPr0c5GUXYe6fnzYwdUuEMNpbY5dMzc,1caaf0ed5e8571f001fed44c56623d42
ZcCzgdDKMPR4oPr0c5GUXYe6fnzYwdUuEMNpbY5dMzc,8a2a2a5d8eb674468eee866f32abb28c
ZcCzgdDKMPR4oPr0c5GUXYe6fnzYwdUuEMNpbY5dMzc,93dfdb9e2a9117252080ae91136d557b
ZfXnpj9JymrEXySC2mXmPwiAf6u_Vlmu260kJ2iI5Bc,25da35d9a3e04ce905427bf81aee32a5
ZfXnpj9JymrEXySC2mXmPwiAf6u_Vlmu260kJ2iI5Bc,5d088c5f615e5033adf7a66e4e49f4c1
ZhiRUMDjqw1Ngth9OVvEs3Ww5a0DePs8Red70zbdt8s,2b26266b91e78943ce80ad5cd6a72e03
ZiMMtSacpQgQIoioAnwWWaVRYuiFo1DJmxIHJNzHTow,d57d727b2bce0289787296b8fcf7d09f
ZqIJuZiK5-yL-8aGZHGYuNdHWlmhtbRwfLP8B2nzoO4,db3ebc9039cb7132fe4d0d012a4a6920
_CwZV7JjweL1bNgowFMabyvvg2zUkljylkh4qYgiQoY,9a7d22aedc07a1cea5a20b18f4d25eab
_GgXggxtTZHMJaQ-QMqtKjHj-yhCTKV9t7B932Dp4Z8,5b01fac82c495e2f3ec2e92244ce70da
_K5muTPRIwizO66b3dVSwsue_HMFWKRbct0hGMlBfHU,303171694be6a15855a1548b557c01cd
_LTk-GvAMkoOAvMETPr_kc7Yn_IwlKCobBCXFW3NxSo,90bc760e3b064c5024467d2d03fe7bdb
_NoqTGuJDuoQWkCe0yvPsiv9VH2Msb5-h4qJGaAHMwA,613527fedbfbdf35c5fa3c20b377fbae
_NoqTGuJDuoQWkCe0yvPsiv9VH2Msb5-h4qJGaAHMwA,fd5009ab7f9c7fdd3d0682dee397eb0c
_NoqTGuJDuoQWkCe0yvPsiv9VH2Msb5-h4qJGaAHMwA,5c78d2b608910577c66875ab715051bc
_NoqTGuJDuoQWkCe0yvPsiv9VH2Msb5-h4qJGaAHMwA,15cef85c31561caf63f5450bba9896a5
_ToIEVbMdssywyK_y8n5Cx3IR8U2zzLK93pBjdJ7Y-8,0a1bc69ee91c46b9f25c214c432554e5
_ToIEVbMdssywyK_y8n5Cx3IR8U2zzLK93pBjdJ7Y-8,3965320a7fa30de00693ccdda3adaa7a
_UYFK5WvPa-P2sVlG6NW-1Y2qvu3qWvmiJerfsvEcuQ,3629400800dfc1c4731c346ff5413799
_VHnxraWanoiApLH0NaIPJqgEKK1kWVxv3nfm8_JNU8,ffb67f522478f203fb64f16009e164e9
_VHnxraWanoiApLH0NaIPJqgEKK1kWVxv3nfm8_JNU8,4ebea97ecbe3c07108990dcec01ac4b3
_VHnxraWanoiApLH0NaIPJqgEKK1kWVxv3nfm8_JNU8,d5992721d059ba2b2a3e4f87838a68fc
_VHnxraWanoiApLH0NaIPJqgEKK1kWVxv3nfm8_JNU8,f6a0814acf06941fbe358f74ae963081
_VHnxraWanoiApLH0NaIPJqgEKK1kWVxv3nfm8_JNU8,f33423ed1f12fc14c7be1f0f5115daeb
_VHnxraWanoiApLH0NaIPJqgEKK1kWVxv3nfm8_JNU8,adb5a719405e46a6204c4e28b267acaf
_VHnxraWanoiApLH0NaIPJqgEKK1kWVxv3nfm8_JNU8,26a115d2847ba8f5451eb00a440dd6b2
_VHnxraWanoiApLH0NaIPJqgEKK1kWVxv3nfm8_JNU8,8461e7cfa0af52f7a7f29dc88ab71fb7
_VOMJJoBpojhwpaLYWGDP6-nJ7byGx6ESNSn1vh_Xyk,7aa7e5f335ecda10f299e3a17f801f5a
_VOMJJoBpojhwpaLYWGDP6-nJ7byGx6ESNSn1vh_Xyk,20a4bb885521474c21f9124e35679b60
_Z-4wflkRVuwwIJFfD90T2-ueF0s7HxvY-MdQ_0pFPU,65ecd44f017cc002a7b4caa94d90a3fd
_ZamEJ24dG8_hV3sdbt6iqrWwvT8aUB0zCjq0h6_X-E,62d965ff24b54c1f0a79862578d97f37
_ZbrvhysbFi2QhwTKJwqtb3t3zwDDiMYC01HicsFUWU,a1c4dceff8e1a6679ece42e2467b06a5
_ZbrvhysbFi2QhwTKJwqtb3t3zwDDiMYC01HicsFUWU,4582dfe3c0e3d7f5d9e3901dfb2fce44
_ZbrvhysbFi2QhwTKJwqtb3t3zwDDiMYC01HicsFUWU,7c828c6294dd44dda4a2676aa2ce47c8
_ZbrvhysbFi2QhwTKJwqtb3t3zwDDiMYC01HicsFUWU,14dd5d7fd0b0bbefe3300811e563443d
_ZbrvhysbFi2QhwTKJwqtb3t3zwDDiMYC01HicsFUWU,9cf3fe690ff7512c809a40562338bf35
_Zl7SW6NXxa8ZF6BALiIQsWPGrAHlI7HP-jlNJJgMDs,c94239baa266b9760e6688e872b5843d
___N-yQ2K98VMoiVyAIsDEB-mM-r-eIaMuX0ihKxeyo,b3c62d220cafd3390b3efb0b62e31276
_o3GopuYnrAIwiRGyiLGWHVzEc4E45tSp0AxxXA0n-g,d27edf4e5825ded619afe5dca37ad6b2
_o3GopuYnrAIwiRGyiLGWHVzEc4E45tSp0AxxXA0n-g,b646d04dd692cc251cac885993c8106a
_o3GopuYnrAIwiRGyiLGWHVzEc4E45tSp0AxxXA0n-g,f1c3f7cdc75a31a6ad4754d57d8fe8c7
_o3GopuYnrAIwiRGyiLGWHVzEc4E45tSp0AxxXA0n-g,2d84b1e7e04e0a73fdb9ff9cd6512e99
_o3GopuYnrAIwiRGyiLGWHVzEc4E45tSp0AxxXA0n-g,aaebd4c873b77bb1a6a811fc5beb7683
_qSLVGmt40QMbyc2-29BlaFANus9R6YhfQj7oZuMJo4,c491bb6e112ed26dfe6e3659204877cb
_r5m-6Cs1ruZ6VecGYZlSbNSMDLCVT3wYpjoXQ46NQQ,a80fe46d1432ddffe6d7ff33e275c144
_r5m-6Cs1ruZ6VecGYZlSbNSMDLCVT3wYpjoXQ46NQQ,5c7451cbb6056cb72504cc218fd4d6fa
_x-J8YMlFxdNhTxS7CgWEVrwalRrh9fpCt0D-_22pq4,e6022dfa6e2613478548e7ae78c62767
_x-J8YMlFxdNhTxS7CgWEVrwalRrh9fpCt0D-_22pq4,589564b0427171a5d26b583b5290f4a2
a-H1OgNxOqXwXvD_Jg-JNYDUgS-PMNt5pngm9qcmivg,7731ba6d89a3d0c81441e6d932c9e8f5
a27zN_rxs9_WUzl4TsrXOg6W3ztO8D7OlEVSLVa9Or0,624c21cbdfe5b443f3fe9ace5fdfaca2
a27zN_rxs9_WUzl4TsrXOg6W3ztO8D7OlEVSLVa9Or0,6284bf21da44953ae2ec3a7f43d9076e
a27zN_rxs9_WUzl4TsrXOg6W3ztO8D7OlEVSLVa9Or0,32ed632e758a9d5c327b76dcd81034fd
a27zN_rxs9_WUzl4TsrXOg6W3ztO8D7OlEVSLVa9Or0,f45b295acc14799df610a1f35329a63e
a6C0JXb3FwINuo4m9L-eq9Nql4ky28br0h7l3MZd12s,928a4c0ee8e2215aebbf7476fada972b
a6C0JXb3FwINuo4m9L-eq9Nql4ky28br0h7l3MZd12s,40906cf512f24917ced9d7497f53f982
aGPoP5addhEekZoCrreB0QhnZHUI2dhvKWwRvgrG38w,513d406f10a6f002dbc0e970233a616c
aGPoP5addhEekZoCrreB0QhnZHUI2dhvKWwRvgrG38w,4647c193a06c89998f55126bc03f6a62
aKCbIlgkgwR0Tv0hD5Y3Reox0bJEgCiqJMVSaIrRKRQ,93d7480755deaa8afcea22b2f17f2e07
aKKwnxgz6__q6Gsnu5h10ZMvUieiKrZxPbNZI2Cqlvs,c15896db70e5a9591bbc336d7972a487
aKKwnxgz6__q6Gsnu5h10ZMvUieiKrZxPbNZI2Cqlvs,a3ead2b5b995845cea256a4f09755285
aKKwnxgz6__q6Gsnu5h10ZMvUieiKrZxPbNZI2Cqlvs,c8a8a5ba34fa32286d1549e660dcba74
aKKwnxgz6__q6Gsnu5h10ZMvUieiKrZxPbNZI2Cqlvs,63af9a22d863e90db749cf570bff9cd9
aKKwnxgz6__q6Gsnu5h10ZMvUieiKrZxPbNZI2Cqlvs,3098144d3d7eca24eacc2af17a74546c
aKKwnxgz6__q6Gsnu5h10ZMvUieiKrZxPbNZI2Cqlvs,9c73308e1a30d240a4904499437f0ed1
aKKwnxgz6__q6Gsnu5h10ZMvUieiKrZxPbNZI2Cqlvs,c3280ba1a175915413e919c79b9541ee
aKKwnxgz6__q6Gsnu5h10ZMvUieiKrZxPbNZI2Cqlvs,d307beb888cb75bde6f1bbd5f9a7715f
aKKwnxgz6__q6Gsnu5h10ZMvUieiKrZxPbNZI2Cqlvs,f24411c4e640052a20f27bc2b590a26d
aKKwnxgz6__q6Gsnu5h10ZMvUieiKrZxPbNZI2Cqlvs,0e8fef1cba468d96c66b2798db767850
aLu6gFXmE9MOBg_BCBJk3IrcDewI4c1P2Nzs5jCcxHk,7f6d63b0e646a8adf40f44ec6bd3edc8
ahM-DNugLEwCHl26HWvwVtvrNnBKnV_YqWeKXVgOVpo,817aa984f3a691b1dbbd27bfe22e2e05
ahT7MEennmiPiDIj0sLEf1_dsYkz2sNdiHVxaYAClRM,e386149ba536a3eed56791c0dacc6015
ahT7MEennmiPiDIj0sLEf1_dsYkz2sNdiHVxaYAClRM,9036042a2a797a371776011917b75718
ahT7MEennmiPiDIj0sLEf1_dsYkz2sNdiHVxaYAClRM,27695d4313e845e40aa895d217572ed0
ahT7MEennmiPiDIj0sLEf1_dsYkz2sNdiHVxaYAClRM,e56b74583da63b47fd27801211b1ad39
akyAS_GhX2cXENx2vaAIO6YpIbz0uleQzFh63PFBN58,7edb3d31538da37e262d86f8fd20e421
alqJXcX3mknvjkZRqUwW2rl3GtU0acNIHRLdJ5HpROg,b879f5ef9776c2cc3cd404d2a55a20f0
alvViEXcpt6DTJMCIgxAwfPXlieyPGTGoJs62yCtXlc,8a45e33094d25a7d291629bb2a85065c
asvnnWHmuQD7uWcz24d8iuATkuH7HrdUgv9un6xmb8M,ab55d6c3fbe0eed7605410e0aa2ac61c
bEEVIiPPqqwP38kdKJrb5pnbM5L3-1-Q4K0D5R-Xp10,1438c754a3db1fbbc43ff7a7f5f7dffd
bKG2xwP1AuFbvdV60lDpmzX4eLm3aqfkBXsNxXa5pvY,0572d6f3d0cc196b87f7f013d89e74ad
bKG2xwP1AuFbvdV60lDpmzX4eLm3aqfkBXsNxXa5pvY,390665683e6873b45d186bced1a1f8fa
bKYofWY1P4a3avGH_z1BsSWftlVHu9rhanSrNZ4w_lE,1c6af7319f90c0da4d403f6ea46b775a
bKYofWY1P4a3avGH_z1BsSWftlVHu9rhanSrNZ4w_lE,83c5824b421d921bab5a39b8098402e4
bPt8_7wDTzCAdQrWWxgdyMntD60mmdc0K5qKNu8RR7o,b37287e7f084d0442fca4f7ed89058e8
bXNDG5yJPPqTKSoMPxTrhFaT_slKtuG76Sdd4dNxySg,fdd9a56e7ecfda1dd63f611f70a46e3f
bXNDG5yJPPqTKSoMPxTrhFaT_slKtuG76Sdd4dNxySg,7ea785934f33b293494726c961f04ee4
bYlXPEY7IZJStZHWG77crdDUu2cB9JoZg7PtUrIYBHo,824d97cb274b10847263bb89b90d5add
bYlXPEY7IZJStZHWG77crdDUu2cB9JoZg7PtUrIYBHo,aa658804b341d828fcbf8470c8ab18ba
bj-RhGWY5BnTcaxjvNYJlI6BlEvTlAdZs91pmyQSn4I,666d1c0ea3a3e6cf39ff35af48fec0d4
bj-RhGWY5BnTcaxjvNYJlI6BlEvTlAdZs91pmyQSn4I,81ea31922adbf66cb6de8c9a8fa7a89f
by41W0nzxt4Gf5nAI9Z0Tn6nAkLxmqj1XMQ8thKuxHU,df7be9084b2528dd5ac6d83a3b8326e5
by41W0nzxt4Gf5nAI9Z0Tn6nAkLxmqj1XMQ8thKuxHU,51295f6a168015329f770a01d22dd3c3
by41W0nzxt4Gf5nAI9Z0Tn6nAkLxmqj1XMQ8thKuxHU,7f8d26394d6bd9fbc798545a9c8c8d3c
by41W0nzxt4Gf5nAI9Z0Tn6nAkLxmqj1XMQ8thKuxHU,e83d5c04b0377443f837d9e9b1263aa6
by41W0nzxt4Gf5nAI9Z0Tn6nAkLxmqj1XMQ8thKuxHU,bd3888e2671ddf02aa3f1a8e32bb1ea3
by41W0nzxt4Gf5nAI9Z0Tn6nAkLxmqj1XMQ8thKuxHU,ff17aa70f613791efe23a2c909eafd07
by41W0nzxt4Gf5nAI9Z0Tn6nAkLxmqj1XMQ8thKuxHU,777d2f101616c556416c7fa2daccdc06
by41W0nzxt4Gf5nAI9Z0Tn6nAkLxmqj1XMQ8thKuxHU,f0af01a6f89f68960bcfc0dce9ab444b
bzAAtfEYTvcUwHDx_a0yjF5OQfTSli80mnRsIYujCns,24f58b386cac5e7f6b2577bd823687d7
bzAAtfEYTvcUwHDx_a0yjF5OQfTSli80mnRsIYujCns,e2ad8eeb2dd6579927ee1e1ff1a88cb3
c2B5JStYPEIlJ2AETYXBTXjztLgcpF1YZXsbwBJ1fuw,08ef9d2ad566e0615228f0df8837559e
c2B5JStYPEIlJ2AETYXBTXjztLgcpF1YZXsbwBJ1fuw,537d1576df2c31aba78868d742dd7e98
c2B5JStYPEIlJ2AETYXBTXjztLgcpF1YZXsbwBJ1fuw,d27b21bf7c668cd4caf08dc33cfbe3e2
c2B5JStYPEIlJ2AETYXBTXjztLgcpF1YZXsbwBJ1fuw,212dd2a6c8163736cbf5b7a13606a984
c2B5JStYPEIlJ2AETYXBTXjztLgcpF1YZXsbwBJ1fuw,587b1231ff4c84475a647889804b0275
c2B5JStYPEIlJ2AETYXBTXjztLgcpF1YZXsbwBJ1fuw,75df5c1f9fa7bb854c45f6e8ce158cc4
cVytttxSLrJkJZfDS7mqNACCPRKwCk7a978wWualrew,a19809bc0399929ffc0bb5226f857199
cVytttxSLrJkJZfDS7mqNACCPRKwCk7a978wWualrew,8600c3feb653a2a083569fc834decccb
cVytttxSLrJkJZfDS7mqNACCPRKwCk7a978wWualrew,d1867cc49c5b81a3e75523b24c4ab551
cVytttxSLrJkJZfDS7mqNACCPRKwCk7a978wWualrew,03506e92ab2c616969f5dd37a6e95c92
c_RN0nF9LW71ZYJQnSp8mUN88GQlyQ_zc3QrUUqerRM,5d9adc6d19d86c6e7b0c379805346e4b
c_RN0nF9LW71ZYJQnSp8mUN88GQlyQ_zc3QrUUqerRM,973d5396bf7ad4ae09b2e6116c872e44
cegx8Fn3pezIoR4wbP37mAbFvOYTTx4kZrcNnq73cDM,ca966d672cab8ed5150c0ec2ddd39d1b
cegx8Fn3pezIoR4wbP37mAbFvOYTTx4kZrcNnq73cDM,2c0b52eaec1c06af8e1d845bad1d4496
ciLRduStcoRnAQ-__Qs6QLQWSGY8dxjjK1d0PyYwF-Q,caec875596fbead7ef84011e8aff0926
ciob9bPgUpBxkXNd5QvZSR_TBtrxFuvmhpKmAUTEs4M,ab42454d7528a5eb5e48ea7c3bec9be3
ciob9bPgUpBxkXNd5QvZSR_TBtrxFuvmhpKmAUTEs4M,acc2df580c02098505ac7035fb9873ee
co0d6u57HACMwsmPG-Ijr-xDUrvpBRkEl3L_bIDrWHg,ad6b23902e070dae35e7d515a45f5bb9
co0d6u57HACMwsmPG-Ijr-xDUrvpBRkEl3L_bIDrWHg,3725e4d8167b1f4ee5fe69094c9a7d24
co0d6u57HACMwsmPG-Ijr-xDUrvpBRkEl3L_bIDrWHg,bbb1674db1cd1ef751404f7baa7d82c7
co0d6u57HACMwsmPG-Ijr-xDUrvpBRkEl3L_bIDrWHg,835577649add4d3ad288b9ae98b32d94
co0d6u57HACMwsmPG-Ijr-xDUrvpBRkEl3L_bIDrWHg,b19527e0166c9d5f445d477e039b8376
co0d6u57HACMwsmPG-Ijr-xDUrvpBRkEl3L_bIDrWHg,7f7cdaf7cb26af526fd157dd79873976
co0d6u57HACMwsmPG-Ijr-xDUrvpBRkEl3L_bIDrWHg,70f43d4ee5fcf2db96bb3e7669dc76bf
cpO6yRB1L2n-PLWT8a8Dlx1fTqWZw-KVtRFn1lkoYHk,319cce9dab19d79624b9ba1919c734e8
cpO6yRB1L2n-PLWT8a8Dlx1fTqWZw-KVtRFn1lkoYHk,46d45a6b6c43fc48e1de48c5da48f359
cpO6yRB1L2n-PLWT8a8Dlx1fTqWZw-KVtRFn1lkoYHk,cb7006d1f8bf2d3fc40a3d4afb7cdb3a
cpO6yRB1L2n-PLWT8a8Dlx1fTqWZw-KVtRFn1lkoYHk,b165b5077d656b64be25da7e59ed28ad
cpO6yRB1L2n-PLWT8a8Dlx1fTqWZw-KVtRFn1lkoYHk,f67a44fed34184098dadfbdf7200049a
croSqECZMhZcVQsRyX4yRDtyImfD-P7uDuvbaNo08hE,d4f1621e00b6db53b7205f4c21d87743
cx7H9JmRginjnpfFsEmrbkaeORyIyI6HnIfHMHDqKKY,3421d4dfebc15d5ce1be948166334e04
d-D6hRvXeP68ivQLxyl4KmYSzEyzUS5qcqsxrfwl_4M,e2bc345152ddbc8c07d51f7fd660a529
d-D6hRvXeP68ivQLxyl4KmYSzEyzUS5qcqsxrfwl_4M,08cef385e069470b9212d99a55fe577a
d-D6hRvXeP68ivQLxyl4KmYSzEyzUS5qcqsxrfwl_4M,05be671d99c6f9823342c689c1efe76f
d-D6hRvXeP68ivQLxyl4KmYSzEyzUS5qcqsxrfwl_4M,e392a1c3a5984df0b0549f8332183d4e
d-D6hRvXeP68ivQLxyl4KmYSzEyzUS5qcqsxrfwl_4M,4cda6d930ecc56cc5b28bae80170d86d
d-D6hRvXeP68ivQLxyl4KmYSzEyzUS5qcqsxrfwl_4M,fba8aab25dabb8b3f620d29e5619f385
d-D6hRvXeP68ivQLxyl4KmYSzEyzUS5qcqsxrfwl_4M,8f2fb23b17e74fe4f8bf9c86f76b0cae
d-D6hRvXeP68ivQLxyl4KmYSzEyzUS5qcqsxrfwl_4M,da9b03e0823b32777ed69a570b7f6408
d-D6hRvXeP68ivQLxyl4KmYSzEyzUS5qcqsxrfwl_4M,d12c20b5ff0ff67e3d417144f430e3c4
d-D6hRvXeP68ivQLxyl4KmYSzEyzUS5qcqsxrfwl_4M,3c12fd694cc79a6fd6b91be29f689b49
d-D6hRvXeP68ivQLxyl4KmYSzEyzUS5qcqsxrfwl_4M,9099ce7555617f0756bac79f7151f833
d-D6hRvXeP68ivQLxyl4KmYSzEyzUS5qcqsxrfwl_4M,d76fce8677bbcff5c61e045f0c3123b2
d-D6hRvXeP68ivQLxyl4KmYSzEyzUS5qcqsxrfwl_4M,72ff83d5e0a1ab0bbf508ed84af66e08
d-D6hRvXeP68ivQLxyl4KmYSzEyzUS5qcqsxrfwl_4M,268f3d1af9a862324551ba871416275c
d-D6hRvXeP68ivQLxyl4KmYSzEyzUS5qcqsxrfwl_4M,1c32b7c62234afe5248f9386ce45caa6
d-D6hRvXeP68ivQLxyl4KmYSzEyzUS5qcqsxrfwl_4M,36a3cb420284f767b1f0fec809ab8da2
d-D6hRvXeP68ivQLxyl4KmYSzEyzUS5qcqsxrfwl_4M,10eecb288628017c8bbb6fab58810a34
d-D6hRvXeP68ivQLxyl4KmYSzEyzUS5qcqsxrfwl_4M,d9164d35896f3350183794cba727858e
d-D6hRvXeP68ivQLxyl4KmYSzEyzUS5qcqsxrfwl_4M,fe386748bb89af86c6e307d592c752a9
d8IIxfYkAh0K6SNriZdI0YWz_6NhefE3nzvLfIMQqaQ,d53acb08b3e710d1608ced706cd3b889
dPRinhZqztN_Hf264QHnP_0Wg121yQ90oKTvePLyM8o,bc0346f8906bb928f90296e0eb6712c1
dPRinhZqztN_Hf264QHnP_0Wg121yQ90oKTvePLyM8o,d68cd20dd3d82f0f3ad985d99e57dc77
dPRinhZqztN_Hf264QHnP_0Wg121yQ90oKTvePLyM8o,54039ec5fa07314d7c838bfdd45741b2
dx17OuwfKm5FocfCZ66tMZbAu9cwDFy4bgR-Pdkl6U0,660ac3433f472e9bbaeed8b0e5e35254
dx4U9AbZLiHj6R0G_NVAZDWQyZYuhiR7AstECCFnlSs,1f86d714c361dbfc772bb3e78a1632fa
dx4U9AbZLiHj6R0G_NVAZDWQyZYuhiR7AstECCFnlSs,d26eafad778d8a39ced93fc3facee0d2
dx4U9AbZLiHj6R0G_NVAZDWQyZYuhiR7AstECCFnlSs,062af5169e1e3e3f76162826166dd883
dx4U9AbZLiHj6R0G_NVAZDWQyZYuhiR7AstECCFnlSs,3c0eb58cef493ebf3d169ddc35823e63
e-0lza77JKC-xvdfzGUtaX732xERpAyfyWYVzpbQGdk,46557f1f23e949eecabb14d887d5cdfa
e-0lza77JKC-xvdfzGUtaX732xERpAyfyWYVzpbQGdk,b3d601047ae82133a4b4a79e342e84b6
eLjIgnMlJKfK6MIRaGa3HCfnXpM04E09QXkGiCxKJAg,d68fa2cd2af823ba1d5d46d11025ddb9
eRj17yv-E6_O8A3DNw8_DiHgSG1QmP5ztJVJRGBrca4,9e3a59710ffc9ebda348963016d241f3
eS_E3lqz755Y5RVVv3xILlAD9JMgrqLwWnDkGdehwrc,30294a4e652383e194b30e9863437458
eUQaVsLyGr_zoE6EwWwpU6Ww9q5aO932Y5LxH0ViKQo,4c4bc92324c4c14c7b2b9a00729e404a
eaJoNIErQRATPzMdDYaFMDm48na6oTqp46Z2a_Ttfnk,c957d187d3fe3c89c23178e464d92269
eeu2YVfRnEjO9xiVJcnfdYoBq9PQnhywDYR6jE3iuWw,2ac120802ba351a98b1e653a7e3c7e6e
eeu2YVfRnEjO9xiVJcnfdYoBq9PQnhywDYR6jE3iuWw,1fb2889d3c210a12585cde3e81522145
eeu2YVfRnEjO9xiVJcnfdYoBq9PQnhywDYR6jE3iuWw,918105cf1325822eaadbf094fe957625
eeu2YVfRnEjO9xiVJcnfdYoBq9PQnhywDYR6jE3iuWw,adc77478539cea33f0daae2812c189a7
eeu2YVfRnEjO9xiVJcnfdYoBq9PQnhywDYR6jE3iuWw,81bea8c1aeb6c854c32c04407a2ad50e
eeu2YVfRnEjO9xiVJcnfdYoBq9PQnhywDYR6jE3iuWw,e4d04157e5f962c7e7823949257f0da1
enOqRteWy9sBYoAJJFatZC4hglVw_YtG_wRJ_lfJp18,5de91de13079e825e5be8a58baa4e159
eonoXwy9pT922SStHe7phTF9E1OmovMGwf4MRYSZ_gk,f7d61a4ed5874b0909f9f419ab39c104
eonoXwy9pT922SStHe7phTF9E1OmovMGwf4MRYSZ_gk,4f017d4c1cf44637fa7b206d34528b4c
epRvNO5VxduN0Jq6Rmz08wIpJyFizXVYOM-7tFJTGOU,22eb49efae91b9bc6723699d2199aed8
f2UZJQyHw_NOKUw53m3X4NjIFZRCHcWTZ5MQZwdgCQ4,dd0118b88a6fc731f151c0f79172a0fa
fFrDCPtjMVOQo6lhZX1j8YB4DI96KbJWvHj9Cfql690,da6f04b1763c6d167017bef1d02db264
fFrDCPtjMVOQo6lhZX1j8YB4DI96KbJWvHj9Cfql690,b7544d6cad05c544fe65adaa3be115cb
fLxvU_dTtBOzidz7xh99ICzTaz4wuNFk0oLjCZ8HedA,2f01ffe5ba3d40ec9481c5b4986ca154
fNCOPEb3eRNLm061I1hzsThiLSHHdsN6CYo1mqmjxjI,416b4dd47e5c8d5771beccb58bede691
fNCOPEb3eRNLm061I1hzsThiLSHHdsN6CYo1mqmjxjI,e657fc3fe44f118b9ce862cc715514eb
fNCOPEb3eRNLm061I1hzsThiLSHHdsN6CYo1mqmjxjI,c93415a5f6e545f87e15992bdb681873
fNCOPEb3eRNLm061I1hzsThiLSHHdsN6CYo1mqmjxjI,fa98eb06de09022a5af786cd3d290015
fNCOPEb3eRNLm061I1hzsThiLSHHdsN6CYo1mqmjxjI,11fa94285ddbb82c4df2e892fa440daa
fNCOPEb3eRNLm061I1hzsThiLSHHdsN6CYo1mqmjxjI,71ac7b003a2068ea2daf521ba1e7f109
fNCOPEb3eRNLm061I1hzsThiLSHHdsN6CYo1mqmjxjI,21cc66f8042a0d28eb62c1ec7772af4f
fNCOPEb3eRNLm061I1hzsThiLSHHdsN6CYo1mqmjxjI,f9374e1a40b5067f5a6c056ace74291d
fNCOPEb3eRNLm061I1hzsThiLSHHdsN6CYo1mqmjxjI,5cf53079abc330f9c67c0da34974e041
fNCOPEb3eRNLm061I1hzsThiLSHHdsN6CYo1mqmjxjI,ba2816484f3b316e1d3094de1bd6e928
fOCheDvo1LbFwYLyHekXDBh1b3ph4qo4v8rQKfe4kWQ,c0b2821669942fb625098b798548e881
fXGd__IePZib86LwRbqUjSqYohYbZ0-AVQHIM-NVhI0,2893b2913a2d3010e6711494df3addd7
fkq68ww6bdyKT16FavI1x_G-u7YZ9SoT1GNMUTSJUek,1f11532ef71507e4b2da104e4cb6df23
fkq68ww6bdyKT16FavI1x_G-u7YZ9SoT1GNMUTSJUek,df1b66cbd6104743d4991689f70bb1e9
fvqectXDzHYCNvs7Qe0MbuYcppwMaAzkcNTbJlrVHDk,ed1aab86667d4402b29612c4b1cbb44c
g6Hmr85PdUW_mFEj4Z6MvlTH6rz548RNd8KDtX7k0hY,6260db94132d0f4c0e13997c7d89f513
g6Hmr85PdUW_mFEj4Z6MvlTH6rz548RNd8KDtX7k0hY,b6fbc90e6ea31ab3cb00ca807c3fcdf5
g9j8ZQyw5DBZuJAB5unfmqJDFczHNCsOvSMI1LdWaOU,50d25cb316c56e53e92030b7d06f1f10
gAFJ_eBlTPO1L3oJ8cwt6BjuTI2yYCbLZmDvT5wn9LE,ba2e69985b5cbdbc34f1b9240ff60aee
gFbNzyPb2KlCUleWkbVt6EJPfHih0db8IM98FlbN3VU,aca22fe2d5997a23304c2f8e59757b18
gFbNzyPb2KlCUleWkbVt6EJPfHih0db8IM98FlbN3VU,cf8c3a56a0cb8fdb42d2ce6e01e4fa2b
gFblhzof-gC7PAXXnQ-foacnYnSX9YdOYVOS3h2Anwo,4d1b663ea8934915f6ad639b8eef30cf
gFblhzof-gC7PAXXnQ-foacnYnSX9YdOYVOS3h2Anwo,85e4d65e5ac99e86007334f303226a38
gUk_2kICkEADy9i8itZo5qQ5UaACL4vcexkA8s-cnzM,27b7a17e642981ec6d4f3f0e8a41b831
gUk_2kICkEADy9i8itZo5qQ5UaACL4vcexkA8s-cnzM,e11b8854b22970674ba0fcd304b6a508
gUk_2kICkEADy9i8itZo5qQ5UaACL4vcexkA8s-cnzM,3905db9ad119a9802143510e7687003a
gW8ZU5f2ddM1YXRNfiBgrdKaao8aZCnOxMnILg1AvFU,b0d23f5fd484201ec21be0734534a968
gW8ZU5f2ddM1YXRNfiBgrdKaao8aZCnOxMnILg1AvFU,449836cd54b72a057ea6f822e1048a96
gbKNI-wfsvgJR32_PRt5qTLSQhZQyNixqRLFGSrsfc4,a08481d36819e651aeb1bf3b9e94e3d0
gbKNI-wfsvgJR32_PRt5qTLSQhZQyNixqRLFGSrsfc4,cfdd1e387f44508d610a92530a09b132
goHc9Rc3JYmvKwlVvNOj_rReVQAEb6augswlammHYfY,6c8170d5b7e8cd8245a0252ab2c79f6b
gr1bdyPSd39J9DjfhT4jKHtLR5r4BEmLALNMf0_Kic4,45e5fc3aa1022bdc2837d1d77088055d
gr1bdyPSd39J9DjfhT4jKHtLR5r4BEmLALNMf0_Kic4,315cef51ce6e9d6cd11ea13b3cdb03a7
gr1bdyPSd39J9DjfhT4jKHtLR5r4BEmLALNMf0_Kic4,ff368f44af209f5fb76b518521c224d3
gvFN9-oZ1kTVAlIyBYj0VsEMgoW6NojEmFUY1cB83lQ,e343a9e4f4d6c9768d64865f8acf4932
h2KiedXPLm4R8tqzxd3t9Q8GE77z1QMHtQCQGObkMzs,9011de19d917606e3731125984042c36
h9CrV4Bja5J7GcDHh1nhtwlNL-G2dstWVh1H9MVcwMo,2b958fa3e316627851557897f1ef2918
h9CrV4Bja5J7GcDHh1nhtwlNL-G2dstWVh1H9MVcwMo,a09130d9c6b78408c8fe72fac664c40e
h9CrV4Bja5J7GcDHh1nhtwlNL-G2dstWVh1H9MVcwMo,aa20d6ae2ea0afaa0103839406f53799
h9CrV4Bja5J7GcDHh1nhtwlNL-G2dstWVh1H9MVcwMo,38bfb8942814e762424e6513da36d421
hHL5Lxcqd34jCxO2g45S16J3J9dqVWxJmM5B0HEmULE,5308eb8e398cdab7c70641ae5266c2f8
hT5OLBkxFGOwz0k5698gB1lUhTpIkc_vHyBA8Ca1iZY,c3f47baa99655ed310841c9891283da1
hT5OLBkxFGOwz0k5698gB1lUhTpIkc_vHyBA8Ca1iZY,331bd820fdf2f6d850a0fa833166fc77
hW2nKkigYEBoUOo14i3BHifQZLX6rw35VSPoWZxPNN4,4392c579020dac4011092146e2617b9b
hW2nKkigYEBoUOo14i3BHifQZLX6rw35VSPoWZxPNN4,cfbeb1de609119588efd5fab77172ce6
he2J46C3Yu3aEUjwSZiGDffpiIUYTjC2eiFlZld3Dzg,2533fcc718ce4f77351d6d845832a786
hi6qlhy777TGbwo57JVAK1IwxCpuku2Ks7x4qbVzvUM,2cec64417b40cb7e2e3bfa240c0d1eb1
hlYBLwY-wUvLCWi6fGccF18xQgfPH6O55mBqbjlNjL0,9494471992cc80fc89fb803032bb7056
hmYxW39dKkjA6Un1wW5rzTdlT-pfUWyHwnAzQuDRZ5o,325da0d42534ba4d2f3ab534fa69e8e3
hmYxW39dKkjA6Un1wW5rzTdlT-pfUWyHwnAzQuDRZ5o,925b219ced91bc6f31ef8c99fe169c54
hmYxW39dKkjA6Un1wW5rzTdlT-pfUWyHwnAzQuDRZ5o,f6f8a76638c53fa961c31d3be364943f
hmYxW39dKkjA6Un1wW5rzTdlT-pfUWyHwnAzQuDRZ5o,e7ff1dcfb0b8b5070a8c7306a71951be
hmYxW39dKkjA6Un1wW5rzTdlT-pfUWyHwnAzQuDRZ5o,e517a49c288e54e5ae0642937f9b8cb4
hmYxW39dKkjA6Un1wW5rzTdlT-pfUWyHwnAzQuDRZ5o,0ec39eeacebcbec3fc7e8f17e0def85d
hmYxW39dKkjA6Un1wW5rzTdlT-pfUWyHwnAzQuDRZ5o,e43481c0f19f49143f3375d3a4657b15
hmYxW39dKkjA6Un1wW5rzTdlT-pfUWyHwnAzQuDRZ5o,e66e420ff2933d3ef97daafeeed6f5e5
hmYxW39dKkjA6Un1wW5rzTdlT-pfUWyHwnAzQuDRZ5o,dc6ca97ca0e6fda3455cbe965bff2da2
hmYxW39dKkjA6Un1wW5rzTdlT-pfUWyHwnAzQuDRZ5o,a6736db3c617b974007b34a8e5951785
i45bbTSs4418BrHmSgp2-1cYp3Yj9BI6em6C9m4yCsQ,f0b0890c8ad84bf251eee9659ce12ef0
i5alF92czhmefg8Huuwf-PVqyc2K0YNqgyQNP4sKMPs,3fd671a3f2aad4f5384fba7105c304da
iAId7twJViYUsBFd2uVqfBelqyHlDID2sG1XfGguFHw,8d55ad8e4e979f9a7275aaa5d5361248
iFpd5co3UXPjUAe6mbPsoFh9aAhq2rYS3p58myDMEPQ,79b84f6d3b7b46e029bb2abf8ee01e39
iFpd5co3UXPjUAe6mbPsoFh9aAhq2rYS3p58myDMEPQ,e40ea27d0b729c46c793ed80da47d178
iSY6QWcZ0CbHmm_7nqSi1q3KcF0uW2PlHGiD4LQcJY0,5c1de6292c9c0ae412fece83375adba6
iSY6QWcZ0CbHmm_7nqSi1q3KcF0uW2PlHGiD4LQcJY0,fd52157210de036b0fcad8ed5e7bd49c
iVZJ9LLOQ63cM0IDdxu91zkaTJ0XhUPfIvP6pWpttcA,e2466731e09bb31167a023d700fefd6b
iVZJ9LLOQ63cM0IDdxu91zkaTJ0XhUPfIvP6pWpttcA,ef8b9eeea6f271b6a2c75a1b00e628e6
iZp1TSwjH76ryDe4NzXD3zZYZ_KDqkTP6MRqBLslvrI,379e3a24205c0d9b16a00c970013bbc3
iZp1TSwjH76ryDe4NzXD3zZYZ_KDqkTP6MRqBLslvrI,7e40dcfae589b537f238d80891752cc7
icoAL0V4eLYR2ZXjKFajM7zpX2c2NoyM-ZOkRzXkJUs,8b4cbb8dea612dee4075709f31a66ffb
icoAL0V4eLYR2ZXjKFajM7zpX2c2NoyM-ZOkRzXkJUs,cf42e48ba90c01e64b1635588e920eb1
igR2UxyMOcZV8E2hxoVHsrJDwGEv4mOPcIYYL8kgCA0,8946c05f48e7aef1bc606ae250253a90
jHGOnglb7tVQ1lpD405w8reX2c_i8g927RPa5t3dJgA,1337abae8fb998d548ca9b2b1a7ff3b9
jRVVmniEjFboTrGpJxCsUEV58h5yev-85b1Oag7Kgds,a17d109ffb52659c34a7b2f6e43a48f9
jRVVmniEjFboTrGpJxCsUEV58h5yev-85b1Oag7Kgds,a207a7cce2150e12e6284f325c4cf984
jZSnwhgdKrST_LKPrB_mkjQ15fZqihhPOuMmXtQPGlM,2b68b81cc5d21309ebafacd907e39032
jZ_TZuGXQhSV1FrFbgIjHBb-F2ze5pZQTjaO46_PZDI,b7ea99c84b2dfc6c2339b3689c9a0a9d
jZ_TZuGXQhSV1FrFbgIjHBb-F2ze5pZQTjaO46_PZDI,67f7b1552ea77c097b5af27d2ffaeb53
jZ_TZuGXQhSV1FrFbgIjHBb-F2ze5pZQTjaO46_PZDI,a920667364936e62655bd43ad7750526
jZ_TZuGXQhSV1FrFbgIjHBb-F2ze5pZQTjaO46_PZDI,8cc053e79cd9da73451377cc628c82df
jco-xL-ojiou3JkQazEJeWXXRpdKr6vTUzyqMsHdXVc,a76cb246c9e9b8e82ea4301d77e7b2b7
jco-xL-ojiou3JkQazEJeWXXRpdKr6vTUzyqMsHdXVc,b5a5c5bf319e59de64cb937c082a395c
jco-xL-ojiou3JkQazEJeWXXRpdKr6vTUzyqMsHdXVc,b2535ab47b5b5702df8f928f6c1e0d85
jco-xL-ojiou3JkQazEJeWXXRpdKr6vTUzyqMsHdXVc,40ef3588e2f4777913c547e9577bb877
jco-xL-ojiou3JkQazEJeWXXRpdKr6vTUzyqMsHdXVc,a79b3b17daf2f6a36bad3e43cc0dfa70
jco-xL-ojiou3JkQazEJeWXXRpdKr6vTUzyqMsHdXVc,ccd6d8212dd8757b0811b30aad026d54
jdzOAe8rM_L8GfeiqwYr9xgWfIuoC7G6TmENCBf1xvU,18fb0d9dfcfae96993ca2ff568ba86a0
jj-ymAlKRw4gwssTUjghlxgUc4OSZPQuaAgrGKJGcQA,b7b316c3d460cef0b0c61137db3b8cf0
jj-ymAlKRw4gwssTUjghlxgUc4OSZPQuaAgrGKJGcQA,13980db928d0937951238141870a2a49
k1ak5kJA8W_T3qmJJva8VQBsV4oCHmWFj_uaxq9zE9I,acdc5f5235faaa870b02e8a0676da569
k5LWbctDJYS1eaO_DTHL0-AZhtik4Xcs13GYVAXpj5s,ead0ddd3ab9460bf60ec266429aaa77c
k6mUYQ--EsUFkUXes7CyUrDDVR0TGGdy3JesOw4muuo,34cb862e463e7058208282f7675cf2db
k6mUYQ--EsUFkUXes7CyUrDDVR0TGGdy3JesOw4muuo,8cf225f646374b32f58cb4ae6ed51c80
kFQWHdudWw32Mboxwem7R_l1Ac7AfRDq8lXvnYA85hM,0c59beda104dcc1a52e8141a0fec204f
kFQWHdudWw32Mboxwem7R_l1Ac7AfRDq8lXvnYA85hM,5dddd205ec3d9e7a0aad00bb4a3c2a1b
kIylnWWgtxbfedUMpfR5Ot3-iuysBKh-wHxw0Qwh46c,0a5434c7c6cb555985d493d9d5127cb9
kJbq4rY7KCtD0ik0QWdzgPTcAAt4SXHnOOMEstRxGQw,702fca693888f55ad97be2a970f1d930
kJbq4rY7KCtD0ik0QWdzgPTcAAt4SXHnOOMEstRxGQw,616051555ff6f8020f965b0a9f8ffb1d
kJbq4rY7KCtD0ik0QWdzgPTcAAt4SXHnOOMEstRxGQw,e03d0bfe4e8c272fc5bfefc90cba098c
kJbq4rY7KCtD0ik0QWdzgPTcAAt4SXHnOOMEstRxGQw,7944f669dafb41c6e5e3df560194e419
kJbq4rY7KCtD0ik0QWdzgPTcAAt4SXHnOOMEstRxGQw,7c617a135eb5ade3f3fc5653a418f2a0
kJbq4rY7KCtD0ik0QWdzgPTcAAt4SXHnOOMEstRxGQw,6f9390dd5b72a5c1a53e2041279b1b8c
kJbq4rY7KCtD0ik0QWdzgPTcAAt4SXHnOOMEstRxGQw,9be0a92ab5189245846eb70178d61381
kJbq4rY7KCtD0ik0QWdzgPTcAAt4SXHnOOMEstRxGQw,4bf5a59b26a058106c98c525f70696e2
kJbq4rY7KCtD0ik0QWdzgPTcAAt4SXHnOOMEstRxGQw,05fcda51734c28ea92ca15cb3017ce14
kJbq4rY7KCtD0ik0QWdzgPTcAAt4SXHnOOMEstRxGQw,79e61fcc42f59bc74392b7163c2958b1
kJbq4rY7KCtD0ik0QWdzgPTcAAt4SXHnOOMEstRxGQw,11c9b401589180be1d98c99721c1f5ac
kJbq4rY7KCtD0ik0QWdzgPTcAAt4SXHnOOMEstRxGQw,3e358341dde70d302d0ba9d048a74481
kS2l8BxM3FEOQkITlQkcnXc44EucNbX6pOL0_-l8iZY,5d8545745c16abc690d120065a47a428
kS2l8BxM3FEOQkITlQkcnXc44EucNbX6pOL0_-l8iZY,92ed1690f10115daa1c9fdf7ac88455b
kS2l8BxM3FEOQkITlQkcnXc44EucNbX6pOL0_-l8iZY,bee99c23aedecae8168c2a159c4243fc
kS2l8BxM3FEOQkITlQkcnXc44EucNbX6pOL0_-l8iZY,d6f2045f9ddb540b58e09cb718c42acb
kS2l8BxM3FEOQkITlQkcnXc44EucNbX6pOL0_-l8iZY,9446e6b38fb16381381c17de52ea056e
kS2l8BxM3FEOQkITlQkcnXc44EucNbX6pOL0_-l8iZY,642d81a9d11feeeab9084a10f213f939
kS2l8BxM3FEOQkITlQkcnXc44EucNbX6pOL0_-l8iZY,f2544f7daf824846da67770a1050c3ff
kS2l8BxM3FEOQkITlQkcnXc44EucNbX6pOL0_-l8iZY,c09b39776c4f6442c28fa48c0e647f87
kS2l8BxM3FEOQkITlQkcnXc44EucNbX6pOL0_-l8iZY,4c66b84613a24f6232d5af1edf1a868c
kVM9QASz00QiqQUqerI8IdstVAmfwA4h45LsvqAsvcE,7c5d138b1905716be400d48246dc7c40
kVM9QASz00QiqQUqerI8IdstVAmfwA4h45LsvqAsvcE,825ecf1e90dc2f6feae26e4654935034
kVM9QASz00QiqQUqerI8IdstVAmfwA4h45LsvqAsvcE,7c5397e2206b76cb8bd0200012e92611
kVM9QASz00QiqQUqerI8IdstVAmfwA4h45LsvqAsvcE,c5835d21886c6e1e2a28d54943838e2b
kVM9QASz00QiqQUqerI8IdstVAmfwA4h45LsvqAsvcE,9d684fdc55ea4af29644c5ff244fbcc9
kVM9QASz00QiqQUqerI8IdstVAmfwA4h45LsvqAsvcE,cb5b78f8cbc4df695d471801c576201d
kVM9QASz00QiqQUqerI8IdstVAmfwA4h45LsvqAsvcE,4e06630ef88a843555752628a83fff52
kVM9QASz00QiqQUqerI8IdstVAmfwA4h45LsvqAsvcE,6e97a9037e2098f7cf682295c17aafe5
kVM9QASz00QiqQUqerI8IdstVAmfwA4h45LsvqAsvcE,8460de125e2824f7aeffb87f07c7cc2e
kVM9QASz00QiqQUqerI8IdstVAmfwA4h45LsvqAsvcE,649b2ef640cfe97b33960a4a2801be28
kgpXTC6Xsq50_lio5aem8f1QeSKqK_A9n0inA-1A8B0,9d5ef2239b3edbac53079214b87315da
kpJsMMDnIW0Iw7oC5zZySsWphjLg40e1PQodDo2j_1U,ad7c021336852144bacdf638a0265618
kudcSOvAnm6tS_fEp0t7nRXTS4beirgkhdIMB6YNHSo,d30106dee230a86edc594229a1092a79
kudcSOvAnm6tS_fEp0t7nRXTS4beirgkhdIMB6YNHSo,e1156f26e47a4fc0ed9a382af5292419
kyz1oqvKhlrRuTU_bXVI1qgTBQkB6FqPDJLRCm7WysU,950a965e87d927916004ff4ad1e0e3d3
l3RUA6WnT3ZgHcRQ26cTjxHwJhdd1CZhG52_CZR6k1I,79bacdc656eaf9daab6ccce2d20bb6ae
l3RUA6WnT3ZgHcRQ26cTjxHwJhdd1CZhG52_CZR6k1I,c8184690ed725b15efbdc848ffbc80d0
l5EVWtfrpHCHEhPFyIVQ4ukpQPaWTCD4A8xKKWVC_-0,ba8d24ffa2b813ec76d9033974cad284
l5EVWtfrpHCHEhPFyIVQ4ukpQPaWTCD4A8xKKWVC_-0,7f7d41f3bfabb27670c5f3bfeaec9aac
l5EVWtfrpHCHEhPFyIVQ4ukpQPaWTCD4A8xKKWVC_-0,33179cb807894506d27d82a94ffac0c9
l5EVWtfrpHCHEhPFyIVQ4ukpQPaWTCD4A8xKKWVC_-0,873e81d2206f06f9aaebede939433103
l5EVWtfrpHCHEhPFyIVQ4ukpQPaWTCD4A8xKKWVC_-0,def07b0a8b66f090c5ca0a0b52987cc0
l5EVWtfrpHCHEhPFyIVQ4ukpQPaWTCD4A8xKKWVC_-0,02e000919e1add9732acbd6c3e6c3d98
l5EVWtfrpHCHEhPFyIVQ4ukpQPaWTCD4A8xKKWVC_-0,402e3b1b926a7bb72c7eae24fa5fbb86
l5EVWtfrpHCHEhPFyIVQ4ukpQPaWTCD4A8xKKWVC_-0,06c9f3b7dbcc25dbd6a16b1703be3d1e
l5EVWtfrpHCHEhPFyIVQ4ukpQPaWTCD4A8xKKWVC_-0,c273f1ea316ea6b38086e455b06f4bd7
l6-GeBGVeOEiQXIVpFg1JdGUeQFiZmjSiDr0ThLKCFQ,7802c62ae2fbbf9e5fe2c1f7d0da9a8e
l6-GeBGVeOEiQXIVpFg1JdGUeQFiZmjSiDr0ThLKCFQ,d7e2e5b963f0952c90ec2805d4023429
l6-GeBGVeOEiQXIVpFg1JdGUeQFiZmjSiDr0ThLKCFQ,6e2e12eaee7fdfab59140a72d059d1dc
l6-GeBGVeOEiQXIVpFg1JdGUeQFiZmjSiDr0ThLKCFQ,f289af940056c076e7661b90cdbf5bf2
l6-GeBGVeOEiQXIVpFg1JdGUeQFiZmjSiDr0ThLKCFQ,435d224b3b8118a15bc2ca9b81080867
lLaKUu8T6XGcAi6D6SUxeHWcwyyaBqLr1ZV9QWhll-8,ca9c0da4b85e06616acdd47d3e013dc7
lLaKUu8T6XGcAi6D6SUxeHWcwyyaBqLr1ZV9QWhll-8,2b8dc6c5cf1a0a73ef5b8b8c9a0de065
lUxLaupdCSzNw8q4fe14GroR2HfT3VHUrsgXRzrxlTo,5389f7c6cf7a0756ccf171ba9fdceced
lWosDwk9v0WlDhLh-pvR_9YLzzzL9T3SmzEIt54NWpg,61116880ef75ff2803222709bca7e3bf
lYIW_RGcYd5D7RCfzAn0ZadwEJnbSCD8p-_uq8W4-8Q,5ad402a8c27b4707a0a73d05b44d983b
lcbLSCufzIJ9vFTUNBi49vnsYb84DQiJlrX1v6a2wqw,a11deaa2388f4fb625982b5a8f7e2875
llo3NTj2etefabjXxPXIDQOi885hqO0iww42r4iSggs,1bf848019fb401a89aaaf74183e09f6e
llo3NTj2etefabjXxPXIDQOi885hqO0iww42r4iSggs,978dcddb1bf89c1d69c165dea86157c6
loDW8BPQvxL-u20OmdRtorKTBUD3qagDBzTDsJvnZTs,1b125a2f40486780d696db34d2455d39
loDW8BPQvxL-u20OmdRtorKTBUD3qagDBzTDsJvnZTs,3ece5d608ae26ceda93fc9a9467dcd82
loDW8BPQvxL-u20OmdRtorKTBUD3qagDBzTDsJvnZTs,4087005bc3396000adbe263c171f0033
ls9fUnK1573pT7Fyf45tVpKpCusT2RsB8UyhMmloWSs,4564354ec974bdb6bbd11ed7e2b34356
ltfgjZ159mAtD6e8s-nXozz-iUWaVDJ0WrHt8ogs4aM,4cd2ae4c513318105b1069931fc8db7e
m2Z2lux39g4KvRFrEB5ZT93C6Z2l6ZiXUDnVqL3JDR0,9c69bd97f05f954548841a0a3c868578
m2Z2lux39g4KvRFrEB5ZT93C6Z2l6ZiXUDnVqL3JDR0,133df03d796cfc750816102cddde8758
m2Z2lux39g4KvRFrEB5ZT93C6Z2l6ZiXUDnVqL3JDR0,43a5c711a9fb426e3fe196b8496a29b4
mS42ublMqtTjVWM-sw8on9NbezTgnSeBQSqv7IXUOss,78136316c651157e8ab737714450d080
mTsjIVTuExMqDOs4rgUWzVrk_s-3Y2syQl4NyccrLbI,1f939c6717c3596df7cd13f2185c2675
me6W9DDi6oFf_-XnSWBG6DodoIp9UmCyc4sX73d9NUk,09dbaa3516f1c83387ee81521782fd8d
me6W9DDi6oFf_-XnSWBG6DodoIp9UmCyc4sX73d9NUk,a353085d29235e5e16ed657cf25dd547
me6W9DDi6oFf_-XnSWBG6DodoIp9UmCyc4sX73d9NUk,914ba574f1c37bb96ef05d057101d2d8
me6W9DDi6oFf_-XnSWBG6DodoIp9UmCyc4sX73d9NUk,81eff90ea13f1e9ce4e87a590a4ffa94
me6W9DDi6oFf_-XnSWBG6DodoIp9UmCyc4sX73d9NUk,51fafc34008524c12c95890a8fd00751
me6W9DDi6oFf_-XnSWBG6DodoIp9UmCyc4sX73d9NUk,84025dc8665f54a05c4fd9907e76a491
me6W9DDi6oFf_-XnSWBG6DodoIp9UmCyc4sX73d9NUk,6d96d3e807fd117228e058fc3a03e090
me6W9DDi6oFf_-XnSWBG6DodoIp9UmCyc4sX73d9NUk,4227c053ef7a696dfc19a1edd41b6e7d
me6W9DDi6oFf_-XnSWBG6DodoIp9UmCyc4sX73d9NUk,cf8400e79e936926a50f3bfd258dd431
me6W9DDi6oFf_-XnSWBG6DodoIp9UmCyc4sX73d9NUk,5432cc3d3840c6c422262da7525fa6cd
me6W9DDi6oFf_-XnSWBG6DodoIp9UmCyc4sX73d9NUk,aea597cdae628166225e281fce184902
me6W9DDi6oFf_-XnSWBG6DodoIp9UmCyc4sX73d9NUk,c0124a67ef63f56bef39351c40a15bb7
me6W9DDi6oFf_-XnSWBG6DodoIp9UmCyc4sX73d9NUk,08c91bdf0901111efbac55765a74b3a1
me6W9DDi6oFf_-XnSWBG6DodoIp9UmCyc4sX73d9NUk,bbbed2c9f6297249d280a1fff2bb7308
me6W9DDi6oFf_-XnSWBG6DodoIp9UmCyc4sX73d9NUk,8d57c3c288952165e019133e05ca2d29
me6W9DDi6oFf_-XnSWBG6DodoIp9UmCyc4sX73d9NUk,27c8182d442326ee0003f5765137fbc8
me6W9DDi6oFf_-XnSWBG6DodoIp9UmCyc4sX73d9NUk,3e03545d824a538bd7eb7a538d3e0d00
meW7irc04rTSjma1qnGWxm0czU9rn_s-d2g8j1DczZE,249b14d47cf14492021660079ab437cf
meW7irc04rTSjma1qnGWxm0czU9rn_s-d2g8j1DczZE,b0ee327b7c49b13442b237b7c8c022be
mggKD_qrTacSXiWfJBlKFW_9UubvJYtbeJVGPXz_ScE,3b8074767b050edf67f58ab6e82b8ea9
moSoucNK9FIMD5_Tg6E9GIyDO-hh_E7PZOgFMRoOu1w,d54caf752e5d31f4d8e0f3539f702635
moSoucNK9FIMD5_Tg6E9GIyDO-hh_E7PZOgFMRoOu1w,10ba82aaf4500f16221323092ca9c359
n-Is4aWHtDfGrZqpwWVO7YjFIZx2yEw2oyt9J8kCks4,0f4c8fe7d926935b07987b7c6c5ee24d
n-Is4aWHtDfGrZqpwWVO7YjFIZx2yEw2oyt9J8kCks4,e879df985cbb969634fa93dec85f02ae
nICeaDBtO_qgPeDvXMpKKieTd16GzfPSMb50AhP5828,864dfe11cbe419c296ae020cf4ebbdbb
nMMHWDost2iUl31BLvWh4NSJXHyJYOwmCtahSJmyiSI,2cd358cf241e1ee960a410317c83438c
nNupwm_XMGtXuPI0XoKClyBSW0F_x8ghtyggcx0P4Z0,8b5bb21706f2dcbe38d7832461f15f02
nNupwm_XMGtXuPI0XoKClyBSW0F_x8ghtyggcx0P4Z0,7605ab696aafda9b6ebd0525f7fb16db
nNupwm_XMGtXuPI0XoKClyBSW0F_x8ghtyggcx0P4Z0,7693ee563d93f4e1697bf7b9d8064499
nNupwm_XMGtXuPI0XoKClyBSW0F_x8ghtyggcx0P4Z0,0148f4b177b6d6e07ee086cd56a11675
nU_YrRd67Uyc4OjJ9yonyyfzsYLBPYVuQq3ACDVJJ-M,b618177e5cc76a83a5a681154811be7c
nZUlJ3oSfVH51kquU28D-F9NwL3UjnLsxtsY2y6qXts,20928391c996a66beca24fa7337f5ab7
nZUlJ3oSfVH51kquU28D-F9NwL3UjnLsxtsY2y6qXts,0acb9353f78e039dce9e39ebfd1d89f4
nby1eL0lqv5vd4YvP53ZyxxZIYlwHkES820Jiiz0opo,734a3e2c240e59e412d3263b009df11f
nby1eL0lqv5vd4YvP53ZyxxZIYlwHkES820Jiiz0opo,1bff2fbba1470173de437d40d37b1b4d
nby1eL0lqv5vd4YvP53ZyxxZIYlwHkES820Jiiz0opo,b97d74ccc35631d901d0e1a7b75795c1
nmwUdkQwCmcQiJyo6rrCHuV28ZxXdzKhtDLzrY831HQ,e69c957faefb3e6314e069a54f9dcf52
no9mEnb8NFxLiMBVByg8fUEehgDTcxNt4M7NPIi_gVw,712c99779f54caa20320093058f49e56
no9mEnb8NFxLiMBVByg8fUEehgDTcxNt4M7NPIi_gVw,b44dc08a88d5aaecc5b621a3f010488e
no9mEnb8NFxLiMBVByg8fUEehgDTcxNt4M7NPIi_gVw,fa6342686721e59a1213194d11e0c133
no9mEnb8NFxLiMBVByg8fUEehgDTcxNt4M7NPIi_gVw,12ae3baa284fc56b30fc094759e9f620
no9mEnb8NFxLiMBVByg8fUEehgDTcxNt4M7NPIi_gVw,e95528e367176ec103ca74cfc2961926
nz721hZrCwq7GrpohgBOLERaZ2oP-ABupauvqlS45fI,d65b2f4c99a4452f0fb3cf43c0a80bf4
nz721hZrCwq7GrpohgBOLERaZ2oP-ABupauvqlS45fI,96b03cb6f63acb5b070060c58f0cb373
nzXOIrME2nqNezEfWx5KEho04ts4yIAklDSTuurjdZ8,96e6f264a583307f9608c1a29c574b5c
o-_gWQyCnze7uTFo_sg8XmTniRktMdxB4P0EGtKaMY8,ad434d41d59ce73295d20859c6560e49
o7s58PUTsT5yQd8DXsSetqhtl2BHn-coxbDQIC4PKL0,dbac0bd1e48efdbb223d8998cfd92055
o8I7BC05vsyAYnyPOuAj4_XmXRQ9jB_gHDSlzU4zXUU,aff7709d50fe186dbb48c1682697c577
o8_091aPCfhmP8-DLu5nr5RXd-uGjUUZSX7Bqj-DcIA,e31420a6f87a32245df93e979f2a6d5c
oI_BOnigfzo5Jsd5owKqNQ1kATGsx3AM4knkcu9Uato,9f44336698b3019c26d76c12b78231a8
oI_BOnigfzo5Jsd5owKqNQ1kATGsx3AM4knkcu9Uato,812a4897faeb097e8c9bae225039af72
oI_BOnigfzo5Jsd5owKqNQ1kATGsx3AM4knkcu9Uato,2f756b9280a2c467e6ca809e0a0209ab
oI_BOnigfzo5Jsd5owKqNQ1kATGsx3AM4knkcu9Uato,e7187c97ec58d21057579fd4731ba2d4
oI_BOnigfzo5Jsd5owKqNQ1kATGsx3AM4knkcu9Uato,6a945ceaf4d58c1f8cb2a7591eac08f8
oI_BOnigfzo5Jsd5owKqNQ1kATGsx3AM4knkcu9Uato,8322926830d9ea5741ada2fa14ea4f09
oI_BOnigfzo5Jsd5owKqNQ1kATGsx3AM4knkcu9Uato,e703cadc126ffde95bd61ad10a675798
oI_BOnigfzo5Jsd5owKqNQ1kATGsx3AM4knkcu9Uato,36f1389ac295a860947d65c6335e196c
oI_BOnigfzo5Jsd5owKqNQ1kATGsx3AM4knkcu9Uato,263e8bcadd748fe6ff2dba45ab7e9793
oI_BOnigfzo5Jsd5owKqNQ1kATGsx3AM4knkcu9Uato,60f0ad55e58398ff58b10650230d7cbf
oI_BOnigfzo5Jsd5owKqNQ1kATGsx3AM4knkcu9Uato,2f361f547be5461be5e81566a5ca92fe
oSmR2EI7gSPSK6CMthxoVUFU3BJ93YaAMVnCF4EmSz8,bf410679d18a09e21aa78a4d474cd8af
oSmR2EI7gSPSK6CMthxoVUFU3BJ93YaAMVnCF4EmSz8,69ec31ea366aa8ce1e3bd893654c7ee2
oSmR2EI7gSPSK6CMthxoVUFU3BJ93YaAMVnCF4EmSz8,c1fef4c1f8ae3064230d1315e2d3df42
oSmR2EI7gSPSK6CMthxoVUFU3BJ93YaAMVnCF4EmSz8,b9437240d74793cef288c517b5be2288
oSmR2EI7gSPSK6CMthxoVUFU3BJ93YaAMVnCF4EmSz8,883e77c0d40717b580f5476e1b6b5932
oSmR2EI7gSPSK6CMthxoVUFU3BJ93YaAMVnCF4EmSz8,18740c39a6f7c3e1d29cb7e1a8e6fb72
oSmR2EI7gSPSK6CMthxoVUFU3BJ93YaAMVnCF4EmSz8,d8458d86e3a38b28d2e833c6e259ba8d
oSmR2EI7gSPSK6CMthxoVUFU3BJ93YaAMVnCF4EmSz8,4b94174855c743ed155d1b7361faa3db
oSmR2EI7gSPSK6CMthxoVUFU3BJ93YaAMVnCF4EmSz8,4aea6feafeca1b428fdf667a7f2b2780
oSmR2EI7gSPSK6CMthxoVUFU3BJ93YaAMVnCF4EmSz8,48616e6becce792d67939179b810f9f1
oSmR2EI7gSPSK6CMthxoVUFU3BJ93YaAMVnCF4EmSz8,25e0e69d4287270fe1a47e4c96f73808
oSmR2EI7gSPSK6CMthxoVUFU3BJ93YaAMVnCF4EmSz8,d5c256f7cee36a4efe8447562ce556ad
oSmR2EI7gSPSK6CMthxoVUFU3BJ93YaAMVnCF4EmSz8,aa85e7f6704b62a9599834955091e626
oSmR2EI7gSPSK6CMthxoVUFU3BJ93YaAMVnCF4EmSz8,d6008a8b4cc122bcb98d14963671480c
oSmR2EI7gSPSK6CMthxoVUFU3BJ93YaAMVnCF4EmSz8,1eb38b5cf9c190637a990fde83e8beae
oSmR2EI7gSPSK6CMthxoVUFU3BJ93YaAMVnCF4EmSz8,6298de5c8a843af5f9b12e0764f34b26
oSmR2EI7gSPSK6CMthxoVUFU3BJ93YaAMVnCF4EmSz8,9cd68e802cba03c7945ca51992130ff8
oSmR2EI7gSPSK6CMthxoVUFU3BJ93YaAMVnCF4EmSz8,ff6e1e19536b2e1dca1d56cba6db80f2
oSmR2EI7gSPSK6CMthxoVUFU3BJ93YaAMVnCF4EmSz8,17ab49aac77e4bfac237b272039ed6e9
oTn7L_Kt7bdAz045HTeD7Y2ttCliS8s4ZEbzic1Uj7g,ff74b0fc0c5ef4888c52e839e6d49767
oTn7L_Kt7bdAz045HTeD7Y2ttCliS8s4ZEbzic1Uj7g,9a694e08724321912e73b2b1be74bace
oUuBVZfCJazF-eHB_8vEqHuLJsp_EpzDzEM_ipglDEo,4d43f0c945ab8f093db84296506d244a
oUuBVZfCJazF-eHB_8vEqHuLJsp_EpzDzEM_ipglDEo,8cb03114f00c2377e4384293388d8821
oWFBFFV2dtIyJFBBpNkjkPQ5nQBChrUWbW6wxMrxYWE,9607a532fb5d89f6052b6a0d8936c31b
o_P4XZjstn1eM91yD9l-jZt4i4zQRxyWh2IjXFPvc3U,7e97d1a9d467f9bda9f45942d3f4e9f2
o_P4XZjstn1eM91yD9l-jZt4i4zQRxyWh2IjXFPvc3U,6f32114f6e65187e39ae16bb54f00d8c
oenot-0aaDdOZghQnGD7HJUBTM0mLIfdHyxN_IsrTCU,b7c366096e3cc1ff5c0e0f0007e8f865
okmi0_4jJE4x4oUzQGWqaUr7qAXVZmr0M0sWv-wRfCw,142ed957839a124f28f2605200565659
okmi0_4jJE4x4oUzQGWqaUr7qAXVZmr0M0sWv-wRfCw,822fa2e679fa7368f9efb6315420a953
okmi0_4jJE4x4oUzQGWqaUr7qAXVZmr0M0sWv-wRfCw,9b16fbbe417a35022ea1578278b1e96f
okmi0_4jJE4x4oUzQGWqaUr7qAXVZmr0M0sWv-wRfCw,918e8524b2c15eb229c83d408e8672e0
olebiZEFHBIYnjmdGYj2D11Xweg7woG3LoXZ3xeSfIA,05e3a51107defec6c8a217c041ac86a8
os8rca5LifuemvkzoB9-axuU67-vtctY_IUwtoC3oQY,21b0f862ac9c71d36877a5815de4a1ce
os8rca5LifuemvkzoB9-axuU67-vtctY_IUwtoC3oQY,1ca5b6e28ee4cb5eb07c70c75e19a662
os8rca5LifuemvkzoB9-axuU67-vtctY_IUwtoC3oQY,a2afdaa4a1831ef3861d6441a7cc7306
os8rca5LifuemvkzoB9-axuU67-vtctY_IUwtoC3oQY,fc60575ab411f15c68f53be33ba95e00
os8rca5LifuemvkzoB9-axuU67-vtctY_IUwtoC3oQY,f01f6b269fa9fac0373fd29400d62433
os8rca5LifuemvkzoB9-axuU67-vtctY_IUwtoC3oQY,2c5f88216743a80ecd498ae45b922fdf
os8rca5LifuemvkzoB9-axuU67-vtctY_IUwtoC3oQY,31f9f58a444078e6da4730bf29f1fec5
ovNyxkRrq34hkn8P45dbvUPCZg6t3Qb6Iphtrxeqd1Y,8fbf6efe694032a6fbecad4e18ef394d
ovnBSPqpMWFe7XvT7u5nWpfi6FqnMUN45JfWEPw5ieY,d168891dfee438533ff62c5c6c127576
oz15nKHCHoQdBfn6TI7s2hgG__qe6NVVjwNYEKf8uLU,7e838e113f74a6cb1f06812abf6c235e
p86gFKi4pupsfPfBKxQfGWFRh8bDdRQ7MFJFmDT9b6Y,a1352bbf48f6d35ecbac06c215b46ab4
p86gFKi4pupsfPfBKxQfGWFRh8bDdRQ7MFJFmDT9b6Y,3fa4317ae00b4b234e2711a60ed146c1
p86gFKi4pupsfPfBKxQfGWFRh8bDdRQ7MFJFmDT9b6Y,50ae5ce9ea9ca2d6ca8c5dd35ecd152e
p86gFKi4pupsfPfBKxQfGWFRh8bDdRQ7MFJFmDT9b6Y,b85d6d9738c6d48f11c27f1024322420
p86gFKi4pupsfPfBKxQfGWFRh8bDdRQ7MFJFmDT9b6Y,7f7882540166447296cd07ea7567d1cb
p86gFKi4pupsfPfBKxQfGWFRh8bDdRQ7MFJFmDT9b6Y,5d5e8b0e732d831913d421311ef1b8d0
p86gFKi4pupsfPfBKxQfGWFRh8bDdRQ7MFJFmDT9b6Y,c239e23595e2b36d16bacfd14a72ac53
p86gFKi4pupsfPfBKxQfGWFRh8bDdRQ7MFJFmDT9b6Y,45061db0de79d3de33e2762410ddc180
p9UBBzONdLw1-ebQJIVkn4mDOHLN0qQx1RnWnqksvu4,c238e45018997b38eb776d8c49457e86
pKRLPLEKQlOAYkS3cSoDzCvwIHDUu83thaeib6rgK9M,93e6caff534908869d90ed6aed28f011
pdXpp5PYFQJ7GLK53JO7ASvIMtofhcr8LJNqMCS4YWo,5b34434ce2e8741f3f733c19ee8f4771
pencMfrIHPxVhUCSU46MG-GTnQQ2Wi7TADySsumy80E,66d27b63576ca1188b6cc620417336ae
pgzn5uA5mmZ0azyffDXXtJb5jnJMN_NeZL3kbGoCnvw,bec6e0074438f0e8c049776ff1967331
pgzn5uA5mmZ0azyffDXXtJb5jnJMN_NeZL3kbGoCnvw,3894ee04187a35ddb058b67412d90ac0
pgzn5uA5mmZ0azyffDXXtJb5jnJMN_NeZL3kbGoCnvw,b57c66e50a39242fb57800794c0446f0
pgzn5uA5mmZ0azyffDXXtJb5jnJMN_NeZL3kbGoCnvw,22202b451fe8e2302e8b0b786e078cfc
pgzn5uA5mmZ0azyffDXXtJb5jnJMN_NeZL3kbGoCnvw,e35f778bc5d984918c67e6675dba4f0d
q68ers8KpX1SPgX0jbGF-cK0SOLGfikQ_tJlyhVGO_Y,08876890daf4c1f29b1df5b60157e92f
q68ers8KpX1SPgX0jbGF-cK0SOLGfikQ_tJlyhVGO_Y,ce8f1ee628e5af7c259429ea257f0ecb
q68ers8KpX1SPgX0jbGF-cK0SOLGfikQ_tJlyhVGO_Y,cf78f78f4237dc02e8135383fee2862e
q68ers8KpX1SPgX0jbGF-cK0SOLGfikQ_tJlyhVGO_Y,0ad3cd583e7ac4aa628c1b059f609041
q68ers8KpX1SPgX0jbGF-cK0SOLGfikQ_tJlyhVGO_Y,5ab32542a2fbc5bd994c587b7e9c48ea
q68ers8KpX1SPgX0jbGF-cK0SOLGfikQ_tJlyhVGO_Y,53c5e33627c476174ba36d17ff854cab
q68ers8KpX1SPgX0jbGF-cK0SOLGfikQ_tJlyhVGO_Y,779cb4ec1a250f390f6a068f530d9717
q68ers8KpX1SPgX0jbGF-cK0SOLGfikQ_tJlyhVGO_Y,082643cec8cc39f87efaa74268974022
q8H1M2ZEMD0L5qVG6bYCYULEM9nJ1AnGfSwVD3ZHqzY,598fb07b3831bbc265ed7d3deeb0d600
q8H1M2ZEMD0L5qVG6bYCYULEM9nJ1AnGfSwVD3ZHqzY,03d3d203a017940e72288f1163d68e99
qC0CjHxBS8YG9nJlbKCjTagOLAuGjeh88yhjMdpJTPk,669a04f3306fa841da98154cecf93735
qC0CjHxBS8YG9nJlbKCjTagOLAuGjeh88yhjMdpJTPk,8f3e12751d29dfc569857ae6c2ebf460
qKH6FInPqriy3flix8U2ftN-0-jcGKl24kiwk9ZTZwM,ad3f481969f36e63071d9df5391be58f
qO2JJJ3Ee8e_vihSLCUd_lLPfQfBkBsw3tFVMmy94MI,808eada13e547c28e8dd50a116fb2216
qO2JJJ3Ee8e_vihSLCUd_lLPfQfBkBsw3tFVMmy94MI,6ba249bed0dacdacdd8023f6a26d33f8
qO2JJJ3Ee8e_vihSLCUd_lLPfQfBkBsw3tFVMmy94MI,1f931543c0b97d40fde7669024ca0cb2
qO2JJJ3Ee8e_vihSLCUd_lLPfQfBkBsw3tFVMmy94MI,c24ba48864497e7c16acc2dc2d7e5616
qO2JJJ3Ee8e_vihSLCUd_lLPfQfBkBsw3tFVMmy94MI,cc3fa5a6b25d01dc947ce75ff761ca3a
qO2JJJ3Ee8e_vihSLCUd_lLPfQfBkBsw3tFVMmy94MI,32ccdd21fa4b026567af464a2b73bf80
qS2_LwZ498JjhCo8GH05WxJwGZ0obuoTjp3ZbGZEKWo,9ff107429200e864c7b616eec9692538
qZ7bhYR_ffKpcpSwBqoIIKCnWKb1wcGqnJaP-iBdGIY,ebd1e18de35eb6fe09c0043aad485e7b
qZ7bhYR_ffKpcpSwBqoIIKCnWKb1wcGqnJaP-iBdGIY,fd478b41e52cf8d034af0db2b8f9a157
qc3FfHbr8eUQpyG0rmJ-RY_9IBS_Y5HiPO6S5hmvdIY,6fccdbfde63fafd4484ffa0c480767db
qdsEw-Dvb_xmFa6q7s-GuqdxNzWLX7xR7e3PQfehp4o,a80809b42fd1328cd63692f2a1c07509
qep3n84aaCKasBgO2BeR31QM8ZpVgzLqezLOAO_k3tU,54d6140d2d9fa8b0d991cf8d8e198964
qep3n84aaCKasBgO2BeR31QM8ZpVgzLqezLOAO_k3tU,f36eaa5a5759b445fb5b474357f8dab6
qj0NOy4kSIpFvObGgE8skb1QToexAhxbWYMp1-UVgX8,95671418db4c9ed5a9e0a2df00881b78
qrVKaC58VtESle4b_JRoEpCYYt6Kmyooh4yY5RpFmkM,b2394e3a209f2c31f49c51f40a4aa023
qrVKaC58VtESle4b_JRoEpCYYt6Kmyooh4yY5RpFmkM,f0eee49c7fc15dc0a52cd96ae5c5c906
qrVKaC58VtESle4b_JRoEpCYYt6Kmyooh4yY5RpFmkM,bf6db5c51427441102e5ca917d58fec3
qrVKaC58VtESle4b_JRoEpCYYt6Kmyooh4yY5RpFmkM,aa2ad66a8821796baf2e2d818dd84002
qte7wJiIBIyLyRkpph7yIEKvsPSFXWsx1rKn4K4KNjk,d34cd65b0a082fdff1f136735c47c5ab
qte7wJiIBIyLyRkpph7yIEKvsPSFXWsx1rKn4K4KNjk,ac9c1b1d886fa3ae40ab63b84681d6af
r51xiWOSHi5mURV_03yspWiI8q1wvlXqwlVn88NNcb0,a3e92ba1768f55b8d816dde5722c7fe9
rFUJ4sAg0xJpMiKyCvjFG1t15y-fUlnBwpCJyti9lHU,9e7606cc03636770f86d05a2462f8fc7
rLy5q5GzDMlUYUv7CAo2X89t0qncU_-j15zxHuxCHoQ,23c10bf086e118139dad9251c2d543d7
rLy5q5GzDMlUYUv7CAo2X89t0qncU_-j15zxHuxCHoQ,9b63bd035785a87f3bd85a69219e6e68
rQEW2xANPRFnYpwxbKMqPRbLJhObWL6LuXKOnJQmaWw,7538a5acdb301fa0fa1c811c5fd6aef8
rbqXSO8r3ptq7WprPA1JX6__MhYsUVsfts58LQjoBfk,d817551f63814bc52f14f4a2c8ef181b
rbqXSO8r3ptq7WprPA1JX6__MhYsUVsfts58LQjoBfk,281f2252c7fd6cee0901cc084796a189
rbqXSO8r3ptq7WprPA1JX6__MhYsUVsfts58LQjoBfk,16d68eb3b241ce16e0d85f5a854b42be
rbqXSO8r3ptq7WprPA1JX6__MhYsUVsfts58LQjoBfk,15b89379a67371380bf6da2f21359b02
rbqXSO8r3ptq7WprPA1JX6__MhYsUVsfts58LQjoBfk,013f653fc8fe7e729e75b1f3c13eb9fa
rbqXSO8r3ptq7WprPA1JX6__MhYsUVsfts58LQjoBfk,e54d02096f7db5e46e4bfcc0b5cb6609
rbqXSO8r3ptq7WprPA1JX6__MhYsUVsfts58LQjoBfk,d41bc97e6b72b574eb8b9411ca527961
rbqXSO8r3ptq7WprPA1JX6__MhYsUVsfts58LQjoBfk,441e8a967b1cc95dcde34a4f57cfde1a
rhUrMSeO7Nb-lPQHSDizeYFdm1ZkYzFozoaL92zkAZ0,2682c8fa5f392434a7a135c0d54c70f4
ro7fbgrTpvIYxNOi6U2xNVTW0NgXJavWXzbY2gww5DE,4b1a29fdd80d76ce7d833fa799493bb5
rp_bxD01AdOZy0FS06mBgDSM5Dl6OnRh8IhfyUTeY04,ee2fa0b744b2e966f7b221a11b1220b9
rqtGE9A1rD3A4SmA9Yqwi30ipbXcpspJpBDoRyiBUR0,d545978101c02ee82d8ba743e88e1d07
rqtGE9A1rD3A4SmA9Yqwi30ipbXcpspJpBDoRyiBUR0,0a7a70f022269b970f5612044eacc221
rqtGE9A1rD3A4SmA9Yqwi30ipbXcpspJpBDoRyiBUR0,57b36f102a1ea061f1664ca56a2bdc85
rqtGE9A1rD3A4SmA9Yqwi30ipbXcpspJpBDoRyiBUR0,39503a3eae33724aab6f4f93ec168a37
rqtGE9A1rD3A4SmA9Yqwi30ipbXcpspJpBDoRyiBUR0,9ee9a630c949ec009e0b4d455c22cf35
rsEsfaP1dnCyh9yJzWRO0Ku08gXboR0XWeXMM2BiiGI,4355480848e2e2dc9bb366fc930a6a1d
rsEsfaP1dnCyh9yJzWRO0Ku08gXboR0XWeXMM2BiiGI,b8854056b60ff6394df854ae48552b61
rsEsfaP1dnCyh9yJzWRO0Ku08gXboR0XWeXMM2BiiGI,89948a37eb607fbca3485cb819a3e147
rsEsfaP1dnCyh9yJzWRO0Ku08gXboR0XWeXMM2BiiGI,2ab4437925e4e9f400d58f4153eb8990
rsEsfaP1dnCyh9yJzWRO0Ku08gXboR0XWeXMM2BiiGI,144e923bb743f8255c5cbc9731cfdd1b
rsEsfaP1dnCyh9yJzWRO0Ku08gXboR0XWeXMM2BiiGI,51ee7c7c39a12c637ae2520ad4ecba6d
rwNErR4KYZAKDumaBGC0fMvhVtJa46wtR7SNo1CmNew,d5559869ac5d31506ed54b1c78c50397
rwNErR4KYZAKDumaBGC0fMvhVtJa46wtR7SNo1CmNew,854f497ace993a662f74680c2ecfc3f8
s54yIZNewRa3lzGAm5m3geWsbCp6MKlTEJ-t5WEeY8k,7cf969a3b11e4ee940ba750740e719c2
s7ogioDf1U8mqqsD7r99clapeOQQfyr55h2X3ap3XJE,f0b9c262a809dc4326446d8f963250a8
sMKDTMq0K_2kq4Rm3JYEPP9XgLwkcLoEBSBREGgpWWI,166bddb7cab1d73d5296c48730b9e522
sMKDTMq0K_2kq4Rm3JYEPP9XgLwkcLoEBSBREGgpWWI,deaaf6fbc4d7ccd9feb6c8008fc6e71e
sMKDTMq0K_2kq4Rm3JYEPP9XgLwkcLoEBSBREGgpWWI,1f12dcde0e1932147c9f000f16133fbb
sMKDTMq0K_2kq4Rm3JYEPP9XgLwkcLoEBSBREGgpWWI,585db8d373bd979b4ecf8af1bbcf6cb5
sMKDTMq0K_2kq4Rm3JYEPP9XgLwkcLoEBSBREGgpWWI,5a201335500fd761dad3c76274fbd39f
sMKDTMq0K_2kq4Rm3JYEPP9XgLwkcLoEBSBREGgpWWI,e3fcb11590aa746a33af77d92c457fb0
sMKDTMq0K_2kq4Rm3JYEPP9XgLwkcLoEBSBREGgpWWI,4aabb1da4fd8da76f0d3eca53908aa35
sMKDTMq0K_2kq4Rm3JYEPP9XgLwkcLoEBSBREGgpWWI,da1e6e9c51021d9f178e0a9c75a9881e
sMKDTMq0K_2kq4Rm3JYEPP9XgLwkcLoEBSBREGgpWWI,1effcaf71f0d85c59fd0a853d0560abe
sMKDTMq0K_2kq4Rm3JYEPP9XgLwkcLoEBSBREGgpWWI,26572e5f1a2d59301a5a03ba8f4e516d
sMKDTMq0K_2kq4Rm3JYEPP9XgLwkcLoEBSBREGgpWWI,4f49f7e559c23981130ecd41b3c925f3
sMKDTMq0K_2kq4Rm3JYEPP9XgLwkcLoEBSBREGgpWWI,1409643a5b674e03303255560253299d
sMKDTMq0K_2kq4Rm3JYEPP9XgLwkcLoEBSBREGgpWWI,89c4cca1bd1f644ea97ba5ced53adde3
s_KuB0FTrJowaJCSsCAvl-4zKP_oPTv3VjKQlyXI1z4,dede75f78989952cae2fce116c5c2d7c
s_KuB0FTrJowaJCSsCAvl-4zKP_oPTv3VjKQlyXI1z4,236b7b5f06f0fd94f6c868efbbbfa1e8
s_KuB0FTrJowaJCSsCAvl-4zKP_oPTv3VjKQlyXI1z4,4d25e4d625b3b4bc370f74835851d095
sbQvj1s6jkDVhXgQ-r25lf6vvSl0TrHiz6OjVrWpd9g,27ebb7968b351793cc1058cb23943346
sm5DOefQNnBRCVEsUVAvSZyhkEMTrcTwh3hFc2m8v0s,756cf2c1632166362ff547abf08b23b3
soXWSXWzuNg6DNTf3hkD4MDkxGtFx-78TcSQW-9HcC8,4a67f6d78057ed54b559c44ff8aa1b3a
soXWSXWzuNg6DNTf3hkD4MDkxGtFx-78TcSQW-9HcC8,8c130161956ff1e182269ae32bc0d330
soXWSXWzuNg6DNTf3hkD4MDkxGtFx-78TcSQW-9HcC8,cc9d13670c04bf68e40a4d6980948bdb
soXWSXWzuNg6DNTf3hkD4MDkxGtFx-78TcSQW-9HcC8,fb701b9d8fb58b46465e7598958f1094
soXWSXWzuNg6DNTf3hkD4MDkxGtFx-78TcSQW-9HcC8,1a92725b8acf0d9fdf797c80a5d10602
soXWSXWzuNg6DNTf3hkD4MDkxGtFx-78TcSQW-9HcC8,7bb41f35ec94f24b37d211ee731f01b8
soXWSXWzuNg6DNTf3hkD4MDkxGtFx-78TcSQW-9HcC8,7f8d3f987338edcc806a481a39b5b644
soXWSXWzuNg6DNTf3hkD4MDkxGtFx-78TcSQW-9HcC8,50b5867ae631155b7957cc23d5f1ecb3
soXWSXWzuNg6DNTf3hkD4MDkxGtFx-78TcSQW-9HcC8,f59dc044a035d954f0c94ff1a9c7c653
soXWSXWzuNg6DNTf3hkD4MDkxGtFx-78TcSQW-9HcC8,ced06167796614f1791952918de98956
soXWSXWzuNg6DNTf3hkD4MDkxGtFx-78TcSQW-9HcC8,c1a2d9143fc91f28632763a3eadc614e
soXWSXWzuNg6DNTf3hkD4MDkxGtFx-78TcSQW-9HcC8,7054789847f0a22012bebe3d0356971b
soXWSXWzuNg6DNTf3hkD4MDkxGtFx-78TcSQW-9HcC8,62f3e2afd199988755b5095645adb95b
srU1eubj5ULw4Y7MtBKwsu2tWtaUfME6nFF6iczt9hM,618d12dca61ed93add8f4800aca93cbe
szjnIheGm31ZBT1qQVdtNiD8j9DEbpXX49lUJGGoy70,b8e596fb8eec0215543bad6746b10060
szjnIheGm31ZBT1qQVdtNiD8j9DEbpXX49lUJGGoy70,eb872d14a3a67439cff4cdd0d86b41c0
tKHi87qSvJrSlso55catxSZkeH2nTfQJ-omJ_79mJJ0,3092c9d013ca07cdf8e3d265e53d477a
tQF4H5bqlHtSHmmClQxq0JkZ1Rom7piv5U_OutDWA5c,87ad1e8f985292c263f95bb9771e70a8
taY0el3_XhjW7ijwqSr1qz5BLr32IGP4RnWVV54M6mw,3797f98fe3a54d73745ae3952bf7e146
tb08T2fxSToJ6i-7Xh8ezs1aDkWoYFOOSqqI7AVSUQU,7f5e3610de05af434e3c39e3d4b640aa
tb08T2fxSToJ6i-7Xh8ezs1aDkWoYFOOSqqI7AVSUQU,3eeb7f8da12bf3121030d299b8a12d24
tb08T2fxSToJ6i-7Xh8ezs1aDkWoYFOOSqqI7AVSUQU,8297bed551718a2ad250739808332fe8
tb08T2fxSToJ6i-7Xh8ezs1aDkWoYFOOSqqI7AVSUQU,4277d6cb5aa8a0195218a56bbe323c1b
tb08T2fxSToJ6i-7Xh8ezs1aDkWoYFOOSqqI7AVSUQU,b5a74a706f853f7ba39918badb625abf
tb08T2fxSToJ6i-7Xh8ezs1aDkWoYFOOSqqI7AVSUQU,6cc7cce37d054b32a19b8b4c837d141b
tb08T2fxSToJ6i-7Xh8ezs1aDkWoYFOOSqqI7AVSUQU,446eb49b93a4d4998f22b31eecfc060d
tb08T2fxSToJ6i-7Xh8ezs1aDkWoYFOOSqqI7AVSUQU,fa9c5d62ef28bdc6668b1c610af5257d
tb08T2fxSToJ6i-7Xh8ezs1aDkWoYFOOSqqI7AVSUQU,b69448066c906250feb8550273055c17
tb08T2fxSToJ6i-7Xh8ezs1aDkWoYFOOSqqI7AVSUQU,7a1304769124bdae0deb46eb12e92a3a
tb08T2fxSToJ6i-7Xh8ezs1aDkWoYFOOSqqI7AVSUQU,e3382d646873a7f2a7109b8a21dec4dc
thTDLlx0MuTg3IqWfgAJQPPWksOt-6n3bnTpjJiuUrg,40d68ccced48ca8e7f9cf6a64314c1e6
thTDLlx0MuTg3IqWfgAJQPPWksOt-6n3bnTpjJiuUrg,461ccc5c2d32d46b756fbcc7a9449dd2
tkPLFpLLTXN1pQHJLlKRp9ei3qB-rlFviG-8NlZux6c,b112f0c3f153a43ab55192170b03112a
tnzCZ2q_Aej8gIWj11YPJLlkCDOEqmDvuLwqyliQL4A,120a5f9ffc24ae4d1ec89f6d82b9c833
txX1Tky6J40Ji5FT5YmG2djk7o5r_LxjNrosBNqKwso,65c2ece67ae955e9e57b92c5f3b83274
tyn9j47LY8cGgO8IP8uP1Vm5Fl6erJ8NlugiCYYaIps,c88a6f836c653773b66d66cafefcc887
tyn9j47LY8cGgO8IP8uP1Vm5Fl6erJ8NlugiCYYaIps,763d330fdded440cc41faf2b99f27072
tyssJGCMBYb9oc9HA0srm3Wn-pmvkuZcYOwGJZ-QTxU,961ffc7228c1a15ea276f48ce0582c14
u-19n5ZqWqhr06xLR-DOLpXuTZ45cUnyQKTNCI5HuYk,3db4285726b1a58c8d74b0180fb2e53b
u-19n5ZqWqhr06xLR-DOLpXuTZ45cUnyQKTNCI5HuYk,c1c5f71b5d5825f513d726f3c04b29f7
u2VX_rR-b9Ygp5ToLLA8grPCNIFtLlV7lY34UmeWmAs,6fd66b2a25ac0f7db2097af5c3bee4e2
u2VX_rR-b9Ygp5ToLLA8grPCNIFtLlV7lY34UmeWmAs,6307dd477550833fd164f16530491382
u2VX_rR-b9Ygp5ToLLA8grPCNIFtLlV7lY34UmeWmAs,0bb817bd90fe6905706c34a7929e991c
u2VX_rR-b9Ygp5ToLLA8grPCNIFtLlV7lY34UmeWmAs,6ceb7397df68aaccf5b8fa9f27b2f54d
u2VX_rR-b9Ygp5ToLLA8grPCNIFtLlV7lY34UmeWmAs,b2a3d658c06cdab6e6061df7d19723d6
u2VX_rR-b9Ygp5ToLLA8grPCNIFtLlV7lY34UmeWmAs,3b355c3156e614c39cef1fa25b882e81
u2VX_rR-b9Ygp5ToLLA8grPCNIFtLlV7lY34UmeWmAs,0d7fc1d684010e23a96bd392a6f24160
u2VX_rR-b9Ygp5ToLLA8grPCNIFtLlV7lY34UmeWmAs,5c2b0901f80a7265dfab320a86162b93
u2VX_rR-b9Ygp5ToLLA8grPCNIFtLlV7lY34UmeWmAs,43e97fcc024569b60f40032bc33b3d24
uAOOOjHPJ3RXlBmGW_om8GdJtFFic0Iz8IdGGMtit7w,42273147bdfef69dd83c8bcc85c992eb
uS4Nlsd6VQjC_MbPDR76MiYZCfgKQsrZG_UwbKzH20A,615594461bb9f4b1cef1723af920ebb9
uXi436Vjox-vnD9lTjC-PjqqrwtRzTOmhLa4bhkuljg,80a07352375969f7f2ea4e57174a514c
uXi436Vjox-vnD9lTjC-PjqqrwtRzTOmhLa4bhkuljg,ac13d244fac6de0237893c980da66ad4
uXi436Vjox-vnD9lTjC-PjqqrwtRzTOmhLa4bhkuljg,3c44f056dbba9c961b6f4a14f295762e
uXi436Vjox-vnD9lTjC-PjqqrwtRzTOmhLa4bhkuljg,a38ece2df074af6ce85d1f7f0e65d9ec
uXi436Vjox-vnD9lTjC-PjqqrwtRzTOmhLa4bhkuljg,1ffb515f2a2d3a4e94d50b5b9c59d17f
uXi436Vjox-vnD9lTjC-PjqqrwtRzTOmhLa4bhkuljg,21f26cd791f3d11bf7ce4dbfd51f18fd
uc-v1U8HMj6nz2aVav24MAHM1D6plrOqyrGqpU7EfTs,c24199fab682e8a7927f1289651e5cb4
uc1Re61ht1q4VOQ-3zxfqpcHB5S6a9Xv5Sba5zlfCus,aee18dbe17075f29fbba75803f6b0e9a
uhpH2ejZMnSrQig1lYQYnAR1oADqLRP4gk1gxc7uUVg,3ad4ce877767f885eeae18a3378c2569
uicBrPyYRi1_A7BeIUg6-tDnn2xFKcLQ1QNKXW341-M,5fcf60938e2a69fa47eb66aaae34acd1
uk-CtxwNfL2uxYjW-QCuXNC66fHWCTOCB8AmchLLHZk,751320b7bdad9b0d7df363070d5fe13e
un8lHY8pzv7e8SOSo44QLNdPD_PcMp_hHnBEvkCNALg,66e2d20007eacf10b499bf7894bd0881
upa6foQNb8RjG3rcyAiG0Np9ls0JeJ_nBr0CRoL6I5g,53bda9184b57ee0ca702b988e40d8a23
upa6foQNb8RjG3rcyAiG0Np9ls0JeJ_nBr0CRoL6I5g,2186de274808b8190f025a4d48e7f692
upa6foQNb8RjG3rcyAiG0Np9ls0JeJ_nBr0CRoL6I5g,1afcd82fb8d33d0b89980144202ad496
upa6foQNb8RjG3rcyAiG0Np9ls0JeJ_nBr0CRoL6I5g,3211b2ae2e2c9a2f75f03e2696091e2a
upa6foQNb8RjG3rcyAiG0Np9ls0JeJ_nBr0CRoL6I5g,90aba7999360a3911684542c0351cdab
upa6foQNb8RjG3rcyAiG0Np9ls0JeJ_nBr0CRoL6I5g,1c4b3c3a171568b29350d806b1205555
upa6foQNb8RjG3rcyAiG0Np9ls0JeJ_nBr0CRoL6I5g,0d881f6dc8c93ba2685897cf83ca098a
upa6foQNb8RjG3rcyAiG0Np9ls0JeJ_nBr0CRoL6I5g,91cf5bb73286383b66b74c87cb7dc5fb
upa6foQNb8RjG3rcyAiG0Np9ls0JeJ_nBr0CRoL6I5g,16949a9df1bf2247a085cc6dcbe4e3a8
uq4DCL_ezHJURMKCNyYgyF1N2J36sYaBy-zQsrYfIhA,8e20e825b81175073fcd064fb560c65a
uq4DCL_ezHJURMKCNyYgyF1N2J36sYaBy-zQsrYfIhA,2e9f0f3566a215bbdbcbee79b4aeb61a
uq4DCL_ezHJURMKCNyYgyF1N2J36sYaBy-zQsrYfIhA,fcf36aab2e72f4cdd06a5b7469ff550e
uq4DCL_ezHJURMKCNyYgyF1N2J36sYaBy-zQsrYfIhA,3e01c55f543cb5b27ca289cff6be5470
uq4DCL_ezHJURMKCNyYgyF1N2J36sYaBy-zQsrYfIhA,b9e81b2c25162af6e235a98e260980e8
uq4DCL_ezHJURMKCNyYgyF1N2J36sYaBy-zQsrYfIhA,1cafbf5b8b266fe484cd5476f2ee8325
v1iwkawHa_mvcyShDuvDxHmLngn9qbkak_27bN022NA,d5f6e36d79a8f265351d9aaae8065414
v1iwkawHa_mvcyShDuvDxHmLngn9qbkak_27bN022NA,b87ad09d0891ee57a3680833219a75f7
v1iwkawHa_mvcyShDuvDxHmLngn9qbkak_27bN022NA,d786a400e3fdcc559ffbcf566a918e08
v1iwkawHa_mvcyShDuvDxHmLngn9qbkak_27bN022NA,4594ade43eafdbad2dc4b953e82a14aa
v1iwkawHa_mvcyShDuvDxHmLngn9qbkak_27bN022NA,7a61daacf9fcfacd0c5b705e0d03531b
v3PCZT6uKPNea1CY7sdEt32T9eMiuouaGXUx1nwp134,28060444093743f19ef83684e902f945
v82IZNN3sKt0SWeSUQM7c4TOAsem_w9oplTgAyvo6qg,bdd9b7ec9a91d6a2b831055f7f65f066
vHjdwaRY5naOAXKux5fSUNFfUgRqIqfRUXY8v35nVaU,9e1960eb637dfe7a5e5c9d7a10ab650d
vHjdwaRY5naOAXKux5fSUNFfUgRqIqfRUXY8v35nVaU,c6d4e5838754f4b56c5d9b51b11d5c0f
vHjdwaRY5naOAXKux5fSUNFfUgRqIqfRUXY8v35nVaU,b09c66a54bd27e9a2d28f3ffe3cf77e8
vHjdwaRY5naOAXKux5fSUNFfUgRqIqfRUXY8v35nVaU,bae2c30d2115afece65509eb8a8413a4
vHjdwaRY5naOAXKux5fSUNFfUgRqIqfRUXY8v35nVaU,f16671fc380d3391395fc0f9cfc551a4
vHjdwaRY5naOAXKux5fSUNFfUgRqIqfRUXY8v35nVaU,d43ff16acfe508e54dccb61bdaf90782
vHjdwaRY5naOAXKux5fSUNFfUgRqIqfRUXY8v35nVaU,6c8e5e9032388b57014cec0f0b997b7c
vHjdwaRY5naOAXKux5fSUNFfUgRqIqfRUXY8v35nVaU,344223cb6001844ab4863a82860909b4
vHjdwaRY5naOAXKux5fSUNFfUgRqIqfRUXY8v35nVaU,f29fad445ccff4cff60d76a5578b385a
vHjdwaRY5naOAXKux5fSUNFfUgRqIqfRUXY8v35nVaU,ad0e654c930a8d9ef25e41fa2fb38012
vHjdwaRY5naOAXKux5fSUNFfUgRqIqfRUXY8v35nVaU,d17b4bfb48f0a92a7d9ac1db08eca016
vHjdwaRY5naOAXKux5fSUNFfUgRqIqfRUXY8v35nVaU,86c31e6891f6beeb1c19ac3f0047d834
vHjdwaRY5naOAXKux5fSUNFfUgRqIqfRUXY8v35nVaU,4021688c174d080e11be08f2783b7cd7
vHjdwaRY5naOAXKux5fSUNFfUgRqIqfRUXY8v35nVaU,a3cfb5f8f61d906006bf16a64902c75e
vK1-RUhICFZPQ66-rt3Ee3pOShmpzuq2ubSV1I_hdio,f7ed1c4f124da4b91de6ee7d8bf54a2c
vMhSzosefiIYlQfyz1333UaP8cQszXJlLOgMkb5EEwA,90528b184bce7db8b0c42e2d9a3e8c91
vNlwWGtfiLjEZWc0BgWoeM6Bcbr6ZtdORMQSCuEovfI,9145a2369c84cf86fa4989d0dcb92313
vNlwWGtfiLjEZWc0BgWoeM6Bcbr6ZtdORMQSCuEovfI,6d10659246323e375d3e14fc529fe906
vNlwWGtfiLjEZWc0BgWoeM6Bcbr6ZtdORMQSCuEovfI,7192e6993fc680562a381a1e5ddf2560
vNlwWGtfiLjEZWc0BgWoeM6Bcbr6ZtdORMQSCuEovfI,e6617e61170d4bff18c83e45a7c30c6a
vP1Sh-jJNg7AjHabR7sf1WRlUEiFa-Gke4hTuQkzhmQ,5dd8cf32f3f13b1860287c2e71b313fe
vP1Sh-jJNg7AjHabR7sf1WRlUEiFa-Gke4hTuQkzhmQ,fd6aae7c1756cb5b492a4466e380d782
vP1Sh-jJNg7AjHabR7sf1WRlUEiFa-Gke4hTuQkzhmQ,78a94ae3f63e6cf62bfc3674ab4b929d
vP1Sh-jJNg7AjHabR7sf1WRlUEiFa-Gke4hTuQkzhmQ,e592747204dfb249e6833448ced848b2
vP1Sh-jJNg7AjHabR7sf1WRlUEiFa-Gke4hTuQkzhmQ,42139e5985c30faffb9f5d944668d910
vP1Sh-jJNg7AjHabR7sf1WRlUEiFa-Gke4hTuQkzhmQ,d254c4a80fc3149acfced0f0d2c1a469
vP1Sh-jJNg7AjHabR7sf1WRlUEiFa-Gke4hTuQkzhmQ,04016043ca2efd75939a0d7d65c6d99d
vP1Sh-jJNg7AjHabR7sf1WRlUEiFa-Gke4hTuQkzhmQ,fb3a1e7f4adf41085cd58497a80edb22
vP1Sh-jJNg7AjHabR7sf1WRlUEiFa-Gke4hTuQkzhmQ,2318be67aed8489914fd5c4cd8695af6
vP1Sh-jJNg7AjHabR7sf1WRlUEiFa-Gke4hTuQkzhmQ,b05392bef32d19da7fc7dfd298b8a980
vP1Sh-jJNg7AjHabR7sf1WRlUEiFa-Gke4hTuQkzhmQ,72f61faabb13442f4c397e2be0e4fd7e
vP1Sh-jJNg7AjHabR7sf1WRlUEiFa-Gke4hTuQkzhmQ,5c9f13c7323bb992be80f6a3949ffd59
vP1Sh-jJNg7AjHabR7sf1WRlUEiFa-Gke4hTuQkzhmQ,1a2bbdb164468cdae81ba230edebcd54
vPGGI_Lz5wep4ejoZaE88tytVmP1T_qOEZNtcjmxwT4,880364ce015e81ab5a2e468a71cb632a
vbZZsZ3TYtTI253SiLaYLGYn-BT6NSlnN-B60PQzdHw,b92b6a00ccb5fff3a2dc99765355190d
vbZZsZ3TYtTI253SiLaYLGYn-BT6NSlnN-B60PQzdHw,6a57be01ebe6347e7484799d0146bbb7
w4QLak14sViFntYhExx0tM4wy1u7Gp2VWqSbHOgO_Zc,26bac8deb440c306dff24b149e91c3e3
w4QLak14sViFntYhExx0tM4wy1u7Gp2VWqSbHOgO_Zc,44dc6359db540f75164e71382b21098c
w76W76Ab73IGN31Vw6kDRj-8VR_KOJsTO-UW1jFFRZM,96f669d93177e1db0707a23c38753490
wI9uiIebpGwG8SPPz4OvQbeNmnjoo9usVaFVBmE77KQ,44e8117ee268e34103fc36ff527ac7e6
wJ6EIiaq6fF357kTbqLVwrFTMl8jXk0rjW4MUbmJDX0,e5223566d1430688be92cd9318e35c83
wo1RxJr9GOOIJx-_rCq-eYHvTzhqR4QfEtxMqNiXSGo,d7b2b7659ab29b907ee531c69afd0303
wsh4PsTD-ZDGz0KGlgGwVpROjGkHUQhaNcHVMhPH2fw,677092e97dec6bc0998b6b9ddba46c8d
wutFWbhih-orG3VCpSMZt-I-xZoTqfsFuJUDON0YUlE,52ecd2ed6a5ab2adec2f080e2e30b1e5
wwRfbgJAoL-ClUneDMns80rl281NIQN8Vbg9gKbz68w,25b2be745e4302510be3c7db86fc58cd
wwRfbgJAoL-ClUneDMns80rl281NIQN8Vbg9gKbz68w,bbace2092ccec73b9733679b734c490a
wwRfbgJAoL-ClUneDMns80rl281NIQN8Vbg9gKbz68w,535ce3a250ea4c27fbe97e4bc165a125
wwRfbgJAoL-ClUneDMns80rl281NIQN8Vbg9gKbz68w,6996e6ef198179b867d532a9f7198188
wwRfbgJAoL-ClUneDMns80rl281NIQN8Vbg9gKbz68w,53c4ea70f7b8862ed2dfb4dd856eb2ea
wwRfbgJAoL-ClUneDMns80rl281NIQN8Vbg9gKbz68w,1bbbd77e455ba8862dac518b279af222
wwRfbgJAoL-ClUneDMns80rl281NIQN8Vbg9gKbz68w,e5e1e9a5151d58afebcc65eb4b6fe8bb
wwRfbgJAoL-ClUneDMns80rl281NIQN8Vbg9gKbz68w,1972f6cbd70f5869b325dbcceb811343
wwRfbgJAoL-ClUneDMns80rl281NIQN8Vbg9gKbz68w,ef8a3bc2dea359b1b986f4a123dba874
wwRfbgJAoL-ClUneDMns80rl281NIQN8Vbg9gKbz68w,aa6eb86082cc25a13972c12cb4e43100
wwRfbgJAoL-ClUneDMns80rl281NIQN8Vbg9gKbz68w,cbbe48668f9200c509db46fb78a22235
wwRfbgJAoL-ClUneDMns80rl281NIQN8Vbg9gKbz68w,54ec99e7a8cdfcb02808a450050f1c7c
wyo56gHJyQO26BfciyAHy7U9Tx2QnhxCIv0tK_rDou4,a01199d06ba7c6bb3a585be1081b4bc8
wzelHnijeJR7FMP8UAwRHF40JQ-Z9EWkpHSa5MgxcPU,5d6487eccaf6845e69ded7fdeab06a88
x1f2s_UJaYPGwtUbwUWwA_KRu6TkqUbomKd-l04lF2M,abedb039b5b2e1b811a87181cbbb7bc9
x1f2s_UJaYPGwtUbwUWwA_KRu6TkqUbomKd-l04lF2M,e1c38d05ced3179b7fc05c43de47006c
x1f2s_UJaYPGwtUbwUWwA_KRu6TkqUbomKd-l04lF2M,b062e18dd39c0d71998958e8755b37ba
x1f2s_UJaYPGwtUbwUWwA_KRu6TkqUbomKd-l04lF2M,76d7ca877b2660c959fc8951bf4211f3
x1f2s_UJaYPGwtUbwUWwA_KRu6TkqUbomKd-l04lF2M,7960a910e7bdbe305e18e41f5552451f
x1f2s_UJaYPGwtUbwUWwA_KRu6TkqUbomKd-l04lF2M,4b54419875b02f268f668d8212ecccd1
x9ThblNEs0d1SG65yjmPYY_sX3fjXL4C2XO5HI-dkP0,6e92c4e31a1c1e427557a3c562bc6911
xqSrD3kKSH0jt-tGr4oooGvGQfZkbplgahtlxiuWCIo,81e1aed508ce18bc9555bcbc8e618bd0
xqSrD3kKSH0jt-tGr4oooGvGQfZkbplgahtlxiuWCIo,415bbaee705035d3a37b9867ead72d9d
xrH6w3yGFfb_NKebLBvPplwbxT6R0LVLf5541a4hfN4,74f64bd2248fa2f4deac172f7083adbe
xrH6w3yGFfb_NKebLBvPplwbxT6R0LVLf5541a4hfN4,9f489a3fa61dac1dfb0134bb03330ec5
xrH6w3yGFfb_NKebLBvPplwbxT6R0LVLf5541a4hfN4,9e2cc33b847333e096e5e2803d8dfbeb
xrH6w3yGFfb_NKebLBvPplwbxT6R0LVLf5541a4hfN4,378bc01ae73112616c7e6f3b7a8ebccd
xrH6w3yGFfb_NKebLBvPplwbxT6R0LVLf5541a4hfN4,399f4de93c25b2da560b94d49fe9021d
xrH6w3yGFfb_NKebLBvPplwbxT6R0LVLf5541a4hfN4,1235fb331d6771d979eca359617b4560
xrH6w3yGFfb_NKebLBvPplwbxT6R0LVLf5541a4hfN4,2d90df89c9c4cc4df50671fe77f93ce8
xrH6w3yGFfb_NKebLBvPplwbxT6R0LVLf5541a4hfN4,f171e7dd7f60f66defe6eb7d525028a0
xrH6w3yGFfb_NKebLBvPplwbxT6R0LVLf5541a4hfN4,cf201074d0f1d7027f9e1cfd58dc60c9
xrH6w3yGFfb_NKebLBvPplwbxT6R0LVLf5541a4hfN4,4197aa37cb98005ec1de77bc3b97339f
y32dEeA-iZr8Pt91kD30sOJRmugAdCm-jzF6aHYt_oE,f5af66df9bc6fdcee20f66d39fcca153
y32dEeA-iZr8Pt91kD30sOJRmugAdCm-jzF6aHYt_oE,34d8545b149dddf6d613201d89e86560
y32dEeA-iZr8Pt91kD30sOJRmugAdCm-jzF6aHYt_oE,0b76b03034f0774b7d6569395164f124
y32dEeA-iZr8Pt91kD30sOJRmugAdCm-jzF6aHYt_oE,3b23cd655bd47090619c2211ca11966a
y32dEeA-iZr8Pt91kD30sOJRmugAdCm-jzF6aHYt_oE,4a7a5d2dbd250b7b715c18ca4952c09e
y32dEeA-iZr8Pt91kD30sOJRmugAdCm-jzF6aHYt_oE,ccbb4daf6961eeb7234809cf843a6f17
y32dEeA-iZr8Pt91kD30sOJRmugAdCm-jzF6aHYt_oE,3cb7663efe8d41c8338a2441bfd277d1
y32dEeA-iZr8Pt91kD30sOJRmugAdCm-jzF6aHYt_oE,3fda715a1d3c019a0b52b545de9e625f
y32dEeA-iZr8Pt91kD30sOJRmugAdCm-jzF6aHYt_oE,b4bb44e79b55804833cbc8d8816e10ba
y32dEeA-iZr8Pt91kD30sOJRmugAdCm-jzF6aHYt_oE,42a5cf8a323ae4e4dde5b3290844bbde
y7hSR5UpX8vKoYm6nR5r0qusD8pl-sTK-O7owV0VIPM,15d5ed6db9d46961ddbb7ed3352db333
yDKNHjVVLnOxD_oBdXqQW1d9SwZDDiKn-VdTJGev_T0,932487de838861c4b1e132858f732bf6
yDKNHjVVLnOxD_oBdXqQW1d9SwZDDiKn-VdTJGev_T0,e6a155c2f5bd35135a6c994c56157df5
yDKNHjVVLnOxD_oBdXqQW1d9SwZDDiKn-VdTJGev_T0,19386eeb0b174cd7dff1203add3dbadf
yG8urEXMQwYxRedKdQ0PzhAnG6wRRQ3Qhkcivj4uxSo,78bd87141c24819e2ca35a5cff8acc6f
yI3ggbDDMGbpyUyqLMB2ESSttV7sTcq4Q3sljzli3-w,0182acba9ce97abb60387d37023856bc
yI3ggbDDMGbpyUyqLMB2ESSttV7sTcq4Q3sljzli3-w,4d747529dc21ca00fcddef7a0a8391ac
yI3ggbDDMGbpyUyqLMB2ESSttV7sTcq4Q3sljzli3-w,2fd1c22ee6aa72aa2417c1b53861543d
yI3ggbDDMGbpyUyqLMB2ESSttV7sTcq4Q3sljzli3-w,7ffad8c80b48bcc54fcac74503cbbbca
yI3ggbDDMGbpyUyqLMB2ESSttV7sTcq4Q3sljzli3-w,07a701d17c0a7d71554e2739fec0689b
yI3ggbDDMGbpyUyqLMB2ESSttV7sTcq4Q3sljzli3-w,d02c143e6a62ce6fb9a4fd195fb3d2c3
yNUzyGgE8w454leAPUJyfK-QivWU01bhmGRzYivMA_0,556c1bc2198e305129429054159d6391
yNUzyGgE8w454leAPUJyfK-QivWU01bhmGRzYivMA_0,e3de0acc4b0c81f77717c5882759a93a
yNUzyGgE8w454leAPUJyfK-QivWU01bhmGRzYivMA_0,87af5a7f3fb82c8536de433683b970b2
yNUzyGgE8w454leAPUJyfK-QivWU01bhmGRzYivMA_0,f4295f12eca28e70ac4ae1a3e285ac72
yNUzyGgE8w454leAPUJyfK-QivWU01bhmGRzYivMA_0,34169bfdaf69bcffab6ae867f4f534d7
yNUzyGgE8w454leAPUJyfK-QivWU01bhmGRzYivMA_0,ffcb03ed7f6ea452648ebbac08024477
yNUzyGgE8w454leAPUJyfK-QivWU01bhmGRzYivMA_0,7cf8754e70c9b6cf36cea1f8777eef33
yNUzyGgE8w454leAPUJyfK-QivWU01bhmGRzYivMA_0,04dbf7b7e587a4b2a900b81c0520931b
yNUzyGgE8w454leAPUJyfK-QivWU01bhmGRzYivMA_0,ec2aabd61bb0c5a14f7936dcdff561d4
yNUzyGgE8w454leAPUJyfK-QivWU01bhmGRzYivMA_0,c1f2f520722f926e4c7ed15eb884acf8
yNUzyGgE8w454leAPUJyfK-QivWU01bhmGRzYivMA_0,e37d04e33bc1428518d15cfb46539e17
yUrfQDl6hedEUzSVmkWyRNjuuQUiNhjZlcAY9t-kWI4,85d854073dac0ef7ca3c197dfa2de627
yUrfQDl6hedEUzSVmkWyRNjuuQUiNhjZlcAY9t-kWI4,d3f567c8a75365a49dbc0659685a31e9
yUrfQDl6hedEUzSVmkWyRNjuuQUiNhjZlcAY9t-kWI4,5a56dbf15ba324439e1e42f640f6430b
yUrfQDl6hedEUzSVmkWyRNjuuQUiNhjZlcAY9t-kWI4,945e1f16f0c3335b2d726c85a5df1ddd
ycUM0ZvcGbWhQZfMY8CsUGDEeKHCVveSPSBvhkmkmv8,d7316cb3753cf5cab6ddf7a5dafcf55f
ycUM0ZvcGbWhQZfMY8CsUGDEeKHCVveSPSBvhkmkmv8,866c77083c5e22796bc605fae5d1e894
ycUM0ZvcGbWhQZfMY8CsUGDEeKHCVveSPSBvhkmkmv8,c3c5e0273278169fffa9231d66ca3ec0
ycUM0ZvcGbWhQZfMY8CsUGDEeKHCVveSPSBvhkmkmv8,b4457439345fccf95d1f0e07e2901839
ycUM0ZvcGbWhQZfMY8CsUGDEeKHCVveSPSBvhkmkmv8,c982a76e729602926814ae023e5ae7b0
ycUM0ZvcGbWhQZfMY8CsUGDEeKHCVveSPSBvhkmkmv8,b34fd92459fd506a11100dabe836abcf
ycUM0ZvcGbWhQZfMY8CsUGDEeKHCVveSPSBvhkmkmv8,1d1c8dfcfd27eaee50155688f5a86eb2
ycUM0ZvcGbWhQZfMY8CsUGDEeKHCVveSPSBvhkmkmv8,be4620c6d62139292340bae91841e74d
ycUM0ZvcGbWhQZfMY8CsUGDEeKHCVveSPSBvhkmkmv8,5942a6b119a75cbbe0b97d0e65234886
ykOqpg61ldXvylQ93x3YB33HI7oTavy301qEtZXWwHo,6fbd6475184096cada803955447512f0
ykOqpg61ldXvylQ93x3YB33HI7oTavy301qEtZXWwHo,1cde9a2df84a04078dee29694f0b7525
ykOqpg61ldXvylQ93x3YB33HI7oTavy301qEtZXWwHo,8b1dc37eeec83efef7b4c4153594ade7
ykOqpg61ldXvylQ93x3YB33HI7oTavy301qEtZXWwHo,52aca22d89d3f82ea707e8057e30ac15
ykOqpg61ldXvylQ93x3YB33HI7oTavy301qEtZXWwHo,f2a648e63460ef1b1e0873ec1cbe7fb1
ylydQRqBfuQBAQhD2gWLuWSASwd-yNHmeB7ptrhMz5k,f66c87e31d7fda1262416f6cf5462877
ylydQRqBfuQBAQhD2gWLuWSASwd-yNHmeB7ptrhMz5k,679221b279020e5fc1296d9833fd2980
ylydQRqBfuQBAQhD2gWLuWSASwd-yNHmeB7ptrhMz5k,933201e56d8e7edb941a75ed4afec603
ylydQRqBfuQBAQhD2gWLuWSASwd-yNHmeB7ptrhMz5k,e5d0f4ca106c4959fc642d89506b5bc0
z0o7aFFYBEOC_-IjkRmJDhQhXZMvQnU-KGDfHH61XKc,7888ec4bc8c99116ddd0d384ab60f1be
z1Cj8-tPo7XuylEL1c1i8tcUCuQqRBQpmxaGq6HXPG8,74ca0bb59a9a6e419a194075b59f8ce7
z1Cj8-tPo7XuylEL1c1i8tcUCuQqRBQpmxaGq6HXPG8,0827f7f3cc986ded54e573cf237da769
z1Cj8-tPo7XuylEL1c1i8tcUCuQqRBQpmxaGq6HXPG8,17c0d69e09873f4a877023c9800fe559
z1Cj8-tPo7XuylEL1c1i8tcUCuQqRBQpmxaGq6HXPG8,504747a6a6c745a37bb61e9cf6de30cf
z1Cj8-tPo7XuylEL1c1i8tcUCuQqRBQpmxaGq6HXPG8,093961965a3795f11d5eb1d24a84fc02
z1Cj8-tPo7XuylEL1c1i8tcUCuQqRBQpmxaGq6HXPG8,0e2a0f51b8c4285ad4e113b0fe5603cf
z4s4b8bsC7hQF46iowvWZErMqEkCg5FbcD3UBMBDuAg,6e032b7b346a9742d0d23bd76ae4d570
z8g60Y6KbwOUy4E9IISAHFzScXC51KTI7rzdiJ7bcek,89c31e3c99b814380e92fb689a96104f
zEfVsePe7jAH5Sp23gybvRDHGq88LOP8Yg8asBY2Dec,489524081095a3a942447c925f68db04
zaGYbH8QUOj6VhRSv2ibTYSKUZ05kNNObVcy3GTtOsQ,489cb528ee4c9b42ba3a0649286ac896
zds1X5WYB1qKkZepOtxgzod7uPtX-dghjHUf5GGazOU,7dee2c716ec4c0a337373f223918b6ae
zds1X5WYB1qKkZepOtxgzod7uPtX-dghjHUf5GGazOU,c4982d20c375fb4239e9cea18c5c841c
zqMxSbvyEBwZg0jFcfMR1B9fAq86pFKwQuOQ_Kjz_Lo,293cff7b27efa047a25e455593ed90d9
zrydWW1YldsSPK0Dey0YMyjPCF0jOvwBTfofxzTnNQI,7a9bd49e515456d819cde0e3ce5aa4a0
-JtWlHEvrLPWagPaAhm0eQ_UKMSg8By1yoe-SkdrKSs,1982951758ea65ae715d9d1a95a8ecd1
-JtWlHEvrLPWagPaAhm0eQ_UKMSg8By1yoe-SkdrKSs,dc567997daef596835cce05a0c6f770f
-JtWlHEvrLPWagPaAhm0eQ_UKMSg8By1yoe-SkdrKSs,f72236f1ab2ddb4a7b2863019c1c943c
-JtWlHEvrLPWagPaAhm0eQ_UKMSg8By1yoe-SkdrKSs,f6aff3e542d4101fe9ac7cfa6ee4439a
-JtWlHEvrLPWagPaAhm0eQ_UKMSg8By1yoe-SkdrKSs,00e11c860f7b081a01e9c7f04405c40f
-JtWlHEvrLPWagPaAhm0eQ_UKMSg8By1yoe-SkdrKSs,3b360a6d55c27c3205c2fa3e55e81f3d
-JtWlHEvrLPWagPaAhm0eQ_UKMSg8By1yoe-SkdrKSs,cb8f7dd4f3c96006eccc112b8f947a6e
-JtWlHEvrLPWagPaAhm0eQ_UKMSg8By1yoe-SkdrKSs,1d09dbdcd65c63921c61d8fa6bf040d2
-JtWlHEvrLPWagPaAhm0eQ_UKMSg8By1yoe-SkdrKSs,02fee323c8dc9369ff27d2b31c085bb1
-JtWlHEvrLPWagPaAhm0eQ_UKMSg8By1yoe-SkdrKSs,fe69afb4d97150eb2c1ea7ec392c06b3
-JtWlHEvrLPWagPaAhm0eQ_UKMSg8By1yoe-SkdrKSs,847fc75708272894c750920308a796b6
-JtWlHEvrLPWagPaAhm0eQ_UKMSg8By1yoe-SkdrKSs,756a9df10a4f14068f0d9fc6d04c3c51
-JtWlHEvrLPWagPaAhm0eQ_UKMSg8By1yoe-SkdrKSs,29218250def0c4c3f35dc9eec6022337
-JtWlHEvrLPWagPaAhm0eQ_UKMSg8By1yoe-SkdrKSs,4214176145afc602be0f02b2f57c59bd
-JtWlHEvrLPWagPaAhm0eQ_UKMSg8By1yoe-SkdrKSs,8e864d481721fe3163ee5b4645f9d247
-JtWlHEvrLPWagPaAhm0eQ_UKMSg8By1yoe-SkdrKSs,9073c0f1f1445c5af9cdc5669904bb82
-JtWlHEvrLPWagPaAhm0eQ_UKMSg8By1yoe-SkdrKSs,f7f4a5507267d5c61f8ceddebbf73e66
-JtWlHEvrLPWagPaAhm0eQ_UKMSg8By1yoe-SkdrKSs,2f499f4e7c61075f2a3e93c3595026a5
-JtWlHEvrLPWagPaAhm0eQ_UKMSg8By1yoe-SkdrKSs,77546ec6417e90f3ba24db1060d03414
-JtWlHEvrLPWagPaAhm0eQ_UKMSg8By1yoe-SkdrKSs,2e8d0b7c08fdff515a14f52438c316b2
-JtWlHEvrLPWagPaAhm0eQ_UKMSg8By1yoe-SkdrKSs,fd0fa141ab229082b1adde0c823414ec
-JtWlHEvrLPWagPaAhm0eQ_UKMSg8By1yoe-SkdrKSs,36b5f0b26d1622dd063cb7e01f96c3d5
-JtWlHEvrLPWagPaAhm0eQ_UKMSg8By1yoe-SkdrKSs,65a4b045b3bfc75107ceeafa5c9f325e
-JtWlHEvrLPWagPaAhm0eQ_UKMSg8By1yoe-SkdrKSs,23532df4cc66a748bb49e16532acbf2f
-JtWlHEvrLPWagPaAhm0eQ_UKMSg8By1yoe-SkdrKSs,18b81bdedb7d67e722b3d44ca43a0780
-JtWlHEvrLPWagPaAhm0eQ_UKMSg8By1yoe-SkdrKSs,7bbac4f6eda9e7e6a5ae0ea3ca1308cd
-JtWlHEvrLPWagPaAhm0eQ_UKMSg8By1yoe-SkdrKSs,e32b3c02b377dd4ae4c0c63f69fe1355
-JtWlHEvrLPWagPaAhm0eQ_UKMSg8By1yoe-SkdrKSs,089b0d065c8d1fcf8587ce674e057e47
59bc275a681516389ccf40e1,3d1266d552eb3c394defa057dc61b299
59bc275a681516389ccf40e1,47a191a7b5cfe50445d22363f830ba16
59bc275a681516389ccf40e1,1fd8d656c6ad32451ef2effdfd8640b5
59bc275a681516389ccf40e1,33aa0a3021dfb13e5acca50b7f19dd99
59bc275a681516389ccf40e1,a5708fdaac809100f980aec5c3f7aa25
59bc275a681516389ccf40e1,401003ab07dbaf57b03cb88c8eaea108
59bc275a681516389ccf40e1,e755fe20b6e6b955b8a49dd25a8c095b
59bc275a681516389ccf40e1,027727b5f7ac827caed03e932871d1aa
59bc275a681516389ccf40e1,aeeef7a71c01d4b5f5fa82cfac93f33f
59bc275a681516389ccf40e1,c0bcbf305026de0f2c098d91920cfd08
59bc275a681516389ccf40e1,b61271b7ebc76606ad21b7cf56a84372
59bc275a681516389ccf40e1,8115f0ec6fa7e8fc12e918c5caaf3c9a
59bc275a681516389ccf40e1,b6ff8c41417e8a826abca0b373a2b9ca
59bc275a681516389ccf40e1,e9c393eb0ce730c0bd83587e1d4d5e3c
59bc275a681516389ccf40e1,40084a7df2648b3843b6feb06a2c079f
59bc275a681516389ccf40e1,6a84512551c6ae7f9787890684731b51
59bc275a681516389ccf40e1,360b8acee1993eca0460be5b722ada2b
59bc275a681516389ccf40e1,488cc65802a42dde45d0de1288047572
59bc275a681516389ccf40e1,e779f1fe24d2912bffc5fe1370fde3d0
59bc275a681516389ccf40e1,1e8fcd3458cd7fa572193d29e7e9a746
59bc275a681516389ccf40e1,167bc1808c9f63207b13db6f099f6805
59bc275c681516389ccf41b9,5f6b68d73536ff6f0eb483d5045fb702
59bc275c681516389ccf41b9,7d39fabb3ace2a017b260467d645a967
59bc275c681516389ccf41b9,00aefca158a6b773b8c466c9b715ac25
59bc275c681516389ccf41b9,62bbeef4dbe3dab2f1987b69cd26234d
59bc275c681516389ccf41b9,b4030d21758c33a0a809cc13eddaeacf
59bc275c681516389ccf41b9,9689366533ebf8e44592b53a3861db7c
59bc275c681516389ccf41b9,5c9d3085ea832530056d9ec4ae70b548
59bc275c681516389ccf41b9,7de3581b5494285037f4f5d139f21c1c
59bc275c681516389ccf41b9,20171b8e6a08b493e474914800b3d53f
59bc275c681516389ccf41b9,fdc14280d25dfa3023714d5742998651
59bc275c681516389ccf41b9,02669c3d6ecee7a8599a75cd5a928773
59bc275c681516389ccf41b9,c92e744bd2dd5491f94b27c9c1b17907
59bc275c681516389ccf41b9,bcfa43e611a8de45bacc68f663c55b4c
59bc275c681516389ccf41b9,781d7cdb74f68eb1c988b8286fc712d9
59bc275c681516389ccf41b9,b993d893484fe5dc22dedcb22693fbab
59bc275c681516389ccf41b9,fa60eee68b52956afd57c4fc13c9e310
59bc275c681516389ccf41b9,72a5f4815b510951ba92542a9426ab08
59bc275c681516389ccf41b9,f05ab6af719ad917e5f296a3b4a25120
59bc275c681516389ccf41b9,7fb2ff85d0985a69ba1733b3fa85003a
59bc275c681516389ccf41b9,49a9d2b92f6bfd38ffaa7b22d5d1dc34
59bc275c681516389ccf41b9,0e3451b5afd92086c8573402495c22f1
59bc275c681516389ccf41b9,d9668264a2921d693e5e441ff2bda76f
59bc275c681516389ccf41b9,de015a2ba6f2bb8540addad5da27525c
59bc275c681516389ccf41b9,bef1c2e7e52d9ef7c6e0993037c31a01
59bc275c681516389ccf41b9,87c9b38ce9c5df01a667e68be7ade391
59bc275c681516389ccf41b9,1cc54b56c5719e454ccf04e177b2b197
59bc275c681516389ccf41b9,7e97358039e1b28a0b44fbaaefc779b7
59bc275c681516389ccf41b9,e4bde8b3609ac5d7058c36b6ef3caa0d
59bc275f681516389ccf42ec,ba37789825aeed27aa1350df367dfd4a
59bc275f681516389ccf42ec,4c7dd1b05254fb6bece46ac0a773c362
59bc275f681516389ccf42ec,6a37862985ab33dda18aa6743efbac17
59bc275f681516389ccf42ec,a87e98f7a098255fc70291e60bf59083
59bc275f681516389ccf42ec,ec39ffb10af3e88f90adb08f4b26611c
59bc275f681516389ccf42ec,7fbaa0039294141c3b100766f688a3fc
59bc275f681516389ccf42ec,18f185b407818f8299c115eaf6b7ff51
59bc275f681516389ccf42ec,da9279f6de24f3168555ec34f1e80073
59bc275f681516389ccf42ec,3935e1b5659994302f62713447d175b1
59bc275f681516389ccf42ec,8b3e8d8bbf7e3fe959b88d4c54086581
59bc275f681516389ccf42ec,61fe8b963691784976ce90a2849e2d27
59bc275f681516389ccf42ec,7587c7edee852ee2740220a721413c76
59bc275f681516389ccf42ec,3195cb96f24eb881a3706cdde222b077
59bc275f681516389ccf42ec,27489efb50985545a576e0a6de565937
59bc275f681516389ccf42ec,97ec2fa528a614e30cc98293ab99d89a
59bc275f681516389ccf42ec,a029d895fa0019478ce42f9f37aa1e02
59bc275f681516389ccf42ec,dd27be8b3d6b9c2c14c14318612ba0dc
59bc275f681516389ccf42ec,39172fcea2124599f579033909a2a69e
59bc275f681516389ccf42ec,30c53e4165979c5fd812700545dc0bbe
59bc275f681516389ccf42ec,ca6fc4fbf70e117adbed9ebadd50de4c
59bc275f681516389ccf42ec,4ad797e594b59c5178100d17c146bfd8
59bc2760681516389ccf4304,b087d28202cce0124349288c8f7ba6d6
59bc2760681516389ccf4304,87ad8b6e2d91260e3b29eb8facbf1880
59bc2760681516389ccf4304,6860150380dc12eeac7a21e1d6f254fb
59bc2760681516389ccf4304,17695a959936cd1e924a99d86aff34a6
59bc2760681516389ccf4304,36e1872a3c5abce28ffe8f268d36ead4
59bc2760681516389ccf4304,9d2341ce81b7f37423e7490f5c1f4c4c
59bc2760681516389ccf4304,d30dc10d8d62ec95e3416e850e866b62
59bc2760681516389ccf4304,f4878d8662459555bdcaa13f5859ec41
59bc2760681516389ccf4304,bba510e0f52400d6d0a853d74216ebcc
59bc2760681516389ccf4304,019b87b3ffb4b3c50efee461335ea9bf
59bc2760681516389ccf4304,ac15e38ec265eba95d10b5b4bacb2a2d
59bc2760681516389ccf4304,6d64b7352be41d580cea0b455ebadc02
59bc2760681516389ccf4304,82dba0a4e796b6d1428fafb240333a94
59bc2760681516389ccf4304,cc26f63c5618e305e1f07c2cc6b76407
59bc2760681516389ccf4304,ffca3c2fadbc7d4516a7d6005f69bae5
59bc2760681516389ccf4304,e2c6ca198ab91430a0ac42c037ca839e
59bc2761681516389ccf438a,f478bc2504e7db10b81e33df63a4408e
59bc2761681516389ccf438a,2a213dbadb3679f4419e3602a2c1b208
59bc2761681516389ccf438a,e932c3cab71f6c1c1f4f544305404281
59bc2761681516389ccf438a,512a38c920312bd5fa90e90362e9975c
59bc2761681516389ccf438a,7579f1f81944ed0d7baaebd750f730e5
59bc2761681516389ccf438a,b60dba3890affcf3608832290c07b49c
59bc2761681516389ccf438a,f18950171abe6dcc208d24926524e5ee
59bc2761681516389ccf438a,9d06e94da6506cbb2b6e6135033becd7
59bc2761681516389ccf438a,96db72d493fe8476b6bea10764a143e9
59bc2761681516389ccf438a,982e9e253a05691127925e4b660e7ebf
59bc2761681516389ccf438a,20ec971af5f52f7e95a53372f937bcea
59bc2761681516389ccf438a,cd7cf9858c96760dd0ca05d73c1f1ca2
59bc2761681516389ccf438a,b0bd11f8922ae90a5a94fdb5418e8a3b
59bc2761681516389ccf438a,ed3a90cef0a8fae1d2cd87ce57294a93
59bc2761681516389ccf438a,eb688500e811d7888ebc8117ef752ed8
59bc2761681516389ccf438a,90c9f35ac2feb09328ebf187997fa153
59bc2761681516389ccf438a,d1f91abe42ad9a80d9263ea3f24410d1
59bc2761681516389ccf438a,ae5425846e49d9ecc77b8da8b09bdd92
59bc2761681516389ccf438a,c2702983a656ea51b8ff6a392ccbddda
59bc2761681516389ccf438a,77343c0df08906586eb121a717a7a7e6
59bc2761681516389ccf438a,7cf77c3340cf3eb7ff037fd34cae682a
59bc2761681516389ccf438a,fe5068eb0602ffa458cd43c689ad2c94
59bc2761681516389ccf438a,4496587382efa7ab3ddbaa1ce38fdb9f
59bc2761681516389ccf438a,c0b37049092f4db4b20cde5cf92d05c6
59bc2761681516389ccf438a,7cb170a6b62067c6a8db277f7d16f7c5
59bc2761681516389ccf438a,b5ad481eb3b23c19db344357ca0114b1
59bc2761681516389ccf438a,08319b4397090ed675ef926bae1d349b
59bc2761681516389ccf438a,1794cd1190b6fdaee9916423c44999bb
59bc2761681516389ccf438a,d830a4e5199975f752cd54cf413d3518
59bc2761681516389ccf438a,989fc06af7abe610863c0701fb002aab
59bc2761681516389ccf438a,d6f2c3746db8439bacd72f9c517f30b5
59bc2763681516389ccf445b,19ed198a0fa2c01a16007726ef210c9d
59bc2763681516389ccf445b,3da44f41a65991273c3c34769ddc8f37
59bc2763681516389ccf445b,2ae9e3ef37e7f3541833f9d86edee71c
59bc2763681516389ccf445b,d3c18f7056eb3e052bcae13c42065d8c
59bc2763681516389ccf445b,c3cb50dcd980349df8ec8929c9df357b
59bc2763681516389ccf445b,11677eada1036437abb6be3cd1a7a816
59bc2763681516389ccf445b,59496439b73d70e891741e989ec55220
59bc2763681516389ccf445b,4bb73e461c4b55b9cbeb312202542786
59bc2763681516389ccf445b,9b9fb68868cdc6bdc0061c1097ff6732
59bc2763681516389ccf445b,7e6acb71fbd7adda43221a926980f555
59bc2763681516389ccf445b,fc88eae4f0e03aaeda5624777f5c971a
59bc2763681516389ccf445b,7014f679f55f7ef48c892d75a1f06a2e
59bc2763681516389ccf445b,d7cf74087fae286bd72d0f50563f2cf3
59bc2763681516389ccf445b,6c57d31c45e9a1c7e6ce87d65b351bf0
59bc2763681516389ccf445b,78f414a21b87a75f202b036466e9beb1
59bc2763681516389ccf445b,90e3d2a537e221c3d009bbfd76c31781
59bc2763681516389ccf445b,7de6a0d5694b645288d9b1b7e2aba314
59bc2763681516389ccf445b,4346c29723a6234d5606983896ab2852
59bc2763681516389ccf445b,af9c6db3d592f5401459cf86f4eac1c6
59bc2763681516389ccf445b,a1a938c5d6ad89798e23888ee7f7a9ba
59bc2763681516389ccf445b,8397d10dd76d1973523028a249e7f897
59bc2763681516389ccf445b,88f7c247ea15ab0f83b5467370eea0fd
59bc2763681516389ccf445b,c1366a32ee29171e3dfe3d331fa6ca22
59bc2763681516389ccf445b,6a0a6d1787dafc66ae23fe78a6e8c309
59bc2763681516389ccf445b,b1863fa1ba14f3e5e73df720a52c2dd2
59bc2763681516389ccf445b,9eb462976511f29e193d28b2ec0eaf19
59bc2763681516389ccf445b,a73954b4eef0e6c4aaa3239a91085b0e
59bc2764681516389ccf44a5,2086ad6b194f78fbfca0a9fea390d546
59bc2764681516389ccf44a5,8256d2814a1f272a5771413d46f711d4
59bc2764681516389ccf44a5,c9bbf4f8e010545ccfc65fcf3a92d431
59bc2764681516389ccf44a5,0ef2eed5f4ba08188131596c495de830
59bc2764681516389ccf44a5,174e51aed6f373dc0e2fc1765cf82d79
59bc2764681516389ccf44a5,effb2f832d2b3c1f80f8d364dd839369
59bc2764681516389ccf44a5,af2970e7eef096d8ff992e60c56597df
59bc2764681516389ccf44a5,19f4c40d908a1597d8dee7b8dcbbe4f9
59bc2764681516389ccf44a5,9c382307a8285ee7c48cb4746bcba4c4
59bc2764681516389ccf44a5,89a0614d2b88d87fdfd793179009505a
59bc2764681516389ccf44a5,88a788a07a1c46b836f8d8c0c990428d
59bc2764681516389ccf44a5,71055970fed6bd2835f8f6ef7f0b7024
59bc2764681516389ccf44a5,e3a0278cffc5a2ae81c49466ba36c922
59bc2764681516389ccf44a5,4a168b0d3d365a65b30bd119042d989d
59bc2764681516389ccf44a5,e081519a01f2830df370b8df8bc78007
59bc2764681516389ccf44a5,ee70da6d8545a66d35f4dc5b4d2d5ed5
59bc2764681516389ccf44a5,b591ca4a4d01eb0ceb7cda66bc4507cf
59bc2764681516389ccf44a5,021f0b002928eadc35cfa7486ec81d54
59bc2764681516389ccf44a5,66e0d29aebf68bac22f8cc2d412853b2
59bc2764681516389ccf44a5,8ad86851dac865e1f30a7077bda45c35
59bc2764681516389ccf44a5,d7bd43ed18df56d0fb3e0ae402c2c161
59bc2764681516389ccf44a5,f943a369d651f02dd842bebead0d588f
59bc2764681516389ccf44a5,e0f05d27d50a9796790a03ce4fd4284e
59bc2764681516389ccf44a5,87cc6f06b452a4c3623d57523bef7558
59bc2764681516389ccf44a5,a5305440ed548ca2269bb26e105d054b
59bc2764681516389ccf44a5,9d593c47e09ab9bef9fe5efeabe55078
59bc2764681516389ccf44b8,2b96bed2eb5f31b4e23a182ea9b64668
59bc2764681516389ccf44b8,d18c12ca711a18c303bb16e579e802bf
59bc2764681516389ccf44b8,a38ff8ffc37a0a246797ae02e494d617
59bc2764681516389ccf44b8,415db3506fd69bd90835f5793c3b4d71
59bc2764681516389ccf44b8,d12008e55e8a160add781650c7538f9f
59bc2764681516389ccf44b8,162b6144df5eff838c1a4ae576b4d90c
59bc2764681516389ccf44b8,47efe467b290d860ef017777b073197a
59bc2764681516389ccf44b8,fd741e7bb681c0f5920dfbfe1ee01488
59bc2764681516389ccf44b8,d973ba5dc372f5da84c96272363e2cdc
59bc2764681516389ccf44b8,20f76375d66730b3a2b18c9244e8fb0c
59bc2764681516389ccf44b8,4039eb33ac3d6778c1db9f265fe034ba
59bc2764681516389ccf44b8,6bb74091f1a19dababddd20512e61ca3
59bc2764681516389ccf44b8,5a2fda1dcc8ee071f0751d37dca4a02f
59bc2764681516389ccf44b8,543c7fa85fe385d3175a85326df15178
59bc2764681516389ccf44b8,1d93d23ba2d3df45eb0094c4bb9b7ae4
59bc2764681516389ccf44b8,cbcc6374a44672f6332d19c4aae1cdd9
59bc2764681516389ccf44b8,e0b1ee3e5dccdb39da3a90cd0ef6bbd4
59bc2764681516389ccf44b8,457f77b14f585809d40730b482df0703
59bc2764681516389ccf44b8,a9d9d3ece5dbd60aa4a297bfcd60abc6
59bc2766681516389ccf4570,025c2688a684e2e84dbcfd4d40a7e396
59bc2766681516389ccf4570,2ebd110ce6e3d1f4204dbdd88c5aee98
59bc2766681516389ccf4570,614f13eba2a0335f44acd993dce68009
59bc2766681516389ccf4570,f79521c177bb7a789c52895f657bbd68
59bc2766681516389ccf4570,2f1bb64aa1ee2738934749a75ca781a3
59bc2766681516389ccf4570,0ac042b94e0869b35bd437fc6eb05b04
59bc2766681516389ccf4570,72c0073bfd425bcd91f8bdaae5e6a531
59bc2766681516389ccf4570,dd2740c76bd0ebceb9170dfc7491ef67
59bc2766681516389ccf4570,f4fd20c6a6b79ee80ee7c7d1b8d4207c
59bc2766681516389ccf4570,0cbe9be612128f3d394acfba8ca99cff
59bc2766681516389ccf4570,df8f6ba662780d9dafbea21d60087749
59bc2766681516389ccf4570,b81f7b63c7f0005677b50378e88092d8
59bc2766681516389ccf4570,a916b9fb6e580eb18e7463ed13bb643d
59bc2766681516389ccf4570,e1041c3c0f7474e520e4d1efa8e8a76e
59bc2766681516389ccf4570,1a09ab458a895f11b74f3bc99b82812e
59bc2766681516389ccf4570,10cb906c72e270e5faa569ab1e84bb72
59bc2766681516389ccf4570,8237f8533de1ca7b638ccc1ae49dbf7b
59bc2766681516389ccf4570,c7fa01e3a861deca0cc85647ad742768
59bc2766681516389ccf4570,a268b242ba3d3817f768f67668226e4b
59bc2766681516389ccf4570,825f57495d9d3d9f2b6cb0e3ce042ece
59bc2766681516389ccf4570,5886a15d980ea52e6e4cca4973b65a71
59bc2766681516389ccf4570,ecb1e4c4d6516beea661cbadd7216ca7
59bc276f681516389ccf48d4,c8f58c789047d66ebab704ca4995ce91
59bc276f681516389ccf48d4,1b57988171874d8fae376d94f4dc7f65
59bc276f681516389ccf48d4,0bb67025dd6bf440b3b449079e9f669e
59bc276f681516389ccf48d4,2487263389b22f6d3c7614984abe0f81
59bc276f681516389ccf48d4,7292b9630268f5b2f858b530eb69d628
59bc276f681516389ccf48d4,10bbe1476b74829c154c21a052c71afb
59bc276f681516389ccf48d4,b291268f8e1eec729a343b4fba7ad64c
59bc276f681516389ccf48d4,264c24ac9dee64d6959c41de65e47213
59bc276f681516389ccf48d4,b6261b810133cd78ada9c8ec94fdd4f0
59bc276f681516389ccf48d4,d82f3e0aec65938d369cd4a26a5b1140
59bc276f681516389ccf48d4,83d784fd6480dfb713475859e16192e6
59bc276f681516389ccf48d4,4351f2b9524dfaf6895a2a146cd08e20
59bc276f681516389ccf48d4,4aa6e1af5e800af50b5a423ca0cd0a43
59bc276f681516389ccf48d4,85bf5a45acd2a91b52b54a11829f26e9
59bc276f681516389ccf48d4,98219e748c76cdb3e827505d154db8de
59bc276f681516389ccf48d4,065c62c0b4940fcba5b8ebca1fd3ae85
59bc276f681516389ccf48d4,12f6a4300d826d637259e69026a68271
59bc276f681516389ccf48d4,c0765d1872d9be5f992588bc02e080e7
59bc276f681516389ccf48d4,d00150c491b8faa77a5cb9bd8422029e
59bc276f681516389ccf48d4,212ed461f9604bb8270a2a144a96760c
59bc276f681516389ccf48d4,10a2be84b70fd9d999d8ed74613cdc55
59bc276f681516389ccf48d4,338fc4e32934d7ceef7b984b5a70a34b
59bc276f681516389ccf48d4,952f640e2fc038232ad4f3e961ab305b
59bc276f681516389ccf48d4,32c6d93c78808b0b8746815a12b2526d
59bc276f681516389ccf48d4,7e2178f625f2b89b5290216badce51f3
59bc276f681516389ccf48d4,485eb8e75bb7b45c0b562ab810e1986a
59bc276f681516389ccf48d4,7796453a16d1b04f21ef45602d3c0976
59bc276f681516389ccf48d4,00faad24b3376fd9f864a8d4555bf0f1
59bc276f681516389ccf48d4,bfd4bd84039ba2c7ac37f6d49cd034fd
59bc276f681516389ccf48d4,e12521fb287dbd3211fe7b47a32fcc28
59bc276f681516389ccf48d4,2cedabde68ff752fdc7232d70adec0bc
59bc276f681516389ccf48d4,5be123205de5dc72ba0bdf4fade4224b
59bc276f681516389ccf48d4,08551c76f595acf3e83fb78ca95cf657
5a1c4633e7cb790004827642,a541ee32bcce00f9de4b8a651cb9ed20
5a1c4633e7cb790004827642,fa971a18b0d0f29747610abbd2d50218
5a1c4633e7cb790004827642,e7f655a8d715f0a22da0c5188cc44e5c
5a1c4633e7cb790004827642,a32ee410d093b47d1b29574593513f6e
6JfuBS-duD_BLzV6gxsQjcPc7gv6mgQBTuNzdnp6gfA,eea18821fd633f55c49a140feae18bcd
6JfuBS-duD_BLzV6gxsQjcPc7gv6mgQBTuNzdnp6gfA,aad3b972b7d0f93a4be222dc42c6a753
6JfuBS-duD_BLzV6gxsQjcPc7gv6mgQBTuNzdnp6gfA,9a670042b76f542b9ad714e50268c395
6JfuBS-duD_BLzV6gxsQjcPc7gv6mgQBTuNzdnp6gfA,e10ae3349c22d472a4b10eb57bc10000
6JfuBS-duD_BLzV6gxsQjcPc7gv6mgQBTuNzdnp6gfA,4c1002674bbda0a031873074fef598af
6JfuBS-duD_BLzV6gxsQjcPc7gv6mgQBTuNzdnp6gfA,a5e4aa6a2e65dd6a9787679400964387
6JfuBS-duD_BLzV6gxsQjcPc7gv6mgQBTuNzdnp6gfA,bfdaf91669c796c769e54660c5ae442e
6JfuBS-duD_BLzV6gxsQjcPc7gv6mgQBTuNzdnp6gfA,0b53e8be10e3d2bd06af556014131b73
6JfuBS-duD_BLzV6gxsQjcPc7gv6mgQBTuNzdnp6gfA,85730a29929a08cf327f804fc319dc94
6JfuBS-duD_BLzV6gxsQjcPc7gv6mgQBTuNzdnp6gfA,e49eb9f48f70a1711bacf8cb1ce4e50c
6JfuBS-duD_BLzV6gxsQjcPc7gv6mgQBTuNzdnp6gfA,c0f8aed2361f80bbd8e0071cda89bd79
6JfuBS-duD_BLzV6gxsQjcPc7gv6mgQBTuNzdnp6gfA,1e5cdc686b4daa96a4c259c5dbd6a011
6JfuBS-duD_BLzV6gxsQjcPc7gv6mgQBTuNzdnp6gfA,d9f55b4d469334a2c0708f8b32d46410
6JfuBS-duD_BLzV6gxsQjcPc7gv6mgQBTuNzdnp6gfA,36dada13ed0bd1f9e72472c5cb2e49e4
6JfuBS-duD_BLzV6gxsQjcPc7gv6mgQBTuNzdnp6gfA,98fa6e1586f2fde24b5a423bfb298df5
6JfuBS-duD_BLzV6gxsQjcPc7gv6mgQBTuNzdnp6gfA,4bd96cd48c84e43291afb8d88a13f277
6JfuBS-duD_BLzV6gxsQjcPc7gv6mgQBTuNzdnp6gfA,5d75ed1aa2d070c0db29aa080c378282
6JfuBS-duD_BLzV6gxsQjcPc7gv6mgQBTuNzdnp6gfA,211bdc1fbd34284e72f487ab01545822
6JfuBS-duD_BLzV6gxsQjcPc7gv6mgQBTuNzdnp6gfA,71d1954e34fc0385e30bb07837345c73
6JfuBS-duD_BLzV6gxsQjcPc7gv6mgQBTuNzdnp6gfA,882359847933c1c0f148ad99089e1a2f
6JfuBS-duD_BLzV6gxsQjcPc7gv6mgQBTuNzdnp6gfA,c9aa8e5b6e2f633cc56c315e4dd3e9c1
6JfuBS-duD_BLzV6gxsQjcPc7gv6mgQBTuNzdnp6gfA,bcd90f8c8528f749b16aa83d3aecf0e9
6JfuBS-duD_BLzV6gxsQjcPc7gv6mgQBTuNzdnp6gfA,b7cc306399340ea45dcff73720b827a6
6JfuBS-duD_BLzV6gxsQjcPc7gv6mgQBTuNzdnp6gfA,fa5e3d125f822d912edf0c6574a379c5
6JfuBS-duD_BLzV6gxsQjcPc7gv6mgQBTuNzdnp6gfA,f772200e9e6dc0e4df5b1d5a55e3fd46
6JfuBS-duD_BLzV6gxsQjcPc7gv6mgQBTuNzdnp6gfA,86df57c76da2c6e0530205e41c4f7217
6JfuBS-duD_BLzV6gxsQjcPc7gv6mgQBTuNzdnp6gfA,4e4c58647739c3f405abc005dd3f9f3c
6JfuBS-duD_BLzV6gxsQjcPc7gv6mgQBTuNzdnp6gfA,58f71308fc8babad0783d654e9b89d53
6PTzEsHtIS7BmBGKDa9YNJNB__vpQwsxFrKi3EF_d2Q,6e723af3c6e3d9cc2a7eab48afe20fe7
6PTzEsHtIS7BmBGKDa9YNJNB__vpQwsxFrKi3EF_d2Q,00f29ea96c690cb73496ebc2448bf7bc
6PTzEsHtIS7BmBGKDa9YNJNB__vpQwsxFrKi3EF_d2Q,db18db0774633c1eabfae2b4de2a5da5
6PTzEsHtIS7BmBGKDa9YNJNB__vpQwsxFrKi3EF_d2Q,b9fe6548b75cba964d50c108e46b0d3d
6PTzEsHtIS7BmBGKDa9YNJNB__vpQwsxFrKi3EF_d2Q,bbef2241ea1ac71aacb2d0b6d6610565
6PTzEsHtIS7BmBGKDa9YNJNB__vpQwsxFrKi3EF_d2Q,ceb6214797ba4a565f39a306c1b33058
6PTzEsHtIS7BmBGKDa9YNJNB__vpQwsxFrKi3EF_d2Q,39f9dadfc3621c64970acd1833a1756d
6PTzEsHtIS7BmBGKDa9YNJNB__vpQwsxFrKi3EF_d2Q,1133e9972dabb30a39611c4109a331f4
6PTzEsHtIS7BmBGKDa9YNJNB__vpQwsxFrKi3EF_d2Q,9da0edfb2242f934c0e0e471aebc9c53
6PTzEsHtIS7BmBGKDa9YNJNB__vpQwsxFrKi3EF_d2Q,9201777faf0ad2bafdaffeabf254bb66
6PTzEsHtIS7BmBGKDa9YNJNB__vpQwsxFrKi3EF_d2Q,bb8e0f9caf783e58a1916be38e94a8ff
6PTzEsHtIS7BmBGKDa9YNJNB__vpQwsxFrKi3EF_d2Q,7a82f3f386db7c964d6284bbe5464a80
6PTzEsHtIS7BmBGKDa9YNJNB__vpQwsxFrKi3EF_d2Q,cbf1d1d962c8eeb068aa207306037601
6PTzEsHtIS7BmBGKDa9YNJNB__vpQwsxFrKi3EF_d2Q,626993159f03603c1b3d09ebed91ed68
6PTzEsHtIS7BmBGKDa9YNJNB__vpQwsxFrKi3EF_d2Q,9d7d4cc8b6e6ece88ae7c258581509b6
6PTzEsHtIS7BmBGKDa9YNJNB__vpQwsxFrKi3EF_d2Q,05e96662334680959baf7495a3677d61
6PTzEsHtIS7BmBGKDa9YNJNB__vpQwsxFrKi3EF_d2Q,4424b600d95a2279c8750d66e8601883
6PTzEsHtIS7BmBGKDa9YNJNB__vpQwsxFrKi3EF_d2Q,652c2f4c5bec9aed22deb5f6b734dd77
6PTzEsHtIS7BmBGKDa9YNJNB__vpQwsxFrKi3EF_d2Q,5843f1b81674a36b53c31d7072b57984
6PTzEsHtIS7BmBGKDa9YNJNB__vpQwsxFrKi3EF_d2Q,b93fbd3b2e8cb0b313f7f277a2c306ca
6PTzEsHtIS7BmBGKDa9YNJNB__vpQwsxFrKi3EF_d2Q,10ad0a2a5e19f61f6aee06a10de30b6a
6PTzEsHtIS7BmBGKDa9YNJNB__vpQwsxFrKi3EF_d2Q,94d1989192dd6ee6843c657861c4f564
6PTzEsHtIS7BmBGKDa9YNJNB__vpQwsxFrKi3EF_d2Q,f95c71c46b2b0a50161572b4c9a7c529
6PTzEsHtIS7BmBGKDa9YNJNB__vpQwsxFrKi3EF_d2Q,121a7f93a0f91ed1d810f5534921ab69
6PTzEsHtIS7BmBGKDa9YNJNB__vpQwsxFrKi3EF_d2Q,40529fe74961b21791aae9b043a0bfab
6PTzEsHtIS7BmBGKDa9YNJNB__vpQwsxFrKi3EF_d2Q,cc30e4cf064a73a33f49f98502659453
6PTzEsHtIS7BmBGKDa9YNJNB__vpQwsxFrKi3EF_d2Q,8e786627aba9d56fe5525249cccb6fbd
6PTzEsHtIS7BmBGKDa9YNJNB__vpQwsxFrKi3EF_d2Q,11c57ab8acb98db3ac1690263f571963
6PTzEsHtIS7BmBGKDa9YNJNB__vpQwsxFrKi3EF_d2Q,ed3da27d430427bdfaf9b35d0e10b3d2
6PTzEsHtIS7BmBGKDa9YNJNB__vpQwsxFrKi3EF_d2Q,21c37e676a0b0ee275978717405ab71c
6PTzEsHtIS7BmBGKDa9YNJNB__vpQwsxFrKi3EF_d2Q,edc421335b70641b824ddaf9da2dd63b
6PTzEsHtIS7BmBGKDa9YNJNB__vpQwsxFrKi3EF_d2Q,7e6412079d0834ef40a77b90b4724fb7
6PTzEsHtIS7BmBGKDa9YNJNB__vpQwsxFrKi3EF_d2Q,d7d9c48cad11dc35c02d638e180357ed
6PTzEsHtIS7BmBGKDa9YNJNB__vpQwsxFrKi3EF_d2Q,eb13152cfdaf6367ec5dd2ebf75f121a
6PTzEsHtIS7BmBGKDa9YNJNB__vpQwsxFrKi3EF_d2Q,f965f197892353bf42a2f56e44abb9bb
6PTzEsHtIS7BmBGKDa9YNJNB__vpQwsxFrKi3EF_d2Q,10fbdb4e69011925cb772c238f855285
6PTzEsHtIS7BmBGKDa9YNJNB__vpQwsxFrKi3EF_d2Q,bbe8771aa75ddeac6df97216ab30cb29
6PTzEsHtIS7BmBGKDa9YNJNB__vpQwsxFrKi3EF_d2Q,230d6ccc214d6f2de78f36aa6d71bb84
6PTzEsHtIS7BmBGKDa9YNJNB__vpQwsxFrKi3EF_d2Q,d7f2f29686f264b81ccff086df1291e8
6Xz1aGZP_g084xrBEy0UYJjzozZhj3G1wx_cFS9q-UM,0bff2fdfd1411af75d9688cc5d48a3bb
6Xz1aGZP_g084xrBEy0UYJjzozZhj3G1wx_cFS9q-UM,19f506a35c3f3c401c9dc6bcd345e82d
6Xz1aGZP_g084xrBEy0UYJjzozZhj3G1wx_cFS9q-UM,df7543ca9398b5b39e433a5e54cc0652
6Xz1aGZP_g084xrBEy0UYJjzozZhj3G1wx_cFS9q-UM,a3f5bb08e2e3cd2291c11462e76a39a3
6Xz1aGZP_g084xrBEy0UYJjzozZhj3G1wx_cFS9q-UM,ae80f183144a43e2e172ec2daa122754
6Xz1aGZP_g084xrBEy0UYJjzozZhj3G1wx_cFS9q-UM,64dca3eca073f7aaaf4e997c338f0d42
6Xz1aGZP_g084xrBEy0UYJjzozZhj3G1wx_cFS9q-UM,fff4390e65c88eaae6433357a959e55d
6Xz1aGZP_g084xrBEy0UYJjzozZhj3G1wx_cFS9q-UM,8fa59e516d8f257fbfbf247a8683e5c1
6Xz1aGZP_g084xrBEy0UYJjzozZhj3G1wx_cFS9q-UM,e1a3c3b6df492a58fde15be36a8371bc
6Xz1aGZP_g084xrBEy0UYJjzozZhj3G1wx_cFS9q-UM,baaa6ac98f0046cd28cb449d57cda67b
6Xz1aGZP_g084xrBEy0UYJjzozZhj3G1wx_cFS9q-UM,d42cfd63273bde3c8ec1a28cc386b6e4
6Xz1aGZP_g084xrBEy0UYJjzozZhj3G1wx_cFS9q-UM,c4d03552ce81ead5f05fb73466cefa91
6Xz1aGZP_g084xrBEy0UYJjzozZhj3G1wx_cFS9q-UM,10cfc2133d17cb891e652b6dbf3d8d6b
6Xz1aGZP_g084xrBEy0UYJjzozZhj3G1wx_cFS9q-UM,e5c537d99a7a3ce82913c1f6f4feed0f
6Xz1aGZP_g084xrBEy0UYJjzozZhj3G1wx_cFS9q-UM,a546ae081467e6aadd4073d2b0770a46
6Xz1aGZP_g084xrBEy0UYJjzozZhj3G1wx_cFS9q-UM,81a96f56bd9d0f3dc9c5b44f8de35b28
6Xz1aGZP_g084xrBEy0UYJjzozZhj3G1wx_cFS9q-UM,4c12d6a82cb0a75ee556a54ab1afc21e
6Xz1aGZP_g084xrBEy0UYJjzozZhj3G1wx_cFS9q-UM,42fa5fb5e0a3116a04abcfb82f7c67b1
6Xz1aGZP_g084xrBEy0UYJjzozZhj3G1wx_cFS9q-UM,7eb31f6d5217d64ffbf0618dbe6262d8
6Xz1aGZP_g084xrBEy0UYJjzozZhj3G1wx_cFS9q-UM,77492fc21b1daf8544a420887e6d1d70
6Xz1aGZP_g084xrBEy0UYJjzozZhj3G1wx_cFS9q-UM,141279d674ee6e0254ae0a84cf6973f2
6Xz1aGZP_g084xrBEy0UYJjzozZhj3G1wx_cFS9q-UM,94a12f2a61b594d07e3446298c5cf9c8
6Xz1aGZP_g084xrBEy0UYJjzozZhj3G1wx_cFS9q-UM,c71238494316c0aacdaac8c71bfae0ca
6xSAqvQy_Z-Us1pkj_VDz5A-AZaIveMqaVDT-zuO-nE,0efe86c2b6f82177781784eb6907e14f
6xSAqvQy_Z-Us1pkj_VDz5A-AZaIveMqaVDT-zuO-nE,83cb7e5ffa2232398367138cc24bfd22
6xSAqvQy_Z-Us1pkj_VDz5A-AZaIveMqaVDT-zuO-nE,860b148b19124eae567ff65e4e5dcb87
6xSAqvQy_Z-Us1pkj_VDz5A-AZaIveMqaVDT-zuO-nE,32792e968f3dd7a74febc7899192a306
7Grk1NNK3XYiCjt1lfobViSPIzrXCiOADVp7vvhCa_k,c98b8ea53680a70cfd690d7664c2f2b9
7Grk1NNK3XYiCjt1lfobViSPIzrXCiOADVp7vvhCa_k,711c2e0b28ab881ba1f69f19688d98af
7Grk1NNK3XYiCjt1lfobViSPIzrXCiOADVp7vvhCa_k,5206e812a0eccce817202589e83442d8
7Grk1NNK3XYiCjt1lfobViSPIzrXCiOADVp7vvhCa_k,855aedec817849487bdf5cb0dc1c9a2b
7Grk1NNK3XYiCjt1lfobViSPIzrXCiOADVp7vvhCa_k,4c2587db4d0ce9b298c59637f625d259
7Grk1NNK3XYiCjt1lfobViSPIzrXCiOADVp7vvhCa_k,c5ff2eb4bddf65d6521de4af59d7670a
7Grk1NNK3XYiCjt1lfobViSPIzrXCiOADVp7vvhCa_k,81b955c1bb5f028bef83af8b01f02f83
7Grk1NNK3XYiCjt1lfobViSPIzrXCiOADVp7vvhCa_k,713c43d58c19946cc6fd0f7a0ac4b2d6
7Grk1NNK3XYiCjt1lfobViSPIzrXCiOADVp7vvhCa_k,7aed1369490ff20cd8a194e62771bcaf
7Grk1NNK3XYiCjt1lfobViSPIzrXCiOADVp7vvhCa_k,d761631a3f80e482b786abab7be60bb1
7Grk1NNK3XYiCjt1lfobViSPIzrXCiOADVp7vvhCa_k,b1efef87d4c2395b460849ffa4685331
7Grk1NNK3XYiCjt1lfobViSPIzrXCiOADVp7vvhCa_k,9f3de278a2f3b57a19ead739e6a3dbf1
7Grk1NNK3XYiCjt1lfobViSPIzrXCiOADVp7vvhCa_k,90f1b79c16714fe22765b5c0961e23c3
7Grk1NNK3XYiCjt1lfobViSPIzrXCiOADVp7vvhCa_k,a26d6de966fa2ff973a1d5896137347e
7Grk1NNK3XYiCjt1lfobViSPIzrXCiOADVp7vvhCa_k,0048f0d9a4d0ca697e31077bab7b2471
95mZGlSSMrgK7GkSX_xfx_jAMlgsojYhlbOIhxdGoVE,d399b5bd97ce1a8a52eab8fd3625c362
95mZGlSSMrgK7GkSX_xfx_jAMlgsojYhlbOIhxdGoVE,324137b7ede9cf1400d21f9191350a45
95mZGlSSMrgK7GkSX_xfx_jAMlgsojYhlbOIhxdGoVE,328b7cf7a675ebc4e1dcd14677a2cf03
95mZGlSSMrgK7GkSX_xfx_jAMlgsojYhlbOIhxdGoVE,df8f008f0d27747c013c482a2b799ae0
95mZGlSSMrgK7GkSX_xfx_jAMlgsojYhlbOIhxdGoVE,af6f06053ca5d9bcf1d6ff923ae7dec5
95mZGlSSMrgK7GkSX_xfx_jAMlgsojYhlbOIhxdGoVE,0ee7cb2c87559c63b733fb88f57f38fb
95mZGlSSMrgK7GkSX_xfx_jAMlgsojYhlbOIhxdGoVE,667e143b177d57afa84410c60893e65b
95mZGlSSMrgK7GkSX_xfx_jAMlgsojYhlbOIhxdGoVE,bddbba4d513be6a6bfa5386ac7ee52de
95mZGlSSMrgK7GkSX_xfx_jAMlgsojYhlbOIhxdGoVE,3bf8f3d8ff76fb5aecdca217e30af9e2
95mZGlSSMrgK7GkSX_xfx_jAMlgsojYhlbOIhxdGoVE,fad7673d1a6a81b60d8d7352a495720a
95mZGlSSMrgK7GkSX_xfx_jAMlgsojYhlbOIhxdGoVE,ff8346ed1a1cc3f5e032c74eedacb67b
95mZGlSSMrgK7GkSX_xfx_jAMlgsojYhlbOIhxdGoVE,7eb4234987e68433f8879f8701738187
95mZGlSSMrgK7GkSX_xfx_jAMlgsojYhlbOIhxdGoVE,e2008d35dde67d8be12c4413bb08948d
95mZGlSSMrgK7GkSX_xfx_jAMlgsojYhlbOIhxdGoVE,eb71739176acae7bc31cc802ad9cdf50
95mZGlSSMrgK7GkSX_xfx_jAMlgsojYhlbOIhxdGoVE,b469cbeed7f26e50119fede5c4520400
95mZGlSSMrgK7GkSX_xfx_jAMlgsojYhlbOIhxdGoVE,36aa90ec6a5b1b91896765c6e97f7de1
9T0rg9AnasRkTw_sUPRRI-9rcZNFxv71DT1dMqY8UGA,156c03c547a2f35dcd8b849ea7219cff
9T0rg9AnasRkTw_sUPRRI-9rcZNFxv71DT1dMqY8UGA,9477acf6e652b577144094cfad1ac303
9T0rg9AnasRkTw_sUPRRI-9rcZNFxv71DT1dMqY8UGA,c749fec8c641f6af5ee9a5e7688976e4
9T0rg9AnasRkTw_sUPRRI-9rcZNFxv71DT1dMqY8UGA,b269a291c6308e1d179d3100f834e073
9T0rg9AnasRkTw_sUPRRI-9rcZNFxv71DT1dMqY8UGA,6bf18e66305adeb3fa4aa36f67a0efd5
9T0rg9AnasRkTw_sUPRRI-9rcZNFxv71DT1dMqY8UGA,218218963db9d89f764644c42f8c78f2
9T0rg9AnasRkTw_sUPRRI-9rcZNFxv71DT1dMqY8UGA,1b7ddf225ed6af9f9abee261e4f19ae7
9T0rg9AnasRkTw_sUPRRI-9rcZNFxv71DT1dMqY8UGA,2cc67b5c19e6983fea95b2c9c79c972f
9T0rg9AnasRkTw_sUPRRI-9rcZNFxv71DT1dMqY8UGA,4ffe27c9cf625ba72c32d389ecf3636d
9T0rg9AnasRkTw_sUPRRI-9rcZNFxv71DT1dMqY8UGA,a7d38eb6163f7b88fb28f0e4b5d06245
9T0rg9AnasRkTw_sUPRRI-9rcZNFxv71DT1dMqY8UGA,9893e753908c4cf2f4e0a2ac2a49962e
9T0rg9AnasRkTw_sUPRRI-9rcZNFxv71DT1dMqY8UGA,1501750a83e604ac6015671c63a4dccb
9T0rg9AnasRkTw_sUPRRI-9rcZNFxv71DT1dMqY8UGA,8b81fd94c8c5647422f90b2af69f2385
9T0rg9AnasRkTw_sUPRRI-9rcZNFxv71DT1dMqY8UGA,fb5c47c4cfbcb9b6d352f1bdf960f01f
9T0rg9AnasRkTw_sUPRRI-9rcZNFxv71DT1dMqY8UGA,8a3d02d9f86a4b388a2109efb3f52b2c
9T0rg9AnasRkTw_sUPRRI-9rcZNFxv71DT1dMqY8UGA,d6b30c4c7d511ad547047c6422c035ea
9T0rg9AnasRkTw_sUPRRI-9rcZNFxv71DT1dMqY8UGA,2df21c7458b71ab0fb27a4db7e5c5af0
9T0rg9AnasRkTw_sUPRRI-9rcZNFxv71DT1dMqY8UGA,1c5a5997210b5239c8abef2bb5450f1d
9T0rg9AnasRkTw_sUPRRI-9rcZNFxv71DT1dMqY8UGA,0d89f5b1adb8b5c0d52fead18a8aca86
9T0rg9AnasRkTw_sUPRRI-9rcZNFxv71DT1dMqY8UGA,9986e16c6f16a2e0055852fcaced22ce
9T0rg9AnasRkTw_sUPRRI-9rcZNFxv71DT1dMqY8UGA,637e823c0998574e7982ba4f97c740c6
9T0rg9AnasRkTw_sUPRRI-9rcZNFxv71DT1dMqY8UGA,ab95fb90ced391f15f4f32de9474942c
9T0rg9AnasRkTw_sUPRRI-9rcZNFxv71DT1dMqY8UGA,78056f8ec7e0ec4d6ccfd230f0b50a5a
9T0rg9AnasRkTw_sUPRRI-9rcZNFxv71DT1dMqY8UGA,976af32b0a4767014628cdc120bd672c
9T0rg9AnasRkTw_sUPRRI-9rcZNFxv71DT1dMqY8UGA,d45584eb7a9a3d18da400a2a6b668202
9T0rg9AnasRkTw_sUPRRI-9rcZNFxv71DT1dMqY8UGA,74ca8e60ec28026a3d677953bf1b5fa7
Ajn0E-3juN47I6dkxaN3TiP_VVDioqI5OEBdFop48tI,aebe86dba818e68647ea9037640b6ec6
Ajn0E-3juN47I6dkxaN3TiP_VVDioqI5OEBdFop48tI,2acb1e6871621263fe77567fcdcbb622
Ajn0E-3juN47I6dkxaN3TiP_VVDioqI5OEBdFop48tI,6de8b6dd4e842884a3abf17fc6568ce2
Ajn0E-3juN47I6dkxaN3TiP_VVDioqI5OEBdFop48tI,480ce237dbf78a8032b053a49b74d0df
Ajn0E-3juN47I6dkxaN3TiP_VVDioqI5OEBdFop48tI,cbd9cba29a166e7e53067c72dfe5a397
Ajn0E-3juN47I6dkxaN3TiP_VVDioqI5OEBdFop48tI,2392e0ab82b72af67da381a13f73371f
Ajn0E-3juN47I6dkxaN3TiP_VVDioqI5OEBdFop48tI,dec49c852c7ed3cc2749ac4842f091bf
Ajn0E-3juN47I6dkxaN3TiP_VVDioqI5OEBdFop48tI,b4c48b64b71000b3b0ad937cd6d75cd0
Ajn0E-3juN47I6dkxaN3TiP_VVDioqI5OEBdFop48tI,4b8bd107c9c250e73b64668abf5c7288
Ajn0E-3juN47I6dkxaN3TiP_VVDioqI5OEBdFop48tI,c8877b250abf9b3085e7261fd0be010d
Ajn0E-3juN47I6dkxaN3TiP_VVDioqI5OEBdFop48tI,7a7ef55e5aff084c5410cb32e9e8db20
Ajn0E-3juN47I6dkxaN3TiP_VVDioqI5OEBdFop48tI,073dce26a6e5e4e63043c4f4dc381e78
Ajn0E-3juN47I6dkxaN3TiP_VVDioqI5OEBdFop48tI,80d42776914e984ab8ff5bf0490aab6f
Ajn0E-3juN47I6dkxaN3TiP_VVDioqI5OEBdFop48tI,7b119d86705f099f4c34527036711337
Ajn0E-3juN47I6dkxaN3TiP_VVDioqI5OEBdFop48tI,d6b80dc0494736c96b6655db1aeb8e57
Ajn0E-3juN47I6dkxaN3TiP_VVDioqI5OEBdFop48tI,6b4f75accc8064eb519f223e2053742a
Ajn0E-3juN47I6dkxaN3TiP_VVDioqI5OEBdFop48tI,04907501ae7c1c4168fbcf1fb7695769
Ajn0E-3juN47I6dkxaN3TiP_VVDioqI5OEBdFop48tI,201021eb5cd55a2c01e5ef5d1344015c
Ajn0E-3juN47I6dkxaN3TiP_VVDioqI5OEBdFop48tI,b9e191e98356a29905e08e767a16e6d0
Ajn0E-3juN47I6dkxaN3TiP_VVDioqI5OEBdFop48tI,49dcfe9d61d0c8ce45d868a7ee5f9184
Ajn0E-3juN47I6dkxaN3TiP_VVDioqI5OEBdFop48tI,68dc7c3c81b96e25b72090e1a95314c7
Ajn0E-3juN47I6dkxaN3TiP_VVDioqI5OEBdFop48tI,e5ea13f94a1658e5fdc6ac8d61724d8f
Ajn0E-3juN47I6dkxaN3TiP_VVDioqI5OEBdFop48tI,653658d0a0f1e3605ce923cd7686fddd
Ajn0E-3juN47I6dkxaN3TiP_VVDioqI5OEBdFop48tI,00112158c308d48307e95b841f678df8
Ajn0E-3juN47I6dkxaN3TiP_VVDioqI5OEBdFop48tI,3542d179faa6cac8242fb6525e8bf1b6
Ajn0E-3juN47I6dkxaN3TiP_VVDioqI5OEBdFop48tI,b0a9bb8fd61debeb386f20e5851b22fb
Ajn0E-3juN47I6dkxaN3TiP_VVDioqI5OEBdFop48tI,dc69ba3f98c1319de72a3e39e8e4e421
Ajn0E-3juN47I6dkxaN3TiP_VVDioqI5OEBdFop48tI,cd8f0dafbd411b791373afdcf9feb915
Ajn0E-3juN47I6dkxaN3TiP_VVDioqI5OEBdFop48tI,0d1ad1c54cdc7c08cd6653c0fff4e015
Ajn0E-3juN47I6dkxaN3TiP_VVDioqI5OEBdFop48tI,b40fdd1cb070a5cf4c8809978b0b50e5
Ajn0E-3juN47I6dkxaN3TiP_VVDioqI5OEBdFop48tI,2443627dee3475ee5aed3e26ec8f44ca
Ajn0E-3juN47I6dkxaN3TiP_VVDioqI5OEBdFop48tI,93adb1bf39531147c519051c2a89b4ba
Ajn0E-3juN47I6dkxaN3TiP_VVDioqI5OEBdFop48tI,88d8e1d3f10caef5aa1f6e44ac9a5a8a
Ajn0E-3juN47I6dkxaN3TiP_VVDioqI5OEBdFop48tI,7552c79011a9fa638537b874c3ab5acf
Ajn0E-3juN47I6dkxaN3TiP_VVDioqI5OEBdFop48tI,b2358715246afcf8961807026f874762
Ajn0E-3juN47I6dkxaN3TiP_VVDioqI5OEBdFop48tI,7e1fe762413c8f1d6286afb71a1ff244
Ajn0E-3juN47I6dkxaN3TiP_VVDioqI5OEBdFop48tI,66719418820928aaf2183754d49ec4e3
Ajn0E-3juN47I6dkxaN3TiP_VVDioqI5OEBdFop48tI,90877c2bc5283b235e23ab16f5f2105a
Ajn0E-3juN47I6dkxaN3TiP_VVDioqI5OEBdFop48tI,e5bc6ea0e822559770e92eb409550167
Ajn0E-3juN47I6dkxaN3TiP_VVDioqI5OEBdFop48tI,1eecdb9780c296b4e2b4e306369f605e
DF_TvDglB-jDlNiMHqrOyzMLB4dvQwkwFp_WEpXc5Yg,ab71b1c5c2ed8aa14da8d22291db96d7
DF_TvDglB-jDlNiMHqrOyzMLB4dvQwkwFp_WEpXc5Yg,c26c51d93b3e1846c622ac5bb22abd33
DF_TvDglB-jDlNiMHqrOyzMLB4dvQwkwFp_WEpXc5Yg,6519ec90884da5dad44cbe2c355f569c
DF_TvDglB-jDlNiMHqrOyzMLB4dvQwkwFp_WEpXc5Yg,ee2df76ed985690ba8f23d377b5ff273
DF_TvDglB-jDlNiMHqrOyzMLB4dvQwkwFp_WEpXc5Yg,d1b75848f14302af9dfe848801a1b9c2
DF_TvDglB-jDlNiMHqrOyzMLB4dvQwkwFp_WEpXc5Yg,3ad6c2ea2de1d509884bc6037094713e
DF_TvDglB-jDlNiMHqrOyzMLB4dvQwkwFp_WEpXc5Yg,83c16a5818cd82c37d8f72ebbdf2938b
DF_TvDglB-jDlNiMHqrOyzMLB4dvQwkwFp_WEpXc5Yg,2f3c3ffd479253edae14549292caeeef
DF_TvDglB-jDlNiMHqrOyzMLB4dvQwkwFp_WEpXc5Yg,da186d0781e97951fec7865902e8be20
DF_TvDglB-jDlNiMHqrOyzMLB4dvQwkwFp_WEpXc5Yg,1dbe22c6792d6dd570676680ebbfa96a
DF_TvDglB-jDlNiMHqrOyzMLB4dvQwkwFp_WEpXc5Yg,28becf9e5d25a33fd38e8e8a6ee3eef4
DF_TvDglB-jDlNiMHqrOyzMLB4dvQwkwFp_WEpXc5Yg,652500aa90597ed06ccc8f15bc9b83aa
DF_TvDglB-jDlNiMHqrOyzMLB4dvQwkwFp_WEpXc5Yg,bb88c1c64735ea8a4dadbe036b47d315
DF_TvDglB-jDlNiMHqrOyzMLB4dvQwkwFp_WEpXc5Yg,057714b6cae8d7c10f52ada5dcf87056
Emel-lHVBvlLuD5uIvHVc3k8-1jsv0Uad9NRjsjrkKQ,a2215b9a9331ad8febcb2e731fafaa64
Emel-lHVBvlLuD5uIvHVc3k8-1jsv0Uad9NRjsjrkKQ,ef565d5759c9fa758984c6dcc25f6b2d
Emel-lHVBvlLuD5uIvHVc3k8-1jsv0Uad9NRjsjrkKQ,a7fd9dbaa33063b9d6e4b7ca86974254
Emel-lHVBvlLuD5uIvHVc3k8-1jsv0Uad9NRjsjrkKQ,71febd2af4357dda213d6af38a471f71
Emel-lHVBvlLuD5uIvHVc3k8-1jsv0Uad9NRjsjrkKQ,53a93fbfca4c94798d98d8a4d9fc893f
Emel-lHVBvlLuD5uIvHVc3k8-1jsv0Uad9NRjsjrkKQ,db52d0d2b1fb98577154c3b744ee75ce
Emel-lHVBvlLuD5uIvHVc3k8-1jsv0Uad9NRjsjrkKQ,1fb38847bcbf1b78b9770616cfdf417e
Emel-lHVBvlLuD5uIvHVc3k8-1jsv0Uad9NRjsjrkKQ,f1fc23a15c66752aa87b8efd4f397e0f
JQdy-88z-nwoTsWK0MBddftPtzxSNC6pxN7Iel4oScQ,65c9491ad0d122231396231f538ab384
JQdy-88z-nwoTsWK0MBddftPtzxSNC6pxN7Iel4oScQ,c8b360fab5a04876d3ab7de44d9fe704
JQdy-88z-nwoTsWK0MBddftPtzxSNC6pxN7Iel4oScQ,9c67af7a934b2e2dc13d3724d34a508b
JQdy-88z-nwoTsWK0MBddftPtzxSNC6pxN7Iel4oScQ,d1934a0686f64c5a9683ffc37d9555ae
JQdy-88z-nwoTsWK0MBddftPtzxSNC6pxN7Iel4oScQ,d992ff920628768fdb75419bbc847444
JQdy-88z-nwoTsWK0MBddftPtzxSNC6pxN7Iel4oScQ,64668fa9746cd5da33173b5b9c94c77a
JQdy-88z-nwoTsWK0MBddftPtzxSNC6pxN7Iel4oScQ,918086b5026c414fa4136eb04a08ce99
JQdy-88z-nwoTsWK0MBddftPtzxSNC6pxN7Iel4oScQ,7e80e420f113e6f22b7b3dfa8fb22a55
JQdy-88z-nwoTsWK0MBddftPtzxSNC6pxN7Iel4oScQ,13e5b6e8a3d1358d89216bf3757f646b
JQdy-88z-nwoTsWK0MBddftPtzxSNC6pxN7Iel4oScQ,8f4d745ea1d0c45855f4675a4cc6eb0f
JQdy-88z-nwoTsWK0MBddftPtzxSNC6pxN7Iel4oScQ,eb709f90cfd20015a7db73691694082b
JQdy-88z-nwoTsWK0MBddftPtzxSNC6pxN7Iel4oScQ,47d3b2619c4c87ae5b10660792ed8c22
JQdy-88z-nwoTsWK0MBddftPtzxSNC6pxN7Iel4oScQ,fc9dd446f97252290abb4ee487eb0f26
JQdy-88z-nwoTsWK0MBddftPtzxSNC6pxN7Iel4oScQ,794f62f22fb7e83ea3158fcbd014d356
JQdy-88z-nwoTsWK0MBddftPtzxSNC6pxN7Iel4oScQ,eeb969636e82308ae3c4c26148be99a5
JQdy-88z-nwoTsWK0MBddftPtzxSNC6pxN7Iel4oScQ,5ccf46e5c526394e4fd2376a34029cd0
JQdy-88z-nwoTsWK0MBddftPtzxSNC6pxN7Iel4oScQ,b293ec7c7e25cf4e8e93c1c2615eec1b
JQdy-88z-nwoTsWK0MBddftPtzxSNC6pxN7Iel4oScQ,77ba0d2a1851d121d2213e9f548169fc
JQdy-88z-nwoTsWK0MBddftPtzxSNC6pxN7Iel4oScQ,1a30d59df8d3874793e90e18a2be37db
JQdy-88z-nwoTsWK0MBddftPtzxSNC6pxN7Iel4oScQ,cd47b78166d39244afd6ea272b531d1b
JQdy-88z-nwoTsWK0MBddftPtzxSNC6pxN7Iel4oScQ,17bee6dd2ff0647308316fb296f9105d
JQdy-88z-nwoTsWK0MBddftPtzxSNC6pxN7Iel4oScQ,73910f8eea7a29e34fc12152496381f5
JQdy-88z-nwoTsWK0MBddftPtzxSNC6pxN7Iel4oScQ,45539c6e036c9d389e1181e88ec5405f
JQdy-88z-nwoTsWK0MBddftPtzxSNC6pxN7Iel4oScQ,f38d78aacad6e852732890865dc990a2
JQdy-88z-nwoTsWK0MBddftPtzxSNC6pxN7Iel4oScQ,6226738017fff25836c4d0f3299b360d
JQdy-88z-nwoTsWK0MBddftPtzxSNC6pxN7Iel4oScQ,ad9887268efae51d2a71b9d7e0b707c8
JQdy-88z-nwoTsWK0MBddftPtzxSNC6pxN7Iel4oScQ,7e8432070dad71c917cbea7e375fde35
JQdy-88z-nwoTsWK0MBddftPtzxSNC6pxN7Iel4oScQ,531fbdc486cc02e5761a757777b8ffdf
JQdy-88z-nwoTsWK0MBddftPtzxSNC6pxN7Iel4oScQ,4082b79e28bee2b375af7c75b02f093c
JQdy-88z-nwoTsWK0MBddftPtzxSNC6pxN7Iel4oScQ,6e988a9c1ade6ee8f4253ef84048949a
JQdy-88z-nwoTsWK0MBddftPtzxSNC6pxN7Iel4oScQ,ddd432bd899d2be68e430e6db7b56121
JQdy-88z-nwoTsWK0MBddftPtzxSNC6pxN7Iel4oScQ,28198cb55d6696a7d5f6cf68ec9df159
JQdy-88z-nwoTsWK0MBddftPtzxSNC6pxN7Iel4oScQ,30c01159493adafc50c4ff1ef5bfa7cf
JQdy-88z-nwoTsWK0MBddftPtzxSNC6pxN7Iel4oScQ,d1e387dc2fad9df1c1e9102d6e2f6a3c
JQdy-88z-nwoTsWK0MBddftPtzxSNC6pxN7Iel4oScQ,5f6dae1cf97bff5b1924d67923addf9b
JQdy-88z-nwoTsWK0MBddftPtzxSNC6pxN7Iel4oScQ,25a97ae2d0a83f5efae54f38093b4303
JQdy-88z-nwoTsWK0MBddftPtzxSNC6pxN7Iel4oScQ,c050dd0ace9a5383945212717ecdd7cb
JQdy-88z-nwoTsWK0MBddftPtzxSNC6pxN7Iel4oScQ,c3379f1bdd707cd03120bb578a57376f
JQdy-88z-nwoTsWK0MBddftPtzxSNC6pxN7Iel4oScQ,384dc5302f84b3660201be969d7e9a1f
JQdy-88z-nwoTsWK0MBddftPtzxSNC6pxN7Iel4oScQ,9d202100806ed378feb1ad9cfcbc739b
JQdy-88z-nwoTsWK0MBddftPtzxSNC6pxN7Iel4oScQ,3ec96944ef471a54e177762296f64d94
JQdy-88z-nwoTsWK0MBddftPtzxSNC6pxN7Iel4oScQ,ffb17fadec69a6905de8aae9d59e98a9
JQdy-88z-nwoTsWK0MBddftPtzxSNC6pxN7Iel4oScQ,f4d59c99f8079e63730ae8b2fb534d13
JQdy-88z-nwoTsWK0MBddftPtzxSNC6pxN7Iel4oScQ,575d67c072ad20075e6a1ed5d220c1cd
JQdy-88z-nwoTsWK0MBddftPtzxSNC6pxN7Iel4oScQ,aa6fa3a381b492877ff547008064150a
NUDNE9WoUBzxlMEe1LQa4gz-xUGpIFbXnDs2eW3NJhI,bc485f4b083e1b72bf2570ec94ef94a5
NUDNE9WoUBzxlMEe1LQa4gz-xUGpIFbXnDs2eW3NJhI,a49f1fe406e211e11a6e05583b198a02
NUDNE9WoUBzxlMEe1LQa4gz-xUGpIFbXnDs2eW3NJhI,feabbe9e11e83cabb32f410028d658b9
NUDNE9WoUBzxlMEe1LQa4gz-xUGpIFbXnDs2eW3NJhI,dd0f56343098fb91961c3ab695e7e37a
NUDNE9WoUBzxlMEe1LQa4gz-xUGpIFbXnDs2eW3NJhI,768c8342a23e470cde694cf7d75318bd
NUDNE9WoUBzxlMEe1LQa4gz-xUGpIFbXnDs2eW3NJhI,1f97f4aaee7b564c6d1089a61f29706b
NUDNE9WoUBzxlMEe1LQa4gz-xUGpIFbXnDs2eW3NJhI,fc65b84d8183e3a872785b4e2eecaa66
PIZ1cRaUw7gN2AHaIaE6UPVAnuAq-6LR04I9pkj6FLo,a20bf98908bf014e22c8cc0a23fe8a2f
PIZ1cRaUw7gN2AHaIaE6UPVAnuAq-6LR04I9pkj6FLo,b25ccf81f220d0b7c077ca85c2f42e14
PIZ1cRaUw7gN2AHaIaE6UPVAnuAq-6LR04I9pkj6FLo,e893ca02bd4c6863f70d516f1a37dc1b
PIZ1cRaUw7gN2AHaIaE6UPVAnuAq-6LR04I9pkj6FLo,9dbf86fdcce1718d44070ab28e606d15
PIZ1cRaUw7gN2AHaIaE6UPVAnuAq-6LR04I9pkj6FLo,bc0998ef577cd42a6538bfa5589427ed
PIZ1cRaUw7gN2AHaIaE6UPVAnuAq-6LR04I9pkj6FLo,27e3239e4b54e8063359f3e8d98338ee
PIZ1cRaUw7gN2AHaIaE6UPVAnuAq-6LR04I9pkj6FLo,3b75777e48c78b066cb696ecdb516d4c
PIZ1cRaUw7gN2AHaIaE6UPVAnuAq-6LR04I9pkj6FLo,f8e9031cacf69ab44ebb5db40483166d
PIZ1cRaUw7gN2AHaIaE6UPVAnuAq-6LR04I9pkj6FLo,0a4335cbc3c6a13d09baf80adcada041
PIZ1cRaUw7gN2AHaIaE6UPVAnuAq-6LR04I9pkj6FLo,800d5d4d2c88d5a7642529de33f6faa8
PIZ1cRaUw7gN2AHaIaE6UPVAnuAq-6LR04I9pkj6FLo,2703b5446db4c0e6a879a0a956b0ea3c
PIZ1cRaUw7gN2AHaIaE6UPVAnuAq-6LR04I9pkj6FLo,71affd9167bebfa3402da73d5b02036c
PIZ1cRaUw7gN2AHaIaE6UPVAnuAq-6LR04I9pkj6FLo,06e8b5f8ea5aa29958fdb640f8a568aa
PIZ1cRaUw7gN2AHaIaE6UPVAnuAq-6LR04I9pkj6FLo,b90ed5dfb5e3d249556aa78ffdf6cabb
PIZ1cRaUw7gN2AHaIaE6UPVAnuAq-6LR04I9pkj6FLo,ad64a2c2ff09972b97819897dfae2e60
PIZ1cRaUw7gN2AHaIaE6UPVAnuAq-6LR04I9pkj6FLo,09735076f4d5e0fdbc4c883a3ec74072
PIZ1cRaUw7gN2AHaIaE6UPVAnuAq-6LR04I9pkj6FLo,255c1696e18c714d0045bc2bbda06147
PIZ1cRaUw7gN2AHaIaE6UPVAnuAq-6LR04I9pkj6FLo,7a4dffa1cfd94789eb35026fffe252a2
PIZ1cRaUw7gN2AHaIaE6UPVAnuAq-6LR04I9pkj6FLo,8c0ffd9724615660a5a15ecf75b32fae
PIZ1cRaUw7gN2AHaIaE6UPVAnuAq-6LR04I9pkj6FLo,bdf94d42da88cab8f92f36efb7d82185
PIZ1cRaUw7gN2AHaIaE6UPVAnuAq-6LR04I9pkj6FLo,1b6907c78993aca01516f89d1ecf769b
PIZ1cRaUw7gN2AHaIaE6UPVAnuAq-6LR04I9pkj6FLo,6f13e7e719eef49a878f4c7b65ba0647
PIZ1cRaUw7gN2AHaIaE6UPVAnuAq-6LR04I9pkj6FLo,4b637cfbcb24de2ee43de49fd96546dd
PIZ1cRaUw7gN2AHaIaE6UPVAnuAq-6LR04I9pkj6FLo,b5bb3a5e8391065143147aab3abefe38
PIZ1cRaUw7gN2AHaIaE6UPVAnuAq-6LR04I9pkj6FLo,18fc3d852d3483093843bc5757a10d4b
PIZ1cRaUw7gN2AHaIaE6UPVAnuAq-6LR04I9pkj6FLo,462d9170cb8f72eda0589cec6bfbff01
PIZ1cRaUw7gN2AHaIaE6UPVAnuAq-6LR04I9pkj6FLo,97397e09649477eeed2028a6696076e7
PIZ1cRaUw7gN2AHaIaE6UPVAnuAq-6LR04I9pkj6FLo,4403edb61d8fb544fc3379d4d08e238d
PIZ1cRaUw7gN2AHaIaE6UPVAnuAq-6LR04I9pkj6FLo,401227853a450a533bbe8ade5233e266
PIZ1cRaUw7gN2AHaIaE6UPVAnuAq-6LR04I9pkj6FLo,6d9bfdf2af3efca06a5f9a57334feb1e
PIZ1cRaUw7gN2AHaIaE6UPVAnuAq-6LR04I9pkj6FLo,efcf2e41ccc5cbd6dccc67a179aa28c8
PIZ1cRaUw7gN2AHaIaE6UPVAnuAq-6LR04I9pkj6FLo,90598a83c394114a7627dc888d92dbfb
PIZ1cRaUw7gN2AHaIaE6UPVAnuAq-6LR04I9pkj6FLo,b3560c477f9a7fa45f71fe2da386349c
PIZ1cRaUw7gN2AHaIaE6UPVAnuAq-6LR04I9pkj6FLo,c1d67e3d1c7c735d690b362c4fa7a0d8
PIZ1cRaUw7gN2AHaIaE6UPVAnuAq-6LR04I9pkj6FLo,bd658b37374fc12ec8ebcc5e18a3d586
PIZ1cRaUw7gN2AHaIaE6UPVAnuAq-6LR04I9pkj6FLo,63b2e77adad6a70714a4d5442b8a262d
PIZ1cRaUw7gN2AHaIaE6UPVAnuAq-6LR04I9pkj6FLo,71d765598fe41543996d1b622fa525f5
RdU37isT98Jr1e9DqgrjHCl5gBYI1lDJtt7n7QdhFr4,a6e23048b9b5a91fc24cc20930f00fc9
RdU37isT98Jr1e9DqgrjHCl5gBYI1lDJtt7n7QdhFr4,a8d857fc1d2e5cec1bb6847771a343cd
RdU37isT98Jr1e9DqgrjHCl5gBYI1lDJtt7n7QdhFr4,e27c06706baad66a89708192d868315a
RdU37isT98Jr1e9DqgrjHCl5gBYI1lDJtt7n7QdhFr4,de90f1bc71fa544765b61a2766eb7fda
RdU37isT98Jr1e9DqgrjHCl5gBYI1lDJtt7n7QdhFr4,e8c1181a733debb6edba42ac3310efc6
RdU37isT98Jr1e9DqgrjHCl5gBYI1lDJtt7n7QdhFr4,ff4499cb94dbd7c301e47749b53195f1
RdU37isT98Jr1e9DqgrjHCl5gBYI1lDJtt7n7QdhFr4,57cf90b9a64edd7d44772b09071df05b
RdU37isT98Jr1e9DqgrjHCl5gBYI1lDJtt7n7QdhFr4,e5fd52f1ab7924b2f9a9b0fb1666271d
RdU37isT98Jr1e9DqgrjHCl5gBYI1lDJtt7n7QdhFr4,c3add764505d37ff19c41b4af04b4e41
RdU37isT98Jr1e9DqgrjHCl5gBYI1lDJtt7n7QdhFr4,763dded6dd2e32052374af718bc634f5
RdU37isT98Jr1e9DqgrjHCl5gBYI1lDJtt7n7QdhFr4,4042e11326a3b4d70c39122d49c84b45
RdU37isT98Jr1e9DqgrjHCl5gBYI1lDJtt7n7QdhFr4,5c8401d0e47730a3bad72aae33a4788c
RdU37isT98Jr1e9DqgrjHCl5gBYI1lDJtt7n7QdhFr4,a7cc758a534dedded8604cea3a52b681
RdU37isT98Jr1e9DqgrjHCl5gBYI1lDJtt7n7QdhFr4,05d0675bdef881dd918f023dd82d1d3f
RdU37isT98Jr1e9DqgrjHCl5gBYI1lDJtt7n7QdhFr4,2290fb75108790c0e73c4e3d29943841
RdU37isT98Jr1e9DqgrjHCl5gBYI1lDJtt7n7QdhFr4,96b999cd4a7e7b7567f1ea94aaa34e90
RdU37isT98Jr1e9DqgrjHCl5gBYI1lDJtt7n7QdhFr4,08ea924e3cced4678890cab320e0fffb
RdU37isT98Jr1e9DqgrjHCl5gBYI1lDJtt7n7QdhFr4,e60efad54896b7e53250cfdb69d17778
RdU37isT98Jr1e9DqgrjHCl5gBYI1lDJtt7n7QdhFr4,29f425428472d6afc8b92d6659ea2681
RdU37isT98Jr1e9DqgrjHCl5gBYI1lDJtt7n7QdhFr4,d97172a35c4ac9a3045632fb61c6cc24
RdU37isT98Jr1e9DqgrjHCl5gBYI1lDJtt7n7QdhFr4,40faf981762affc96bdaed08f4b0c99d
RdU37isT98Jr1e9DqgrjHCl5gBYI1lDJtt7n7QdhFr4,dc62ba8610078109d6c252d78855474d
RdU37isT98Jr1e9DqgrjHCl5gBYI1lDJtt7n7QdhFr4,237ef949d0dfd361f67e44934e7aaecf
RdU37isT98Jr1e9DqgrjHCl5gBYI1lDJtt7n7QdhFr4,bf95e9462d06359006364c8d995b9ef5
RdU37isT98Jr1e9DqgrjHCl5gBYI1lDJtt7n7QdhFr4,d2a226f0082b53ef41310a41299ddfc1
RdU37isT98Jr1e9DqgrjHCl5gBYI1lDJtt7n7QdhFr4,ecce2b978fbbe2d9c5386ed89ef6d5ab
RdU37isT98Jr1e9DqgrjHCl5gBYI1lDJtt7n7QdhFr4,e926247cce45d99f5a67b42483e6647d
RdU37isT98Jr1e9DqgrjHCl5gBYI1lDJtt7n7QdhFr4,105b3f10cbaa53c0eed32626f4160308
RdU37isT98Jr1e9DqgrjHCl5gBYI1lDJtt7n7QdhFr4,62e17151a797df1dcc84545a96e2f173
RdU37isT98Jr1e9DqgrjHCl5gBYI1lDJtt7n7QdhFr4,ce294b93bc570e0ca90a5919264c7eeb
RdU37isT98Jr1e9DqgrjHCl5gBYI1lDJtt7n7QdhFr4,35836c4b08276f0975ada4b9ad29d539
RiUtVC888GhxiPPvh_EVBY5JLaXi5qWWK94tkNVeHbY,1c8e217df737d8bfbf795c9d6bf84da4
RiUtVC888GhxiPPvh_EVBY5JLaXi5qWWK94tkNVeHbY,6049c381214bebd38d1b1e7f572bf2ad
RiUtVC888GhxiPPvh_EVBY5JLaXi5qWWK94tkNVeHbY,c6dca5ec8b7ef324c6f0a36d68b2c458
RiUtVC888GhxiPPvh_EVBY5JLaXi5qWWK94tkNVeHbY,2765c15abab1c6701a9102edae1b6c27
RiUtVC888GhxiPPvh_EVBY5JLaXi5qWWK94tkNVeHbY,9586938a1a6e0bad16ef77bfa77d7fdc
RiUtVC888GhxiPPvh_EVBY5JLaXi5qWWK94tkNVeHbY,988bf901d5de1d9dae3d825801ca8245
RiUtVC888GhxiPPvh_EVBY5JLaXi5qWWK94tkNVeHbY,65f2a14dc3e40ad9fed6a910bc46bec9
RiUtVC888GhxiPPvh_EVBY5JLaXi5qWWK94tkNVeHbY,c3e88f4b1659424baa9d33fd52e4914d
RiUtVC888GhxiPPvh_EVBY5JLaXi5qWWK94tkNVeHbY,aaabab9b54b2ef0000cedff25dae211a
RiUtVC888GhxiPPvh_EVBY5JLaXi5qWWK94tkNVeHbY,cc883f7c617720066316c6b63a8e5c30
RiUtVC888GhxiPPvh_EVBY5JLaXi5qWWK94tkNVeHbY,8675b358fdbffec0c534f1d7fc6dda59
RiUtVC888GhxiPPvh_EVBY5JLaXi5qWWK94tkNVeHbY,79e52232ac5ef79362fe5f48529e8798
SJ47wUVOSH7IsveBnaFMvOhunNN_vK-Q0JxKIYsBDBA,3aff484f69a914e6b5805adaf27d2b53
SJ47wUVOSH7IsveBnaFMvOhunNN_vK-Q0JxKIYsBDBA,c697fccdab8ed8ebc9f92880c1269c33
SJ47wUVOSH7IsveBnaFMvOhunNN_vK-Q0JxKIYsBDBA,cbdeb8c1c8bf13f59029a51a68edfc54
SJ47wUVOSH7IsveBnaFMvOhunNN_vK-Q0JxKIYsBDBA,3f636fe0f061e83e996883a40cc37314
SJ47wUVOSH7IsveBnaFMvOhunNN_vK-Q0JxKIYsBDBA,5979098ec74a8286b140dad153e169c9
SJ47wUVOSH7IsveBnaFMvOhunNN_vK-Q0JxKIYsBDBA,978d7ce5ae15cf3bc8e5d75869cc78c1
SJ47wUVOSH7IsveBnaFMvOhunNN_vK-Q0JxKIYsBDBA,2adecc5aa1fc38b73cfdeebb8fee46df
SJ47wUVOSH7IsveBnaFMvOhunNN_vK-Q0JxKIYsBDBA,e09edcff29da1b65e61a7d1e51fcd587
SJ47wUVOSH7IsveBnaFMvOhunNN_vK-Q0JxKIYsBDBA,c7569f657bd45a642f8bfd3061055875
SJ47wUVOSH7IsveBnaFMvOhunNN_vK-Q0JxKIYsBDBA,3b1ded17b7b52245de102f4655f74450
SJ47wUVOSH7IsveBnaFMvOhunNN_vK-Q0JxKIYsBDBA,15721dd77038a50f15a08207a305f61c
SJ47wUVOSH7IsveBnaFMvOhunNN_vK-Q0JxKIYsBDBA,8b5cc1193cfe2ae2f52818e851d2268d
SJ47wUVOSH7IsveBnaFMvOhunNN_vK-Q0JxKIYsBDBA,c8b96f0c33b0f494f592beb8feec89b0
SJ47wUVOSH7IsveBnaFMvOhunNN_vK-Q0JxKIYsBDBA,b55e0664c7c1642cd015b5585a8d5fd3
SJ47wUVOSH7IsveBnaFMvOhunNN_vK-Q0JxKIYsBDBA,2fbdcec5c1626ec52d27bf04d977b33e
SJ47wUVOSH7IsveBnaFMvOhunNN_vK-Q0JxKIYsBDBA,73aaee6a498eaebc11f27c4b80aa36ac
SJ47wUVOSH7IsveBnaFMvOhunNN_vK-Q0JxKIYsBDBA,0c6df6504cf85d2ff1471fe3dbe87edf
SJ47wUVOSH7IsveBnaFMvOhunNN_vK-Q0JxKIYsBDBA,bf8eba1a2fa6b940a8c5a244bd776456
SJ47wUVOSH7IsveBnaFMvOhunNN_vK-Q0JxKIYsBDBA,a7468e6580d6519f282dace244bb1ae5
SJ47wUVOSH7IsveBnaFMvOhunNN_vK-Q0JxKIYsBDBA,c18ae131e35adb52c5ba19c7fd79a502
SJ47wUVOSH7IsveBnaFMvOhunNN_vK-Q0JxKIYsBDBA,7f23af8b5aedefcd5f70b9dfcdd6ad96
TlIG_3sXZLuH7T9nQMivDNnzJn4fFYQy1P0KqC3ldUQ,7ac05db49a083076cb5ed077f16b90e0
TlIG_3sXZLuH7T9nQMivDNnzJn4fFYQy1P0KqC3ldUQ,719fc866000f5edb56700ee0755ea109
TlIG_3sXZLuH7T9nQMivDNnzJn4fFYQy1P0KqC3ldUQ,994fda1a11de04ebfcad96df1140b4fd
TlIG_3sXZLuH7T9nQMivDNnzJn4fFYQy1P0KqC3ldUQ,ec9974ee2752795a6762ea7db6b546e8
TlIG_3sXZLuH7T9nQMivDNnzJn4fFYQy1P0KqC3ldUQ,3084f8cc460d803381f0f26d36032f7f
TlIG_3sXZLuH7T9nQMivDNnzJn4fFYQy1P0KqC3ldUQ,9e597fb898e4de02cd984c1dc342dff6
TlIG_3sXZLuH7T9nQMivDNnzJn4fFYQy1P0KqC3ldUQ,5ca44588ad2c2f1f79911e74e9aa4f1b
TlIG_3sXZLuH7T9nQMivDNnzJn4fFYQy1P0KqC3ldUQ,7ae52d2e23babd8a9ef89f6a2c445f1e
TlIG_3sXZLuH7T9nQMivDNnzJn4fFYQy1P0KqC3ldUQ,e9d581bf2943c8f8bf1f9d15772b2d3d
TlIG_3sXZLuH7T9nQMivDNnzJn4fFYQy1P0KqC3ldUQ,9fb43088100423a30306d2cd05541a22
TlIG_3sXZLuH7T9nQMivDNnzJn4fFYQy1P0KqC3ldUQ,0de948a68f88d90d5d0a5708992d12b3
TlIG_3sXZLuH7T9nQMivDNnzJn4fFYQy1P0KqC3ldUQ,33130c0719c02d71be90ddf431943b73
TlIG_3sXZLuH7T9nQMivDNnzJn4fFYQy1P0KqC3ldUQ,69e75dc1c61183cefb833829f981d4c2
TlIG_3sXZLuH7T9nQMivDNnzJn4fFYQy1P0KqC3ldUQ,e2c0427147b92fe8fc5c195208c495a4
TlIG_3sXZLuH7T9nQMivDNnzJn4fFYQy1P0KqC3ldUQ,4fe15dfc41b0222aa9360a8b3b910d13
TlIG_3sXZLuH7T9nQMivDNnzJn4fFYQy1P0KqC3ldUQ,6bbc4daf4b1a300af0047e4f44279541
TlIG_3sXZLuH7T9nQMivDNnzJn4fFYQy1P0KqC3ldUQ,0b0955e1ca4b09d0e0fb101a0985a7c0
TlIG_3sXZLuH7T9nQMivDNnzJn4fFYQy1P0KqC3ldUQ,8c39ca14d7b7469998dcfa1dc3603d64
TlIG_3sXZLuH7T9nQMivDNnzJn4fFYQy1P0KqC3ldUQ,340d61fa48742cfc873aa114bd0f63dc
TlIG_3sXZLuH7T9nQMivDNnzJn4fFYQy1P0KqC3ldUQ,43bd37d83fc737323bdb52e121039158
TlIG_3sXZLuH7T9nQMivDNnzJn4fFYQy1P0KqC3ldUQ,34ec0f65ade662319590630fd835a7df
TlIG_3sXZLuH7T9nQMivDNnzJn4fFYQy1P0KqC3ldUQ,140ecb1d2a81bd09c2085e0338399837
Ukvlhaesp0m8DIMdAx9QT2HPOrNbrOsz88AuMsOveXc,6f5e958e37db4d90f0452366a20b78a0
Ukvlhaesp0m8DIMdAx9QT2HPOrNbrOsz88AuMsOveXc,92519b29c9247167ce6ba785051b0161
Ukvlhaesp0m8DIMdAx9QT2HPOrNbrOsz88AuMsOveXc,d08ae1d015dacddf0e45ecc3a6adb028
Ukvlhaesp0m8DIMdAx9QT2HPOrNbrOsz88AuMsOveXc,53f7d37c3c2306f7441e4316e63e5554
Ukvlhaesp0m8DIMdAx9QT2HPOrNbrOsz88AuMsOveXc,e977d3497805a7963e53ccd518ad74cd
Ukvlhaesp0m8DIMdAx9QT2HPOrNbrOsz88AuMsOveXc,f5346ad90f716bcb27a9ca8fef0bb45e
Ukvlhaesp0m8DIMdAx9QT2HPOrNbrOsz88AuMsOveXc,bc9bf096dfa85c157d143e1a1a785a5c
Ukvlhaesp0m8DIMdAx9QT2HPOrNbrOsz88AuMsOveXc,485727348e9676cbe9666b246416f750
Ukvlhaesp0m8DIMdAx9QT2HPOrNbrOsz88AuMsOveXc,08ec8983b4f66bd41b1acf0c72181f53
Ukvlhaesp0m8DIMdAx9QT2HPOrNbrOsz88AuMsOveXc,2c067c65ba806952fea0d8857fe1ec55
Ukvlhaesp0m8DIMdAx9QT2HPOrNbrOsz88AuMsOveXc,d1245d459067336775f178b6801a0d81
Ukvlhaesp0m8DIMdAx9QT2HPOrNbrOsz88AuMsOveXc,6a4eb1e5bffc272321562b7d849e265d
Ukvlhaesp0m8DIMdAx9QT2HPOrNbrOsz88AuMsOveXc,cfef08f050db8c4ff2ac57c69e5db12a
Ukvlhaesp0m8DIMdAx9QT2HPOrNbrOsz88AuMsOveXc,5712bef54907a6c5aeee0d632ea07c56
Ukvlhaesp0m8DIMdAx9QT2HPOrNbrOsz88AuMsOveXc,b73260c6cc28553e39a2d55e77175e6f
Ukvlhaesp0m8DIMdAx9QT2HPOrNbrOsz88AuMsOveXc,155d077458687887f02b24fae908c26a
Ukvlhaesp0m8DIMdAx9QT2HPOrNbrOsz88AuMsOveXc,9347619f2cbb5ede349d249459d68d78
Ukvlhaesp0m8DIMdAx9QT2HPOrNbrOsz88AuMsOveXc,d6e4d45a17f4405180e38e593ea00f10
Ukvlhaesp0m8DIMdAx9QT2HPOrNbrOsz88AuMsOveXc,5b216a514766e1f1a7c0ea844c52a51a
Ukvlhaesp0m8DIMdAx9QT2HPOrNbrOsz88AuMsOveXc,6d3dff4ed0da94ad63d7331b5c988118
Ukvlhaesp0m8DIMdAx9QT2HPOrNbrOsz88AuMsOveXc,91434a1438c3d9be1a5d2360c25560ec
Ukvlhaesp0m8DIMdAx9QT2HPOrNbrOsz88AuMsOveXc,8f13d3999eae0ca692676f3232bb1958
Ukvlhaesp0m8DIMdAx9QT2HPOrNbrOsz88AuMsOveXc,bef6a68bc8dd475c124f6de2413385d3
Ukvlhaesp0m8DIMdAx9QT2HPOrNbrOsz88AuMsOveXc,c342d1f2cbfb5b614f051343c855f3a2
Ukvlhaesp0m8DIMdAx9QT2HPOrNbrOsz88AuMsOveXc,b1860cf92d0eea264f09d74345a3559f
Ukvlhaesp0m8DIMdAx9QT2HPOrNbrOsz88AuMsOveXc,af28ab4c9b4cbdd93967fe7bb29886cd
Ukvlhaesp0m8DIMdAx9QT2HPOrNbrOsz88AuMsOveXc,412ef39ac0b57731553a8a84d130700c
Ukvlhaesp0m8DIMdAx9QT2HPOrNbrOsz88AuMsOveXc,cadcf78bb9f12cf32aaf3e3d18619ad1
Ukvlhaesp0m8DIMdAx9QT2HPOrNbrOsz88AuMsOveXc,4dbf2021835c46f60f7bcecabfd2ade4
Ukvlhaesp0m8DIMdAx9QT2HPOrNbrOsz88AuMsOveXc,c1d5a841b5a37592941a587331d9c175
_HHaGa0t2JffDt5OlyfmnroNlgj2vxmp2_MlA7uarDU,7ccc4295f208c37c1a9d716ea89f0689
_HHaGa0t2JffDt5OlyfmnroNlgj2vxmp2_MlA7uarDU,c6a221067eec508aced29c7dce616e1f
_HHaGa0t2JffDt5OlyfmnroNlgj2vxmp2_MlA7uarDU,382000015a51049f32d7b20a52e20ae2
_HHaGa0t2JffDt5OlyfmnroNlgj2vxmp2_MlA7uarDU,faa4e6b1b011c577f99b5d9605c17930
_HHaGa0t2JffDt5OlyfmnroNlgj2vxmp2_MlA7uarDU,08e934ca7ebfa4dba2718475d72c5fd7
_HHaGa0t2JffDt5OlyfmnroNlgj2vxmp2_MlA7uarDU,fbb15978407487e9a34f81f662b2688b
_HHaGa0t2JffDt5OlyfmnroNlgj2vxmp2_MlA7uarDU,5efb2048e3fd13d39428dfda1ff17776
_HHaGa0t2JffDt5OlyfmnroNlgj2vxmp2_MlA7uarDU,9f2fb4fb493696c882ccb6b97ea4fc71
_HHaGa0t2JffDt5OlyfmnroNlgj2vxmp2_MlA7uarDU,d157b4e3079350200f31142b33e0da76
_HHaGa0t2JffDt5OlyfmnroNlgj2vxmp2_MlA7uarDU,2718c8f0f1d04f71a8f7e5bc59fe45a1
_HHaGa0t2JffDt5OlyfmnroNlgj2vxmp2_MlA7uarDU,b985a2855c1290d51fa468981e3e3aba
_HHaGa0t2JffDt5OlyfmnroNlgj2vxmp2_MlA7uarDU,3124743d6494910558170710939a3296
_HHaGa0t2JffDt5OlyfmnroNlgj2vxmp2_MlA7uarDU,7e667075c60b8188f8e79d037b0189f3
_HHaGa0t2JffDt5OlyfmnroNlgj2vxmp2_MlA7uarDU,08c23af5e9d96ffb8e6a60736d33486a
_HHaGa0t2JffDt5OlyfmnroNlgj2vxmp2_MlA7uarDU,9a9d249f2bc4275073b2db717f7c6c85
_HHaGa0t2JffDt5OlyfmnroNlgj2vxmp2_MlA7uarDU,07cef07cafff0a43440b664809454ab9
_HHaGa0t2JffDt5OlyfmnroNlgj2vxmp2_MlA7uarDU,23c64f1b22428819e31807753e9d87da
_HHaGa0t2JffDt5OlyfmnroNlgj2vxmp2_MlA7uarDU,8947870e7fc09f32d432af5c0c5a3805
_HHaGa0t2JffDt5OlyfmnroNlgj2vxmp2_MlA7uarDU,e859588d5383714b1b34895fc6ae76c7
_HHaGa0t2JffDt5OlyfmnroNlgj2vxmp2_MlA7uarDU,ec05f4b906c772df6742a28b2b3ca1f0
_HHaGa0t2JffDt5OlyfmnroNlgj2vxmp2_MlA7uarDU,bb6bb014a971d78d7876545ccc353d80
_HHaGa0t2JffDt5OlyfmnroNlgj2vxmp2_MlA7uarDU,d5cdd8fac00e9c3580fd264961cb729a
_HHaGa0t2JffDt5OlyfmnroNlgj2vxmp2_MlA7uarDU,9e57a11b0f0e497f72e839721a5776d3
_HHaGa0t2JffDt5OlyfmnroNlgj2vxmp2_MlA7uarDU,8b812a965ab1350c8468116c630c8c36
_HHaGa0t2JffDt5OlyfmnroNlgj2vxmp2_MlA7uarDU,55c5f7fe9d5c18abaa158d528f47b4a5
_HHaGa0t2JffDt5OlyfmnroNlgj2vxmp2_MlA7uarDU,fd34579f08592c4d24b353fa7e48d122
a0iE7PPHJxEy8GXFpMtwTdy5QNfOL8F8oB1XDoNi7jI,fd9e8fea8aac2f1d1fd10ed28c0497f6
a0iE7PPHJxEy8GXFpMtwTdy5QNfOL8F8oB1XDoNi7jI,004a5121131d22f1c1d9f63828442577
a0iE7PPHJxEy8GXFpMtwTdy5QNfOL8F8oB1XDoNi7jI,01b7f357ef9000d55e74891773d42d8a
a0iE7PPHJxEy8GXFpMtwTdy5QNfOL8F8oB1XDoNi7jI,5afc09db0c9abe977e50c671618a8347
a0iE7PPHJxEy8GXFpMtwTdy5QNfOL8F8oB1XDoNi7jI,7851def5e98d48bf3656fcf34068180d
a0iE7PPHJxEy8GXFpMtwTdy5QNfOL8F8oB1XDoNi7jI,c060e037ebad24acbf52101f9295d1f5
a0iE7PPHJxEy8GXFpMtwTdy5QNfOL8F8oB1XDoNi7jI,3ac43662387e167a320df0046d5d8298
an68KPiV2AF5miGBG1uFJ5V62AqEkVCvmv_4UhvMmk0,71ba47294903f25a7a746a1e4538f7bc
an68KPiV2AF5miGBG1uFJ5V62AqEkVCvmv_4UhvMmk0,552ad40b51b37d62dd3d81aa920884ac
an68KPiV2AF5miGBG1uFJ5V62AqEkVCvmv_4UhvMmk0,9602d1993439d12d329c045869a749f6
an68KPiV2AF5miGBG1uFJ5V62AqEkVCvmv_4UhvMmk0,9a968ce2fd2bbc8c63a21c15b615aee8
an68KPiV2AF5miGBG1uFJ5V62AqEkVCvmv_4UhvMmk0,16dfeb0ff6997b07fc7841ffeaae6b00
an68KPiV2AF5miGBG1uFJ5V62AqEkVCvmv_4UhvMmk0,e52d973e232487ddb2841f06067516c2
an68KPiV2AF5miGBG1uFJ5V62AqEkVCvmv_4UhvMmk0,ce8d2c9132b3bb0173de55063efe3eea
an68KPiV2AF5miGBG1uFJ5V62AqEkVCvmv_4UhvMmk0,47d669f3d2f9aa68619a14a5508968e6
an68KPiV2AF5miGBG1uFJ5V62AqEkVCvmv_4UhvMmk0,97044466069da7c63efbafd2ba0f02ac
an68KPiV2AF5miGBG1uFJ5V62AqEkVCvmv_4UhvMmk0,1d781fba51a2bb829c786037464de3bc
an68KPiV2AF5miGBG1uFJ5V62AqEkVCvmv_4UhvMmk0,bf83640466008629b80be860355cdd95
an68KPiV2AF5miGBG1uFJ5V62AqEkVCvmv_4UhvMmk0,49241ea468e376dcc403fdb2768ae002
fH5Ar9JCMOjv0J61UJlT-PnhGh6R2Z3xWHFldJ7I8a8,6d0e5fad911246a8b2b91511e47781fa
fH5Ar9JCMOjv0J61UJlT-PnhGh6R2Z3xWHFldJ7I8a8,a6f1663f7efb37cfd39f2ee6d562a13a
fH5Ar9JCMOjv0J61UJlT-PnhGh6R2Z3xWHFldJ7I8a8,ce6a18b963524812fa832312eeb42b11
fH5Ar9JCMOjv0J61UJlT-PnhGh6R2Z3xWHFldJ7I8a8,bd8c2ed1a4ad7dd95620bf6eed5a7c6c
fH5Ar9JCMOjv0J61UJlT-PnhGh6R2Z3xWHFldJ7I8a8,ff6423a2acc28152075ee024cff9ae38
fH5Ar9JCMOjv0J61UJlT-PnhGh6R2Z3xWHFldJ7I8a8,c58f667e1222cd0ed0c75e519fa317f8
fH5Ar9JCMOjv0J61UJlT-PnhGh6R2Z3xWHFldJ7I8a8,5dc846e222f8753f85954e7e278562d0
fH5Ar9JCMOjv0J61UJlT-PnhGh6R2Z3xWHFldJ7I8a8,96f8e47426bd49c283f55ecd62d8835a
fH5Ar9JCMOjv0J61UJlT-PnhGh6R2Z3xWHFldJ7I8a8,9ab26cb15339985722a9a39bb1c3ab37
fH5Ar9JCMOjv0J61UJlT-PnhGh6R2Z3xWHFldJ7I8a8,182b8943058392a126b787009fbdf889
fH5Ar9JCMOjv0J61UJlT-PnhGh6R2Z3xWHFldJ7I8a8,7a466ad7d8595515d19f55c09e77cb33
fH5Ar9JCMOjv0J61UJlT-PnhGh6R2Z3xWHFldJ7I8a8,b4b4486087060d7b36b4b5111fd7261c
fKDrVNXxjZ9Y9A-iLCwppvYitS4zHXPB8Oa-W523kXQ,225b58cb755f97a3f659250aa272be8c
fKDrVNXxjZ9Y9A-iLCwppvYitS4zHXPB8Oa-W523kXQ,9205b8b9686b5952cbf745a9984a237c
fKDrVNXxjZ9Y9A-iLCwppvYitS4zHXPB8Oa-W523kXQ,5630551f27256f1c610f23914cda7091
fKDrVNXxjZ9Y9A-iLCwppvYitS4zHXPB8Oa-W523kXQ,c3e1b09acc589509cad22820c2d52c4b
fUgWXoKIlc4DVwm0UIqSDLRA9WtjI5dhoo7OyzMvf2g,03b72c7a6c098a3bf74b6c8b374862d7
fUgWXoKIlc4DVwm0UIqSDLRA9WtjI5dhoo7OyzMvf2g,c2dd6b167ad18b7b9595a053bd2aad38
fUgWXoKIlc4DVwm0UIqSDLRA9WtjI5dhoo7OyzMvf2g,0b73679eb89c7015f1e976f6ae1f36c5
fUgWXoKIlc4DVwm0UIqSDLRA9WtjI5dhoo7OyzMvf2g,f4d3a6342766aec30ea474a03ca0e6ba
fUgWXoKIlc4DVwm0UIqSDLRA9WtjI5dhoo7OyzMvf2g,7470380cbbeeced8ed9b48d07e291969
fUgWXoKIlc4DVwm0UIqSDLRA9WtjI5dhoo7OyzMvf2g,5a1adfd679168c4f231c4a3f62563b8c
fUgWXoKIlc4DVwm0UIqSDLRA9WtjI5dhoo7OyzMvf2g,57a8bfa6b7d0f3fdb0210331df1f2c41
fUgWXoKIlc4DVwm0UIqSDLRA9WtjI5dhoo7OyzMvf2g,e8908ad9b7e709170be8f51b1788ba37
fUgWXoKIlc4DVwm0UIqSDLRA9WtjI5dhoo7OyzMvf2g,592f7f5f53071024e69d4fb39a9eb0c9
fUgWXoKIlc4DVwm0UIqSDLRA9WtjI5dhoo7OyzMvf2g,a6ae121f6099f3b4f3514d9ab917db91
fUgWXoKIlc4DVwm0UIqSDLRA9WtjI5dhoo7OyzMvf2g,bd2fa47559205aa29a3b39c94e282a50
fUgWXoKIlc4DVwm0UIqSDLRA9WtjI5dhoo7OyzMvf2g,2f3813795c12219b4939ff8b521993b5
fUgWXoKIlc4DVwm0UIqSDLRA9WtjI5dhoo7OyzMvf2g,73f4b76f1a2a7fc95d4f7b5e725e625e
fUgWXoKIlc4DVwm0UIqSDLRA9WtjI5dhoo7OyzMvf2g,2984d9be488c04fd35189fe5b113b40f
fUgWXoKIlc4DVwm0UIqSDLRA9WtjI5dhoo7OyzMvf2g,e9bb02b92851b0af304b86c04fd11d66
fUgWXoKIlc4DVwm0UIqSDLRA9WtjI5dhoo7OyzMvf2g,2c86d3c2e7c3ff6d16e0536f5792f8ca
fUgWXoKIlc4DVwm0UIqSDLRA9WtjI5dhoo7OyzMvf2g,5d9f80dd9c6a1f73ff15c9d21100cf86
gfOnViSX9AGNiNRSILjuf5pri_P9P7f3ss5RgKIN364,70887e0f7ac21f64ac9e74318e1f693d
gfOnViSX9AGNiNRSILjuf5pri_P9P7f3ss5RgKIN364,76abe90bae10c58ac5f99ba9bb9307e4
gfOnViSX9AGNiNRSILjuf5pri_P9P7f3ss5RgKIN364,9e39003db14cab3ee74167451b05fd3f
gfOnViSX9AGNiNRSILjuf5pri_P9P7f3ss5RgKIN364,879b4afda245e5373fb00b64be7f655a
gfOnViSX9AGNiNRSILjuf5pri_P9P7f3ss5RgKIN364,ec64270ea2857c65e838165054661709
gfOnViSX9AGNiNRSILjuf5pri_P9P7f3ss5RgKIN364,1b292812faf2544b1a7e7dc20b0d342e
gfOnViSX9AGNiNRSILjuf5pri_P9P7f3ss5RgKIN364,7e5b4c6d8fc62cf6961c69d16bb30b89
gfOnViSX9AGNiNRSILjuf5pri_P9P7f3ss5RgKIN364,d85528e96947aebc157b534395484983
hjG7-UJ-SuVAgiJ3WEgKdS2nc7fAwQ7iXJCP5oS9omg,39379874f14b399233cb252a27dfde8f
hjG7-UJ-SuVAgiJ3WEgKdS2nc7fAwQ7iXJCP5oS9omg,8fbc1400f8dd39c8857c1d1bd5d1f7b7
hjG7-UJ-SuVAgiJ3WEgKdS2nc7fAwQ7iXJCP5oS9omg,67194d8a47331d1f722db4f737546021
hjG7-UJ-SuVAgiJ3WEgKdS2nc7fAwQ7iXJCP5oS9omg,1cc4c9db30ca3fb1a124b6e0f0b58ce3
hjG7-UJ-SuVAgiJ3WEgKdS2nc7fAwQ7iXJCP5oS9omg,f95a847c3d8dfe6a365fe7c300f6986a
hjG7-UJ-SuVAgiJ3WEgKdS2nc7fAwQ7iXJCP5oS9omg,785c77ab2bb34f03247846c2513fcce8
hjG7-UJ-SuVAgiJ3WEgKdS2nc7fAwQ7iXJCP5oS9omg,9503a56666a1fa33136f534c7de3f0e4
hjG7-UJ-SuVAgiJ3WEgKdS2nc7fAwQ7iXJCP5oS9omg,4ebe692544d6324dbfcb5b9a080993ae
hjG7-UJ-SuVAgiJ3WEgKdS2nc7fAwQ7iXJCP5oS9omg,2dab6443f12be502d5c119eb95d1f2f6
hjG7-UJ-SuVAgiJ3WEgKdS2nc7fAwQ7iXJCP5oS9omg,973d2cb05b4870bb5924bb84e98fa236
hjG7-UJ-SuVAgiJ3WEgKdS2nc7fAwQ7iXJCP5oS9omg,4a865b66a6634e4fb505a5e98f0b9b4c
hjG7-UJ-SuVAgiJ3WEgKdS2nc7fAwQ7iXJCP5oS9omg,90e6f72b726d9571c7601b6fb72ca376
hjG7-UJ-SuVAgiJ3WEgKdS2nc7fAwQ7iXJCP5oS9omg,53cd15a06b9548668c7e25d19d21e84b
hjG7-UJ-SuVAgiJ3WEgKdS2nc7fAwQ7iXJCP5oS9omg,72e55c132404e0fee44a212daf76182f
hjG7-UJ-SuVAgiJ3WEgKdS2nc7fAwQ7iXJCP5oS9omg,40968671ff00463bd75ef4ed5d598909
hjG7-UJ-SuVAgiJ3WEgKdS2nc7fAwQ7iXJCP5oS9omg,b8e143139d57de14829a4fc35f169e6e
pKKAZWxojdBbyA2c8wfgdxHnCNqVypehWNiBlKx-iLM,802a7a8ef2574440936ab2ff66910478
pKKAZWxojdBbyA2c8wfgdxHnCNqVypehWNiBlKx-iLM,6a3fb8feb8a82b803081a1ffeebe15ce
pKKAZWxojdBbyA2c8wfgdxHnCNqVypehWNiBlKx-iLM,336fdf747a588d108ca5e3413fc9d692
pKKAZWxojdBbyA2c8wfgdxHnCNqVypehWNiBlKx-iLM,ebf7f7ddc0fcc644c95caaa05a5f3e6a
pKKAZWxojdBbyA2c8wfgdxHnCNqVypehWNiBlKx-iLM,00eb5c77f79af6aea1fcf21184c1bf52
pKKAZWxojdBbyA2c8wfgdxHnCNqVypehWNiBlKx-iLM,1cb700bcd464bee3cb3934caabd0dd55
pKKAZWxojdBbyA2c8wfgdxHnCNqVypehWNiBlKx-iLM,ff7f4b409608b24da7f6d678170e4600
pKKAZWxojdBbyA2c8wfgdxHnCNqVypehWNiBlKx-iLM,15bb309d9d6bf09662be4c70bac8fbd6
pKKAZWxojdBbyA2c8wfgdxHnCNqVypehWNiBlKx-iLM,03df3cb5f07e1df317fbe5e91c68e8f1
pKKAZWxojdBbyA2c8wfgdxHnCNqVypehWNiBlKx-iLM,213eb967373ebebf0e077306b0380835
pKKAZWxojdBbyA2c8wfgdxHnCNqVypehWNiBlKx-iLM,379253103e4f0df969a3dffbcb15b8f7
pKKAZWxojdBbyA2c8wfgdxHnCNqVypehWNiBlKx-iLM,f4eda0d96db0e39494e8f30726cc4d1f
pKKAZWxojdBbyA2c8wfgdxHnCNqVypehWNiBlKx-iLM,6d32bb157f5e2ecfaad29b3f3637ace5
pdCgKful2WPOp1lYfGfHxhfjqK0cHU5DxC-WsJHAqvc,ecdbb52c57fcf539684c347f00eda3c3
pdCgKful2WPOp1lYfGfHxhfjqK0cHU5DxC-WsJHAqvc,79ad346965a9fcf561bb7a3e37fd31b2
pdCgKful2WPOp1lYfGfHxhfjqK0cHU5DxC-WsJHAqvc,c389efe85d94980a6c371a478b9b71b6
pdCgKful2WPOp1lYfGfHxhfjqK0cHU5DxC-WsJHAqvc,c8999132e7315e556f25ab67e4ba3443
pdCgKful2WPOp1lYfGfHxhfjqK0cHU5DxC-WsJHAqvc,d145d5648c6ae0178edb1d9d0da6f87d
pdCgKful2WPOp1lYfGfHxhfjqK0cHU5DxC-WsJHAqvc,79092b590003ab900fa52983823477e2
pdCgKful2WPOp1lYfGfHxhfjqK0cHU5DxC-WsJHAqvc,49ecde7a0c410931d4ab5ec95fac6395
pdCgKful2WPOp1lYfGfHxhfjqK0cHU5DxC-WsJHAqvc,309a6d9e3d918059bc0b730dc044af54
qR6MuUrdeXdoHbvy6y-uc78PRQe1wUvQ0AB2O80PIx8,a037ccd895daa3afeb7a81643bee4d45
qR6MuUrdeXdoHbvy6y-uc78PRQe1wUvQ0AB2O80PIx8,809135c9e28bea6bc81f73eebc5ebdfa
qR6MuUrdeXdoHbvy6y-uc78PRQe1wUvQ0AB2O80PIx8,fa2cecd9b656e2c58a7c2da6a9eb0553
qR6MuUrdeXdoHbvy6y-uc78PRQe1wUvQ0AB2O80PIx8,c81c2d51ff5c420a4e49d5a35eb604d7
qR6MuUrdeXdoHbvy6y-uc78PRQe1wUvQ0AB2O80PIx8,f5acb42eed491bba2cd7f7deeca73577
qR6MuUrdeXdoHbvy6y-uc78PRQe1wUvQ0AB2O80PIx8,5c9365e6878e6e735a4e781c270ace19
qR6MuUrdeXdoHbvy6y-uc78PRQe1wUvQ0AB2O80PIx8,28e62dd94ee6f8f4b63d6baf9e1083d9
qR6MuUrdeXdoHbvy6y-uc78PRQe1wUvQ0AB2O80PIx8,5310a6a41e39c0cc8670d12c0330796a
qR6MuUrdeXdoHbvy6y-uc78PRQe1wUvQ0AB2O80PIx8,0a15c19f92b0471622bc7251d9e1a603
qR6MuUrdeXdoHbvy6y-uc78PRQe1wUvQ0AB2O80PIx8,c056b2d71984e6753aeed537733a8498
ikt5hpg4u--nWYDSMAfZXOVZhhah-YtX7p6p7q8Hg6I,d151534ec2286935a58485f594f95464
ikt5hpg4u--nWYDSMAfZXOVZhhah-YtX7p6p7q8Hg6I,8659001c5f3d675871b418c374b886d0
ikt5hpg4u--nWYDSMAfZXOVZhhah-YtX7p6p7q8Hg6I,0cf8bc3ab37436850dd21e301f6a2b1a
oMdk3OxkzuvOn1WINMez5L4rfCmYscyZlkWoMw3Y8J8,46e5854bfb85431c389d42b546fe140b
oMdk3OxkzuvOn1WINMez5L4rfCmYscyZlkWoMw3Y8J8,e760f00bcc6603d6eb345fbe723b3a4b
O5SXSso26InqB8u8nVz1HqKx_QfzDDR4OKZGAXYO878,fef8cae0483b0229cf0673b23c659096
O5SXSso26InqB8u8nVz1HqKx_QfzDDR4OKZGAXYO878,97a78d8cbcbf66e4815ac6917a4c2d68
o0zjtk8Whbm9Pf77k6cVPACb4bL6zCwFw0Byny04B-Y,1b9d3f05ffa792cf6814ccffac1a8f2c
o0zjtk8Whbm9Pf77k6cVPACb4bL6zCwFw0Byny04B-Y,e25e6b19d2b88ea65008ac2ecf4e8bbe
o0zjtk8Whbm9Pf77k6cVPACb4bL6zCwFw0Byny04B-Y,054cfb4abae8f257a63eaa236cf42543
OvyEaZuMCNilPx5t1XZqZZLSW-86CWI51q7cDZFHqCk,72ca11a85aab565d6b433be79e2bdafb
OvyEaZuMCNilPx5t1XZqZZLSW-86CWI51q7cDZFHqCk,8d9f46c19eb383c5cc4acb0cff373139
4QBR34Xt4joslUTlYKpR0cRqjd3xWW4r3-BQBDxTTzo,84a092d259291a5170731b6192d59332
4QBR34Xt4joslUTlYKpR0cRqjd3xWW4r3-BQBDxTTzo,19d8f7536a2ebc2bc178705f61b382e3
YIo9tBpN-5zvDMu_wB9S-wsjLnXi8iX2PrvTV67S0TQ,1b6ec0c1244b31286201b38dfc919065
YIo9tBpN-5zvDMu_wB9S-wsjLnXi8iX2PrvTV67S0TQ,592eff845d373eea9ea89850e86ac0ea
YIo9tBpN-5zvDMu_wB9S-wsjLnXi8iX2PrvTV67S0TQ,7c6a15abd60996169dd962be7a86f49c
5pSIIWpKbkRc51xX68ZYZFe1n1nViHZm_2Cep8keaow,9b8fe3113544edb671d0e4f324f1b1b0
5pSIIWpKbkRc51xX68ZYZFe1n1nViHZm_2Cep8keaow,82396732741a3cf3e6259ff2f70e0b2b
5pSIIWpKbkRc51xX68ZYZFe1n1nViHZm_2Cep8keaow,efa17d006299ba983df083b60f938990
w1-o7ZTIxV1_Ny-2JD9HhO1vMWfa1rDq7m4tMKBb6is,3b68d0c94c1a687c891f3f16c508db2c
w1-o7ZTIxV1_Ny-2JD9HhO1vMWfa1rDq7m4tMKBb6is,feca6855641c9077d6970ac0d39b9cc4
w1-o7ZTIxV1_Ny-2JD9HhO1vMWfa1rDq7m4tMKBb6is,ed65f8df77cec5791e3c90dcb3978306
w1-o7ZTIxV1_Ny-2JD9HhO1vMWfa1rDq7m4tMKBb6is,f7fc19506775e8416b06ffc8cefb8fbb
59bc275b681516389ccf413e,8733e4974c4601dfad4396ea4797c362
59bc275b681516389ccf413e,c8a2235d2894304c90bd2bfcd4f87eae
59bc275b681516389ccf413e,5a17a11a84c6159d4eb28ae4c0787c44
SuHT4VFjz3c-u5kPENTxcyiiIfbmuY54LLExUy_fGm4,0a07fa356b190db8a07c0fe7be238a85
SuHT4VFjz3c-u5kPENTxcyiiIfbmuY54LLExUy_fGm4,7934ebae9642a3b8e3a72bd9313af122
SuHT4VFjz3c-u5kPENTxcyiiIfbmuY54LLExUy_fGm4,c232c07a9ebf420c7ff5c723dba4b912
VvD4Ax4aSvkvxGqw-87OJhQBUwh1M8gRJ9hrT30tdig,83ab6c9b0bddc0063f703fa08efea460
VvD4Ax4aSvkvxGqw-87OJhQBUwh1M8gRJ9hrT30tdig,de2638b604c4bad75c7a0e7042b23d3a
VvD4Ax4aSvkvxGqw-87OJhQBUwh1M8gRJ9hrT30tdig,2a95d2e3fc70c7150a8fd1191109c8f7
VvD4Ax4aSvkvxGqw-87OJhQBUwh1M8gRJ9hrT30tdig,ad16acbd380050c55ca65542fda0e2af
Qoex7Nn4NUcDKndMUpAxaK3YZp3Ld53G5rXWai6ogBQ,f6113d97083a2ee5cf32e4a9ca721a1e
Qoex7Nn4NUcDKndMUpAxaK3YZp3Ld53G5rXWai6ogBQ,7e717ad7bcd465ed219ea533b09a5498
vwclMeCf6yVTZohEHBar99joiWwKKky7-8CN5dqG86E,b29469ce14402056763b9e0e020feeb2
vwclMeCf6yVTZohEHBar99joiWwKKky7-8CN5dqG86E,bf8f635a89377608dce22e8f8ad4f628
vwclMeCf6yVTZohEHBar99joiWwKKky7-8CN5dqG86E,716a0bd8f73bff145d8bee1d2bdfdd33
vwclMeCf6yVTZohEHBar99joiWwKKky7-8CN5dqG86E,edab7688e5cb0e55509fb19cda2f548c
vwclMeCf6yVTZohEHBar99joiWwKKky7-8CN5dqG86E,d13a400520f7a6ab65af4ea48e554e7a
vwclMeCf6yVTZohEHBar99joiWwKKky7-8CN5dqG86E,19be84d57510cb5e81282bb634a50961
c2wRe4_1XQ8SgSyvdQ1q_3dSqL1z6UENXH7995g_JcM,7b2af5523a4737b76860dc42c367d1a0
c2wRe4_1XQ8SgSyvdQ1q_3dSqL1z6UENXH7995g_JcM,42b6d5db1a742836ddbc76a23e43a186
C4eUasGyUmouxCn3dW_VQGEmcQZq2H1iQewpHcAnpY4,77988371060e0cfaf133b573c027c652
C4eUasGyUmouxCn3dW_VQGEmcQZq2H1iQewpHcAnpY4,db39b01d84a6c4c4698fd86e4a7b75da
5TM9fQDmC20gmmXZuGLU0ucsepZRpx_SI-cW_afGpuk,ac73ee459b86e00088135236dc986d5f
5TM9fQDmC20gmmXZuGLU0ucsepZRpx_SI-cW_afGpuk,30e58ff4dc18ce9adbff1d350689b4a3
59bc2765681516389ccf4506,bb9d1ddf8c685c1c20a8fbf5e739b82f
59bc2765681516389ccf4506,530419c3b46dbea63cc4dc76c7b322bf
_ovr03EQ9z5Yb7WgWcF-GvQ1NGf6WISE41AdeKpPUHA,b856f902c31b52ee69bfc64a7dd254df
_ovr03EQ9z5Yb7WgWcF-GvQ1NGf6WISE41AdeKpPUHA,f795e84dc1bff4ea8e6a6ac45bc1f27f
_ovr03EQ9z5Yb7WgWcF-GvQ1NGf6WISE41AdeKpPUHA,925d39030bdaa0c12e07042ed147f8d0
w1S9C2SVqoRaq78o9aRcm2V2EQgZM8QKNKon8CGQlqw,20f6569481f3d8f6bc15f3e1dd7077ec
w1S9C2SVqoRaq78o9aRcm2V2EQgZM8QKNKon8CGQlqw,363f744589364dd2f17b16a8b0709f8a
Ylq97JrtAQT98-f2DO2SS8hFakH_M0wum2bLEq05Rts,9b38db8e7b320295853d099c3a7f9e49
Ylq97JrtAQT98-f2DO2SS8hFakH_M0wum2bLEq05Rts,944cab26cfb70bf26b69190eb8c07c1c
nwAfc1j85ArcxylcM7R3QrbLOO7U9nq511DysV5fztA,c425ccf5c0fec1e01e74674053c689fd
nwAfc1j85ArcxylcM7R3QrbLOO7U9nq511DysV5fztA,56c63fd44f94330f50d8866060743d84
v3ClQb9YrQhd827TorO4lK6E0tXA7FdnOJWrVrfLSWw,6cbcef90cf26e73496893b955a13386d
v3ClQb9YrQhd827TorO4lK6E0tXA7FdnOJWrVrfLSWw,2dd964e8d662096b70369252e6879716
v3ClQb9YrQhd827TorO4lK6E0tXA7FdnOJWrVrfLSWw,e65ff0dc4d20662f9c525d14cc37551e
zCYO_1v9_1cSq5-zjqKoPweA8AOYYRDZaaggWwktp14,9c92debd204b0846f427bf1b6bd6fafe
zCYO_1v9_1cSq5-zjqKoPweA8AOYYRDZaaggWwktp14,e95787b6db7d74218b51352e1b511110
zCYO_1v9_1cSq5-zjqKoPweA8AOYYRDZaaggWwktp14,1aec65d51c6393dfaf2bf1596c62365b
Wki2pz6WfQdOY9ksDG0Z-f2NId6V-bGffuo12oubG6Y,5a937b3e8a91c7d1badf15fd0779b860
Wki2pz6WfQdOY9ksDG0Z-f2NId6V-bGffuo12oubG6Y,9164d1ff716da838b1371b12455278b1
Wki2pz6WfQdOY9ksDG0Z-f2NId6V-bGffuo12oubG6Y,f7b20d1f54fb24b4d8d3421f390860f5
G_BvRqeilfd-QcsunGbp420g3hBQUozky4eae3q-aWU,ce9ff6b81d60ea89c2b682595b7b5953
G_BvRqeilfd-QcsunGbp420g3hBQUozky4eae3q-aWU,1826526e8f562659ededa49526d0c1ba
G_BvRqeilfd-QcsunGbp420g3hBQUozky4eae3q-aWU,5a61a053832254b5f640ed6dec4e8170
YBu9EUNDHErCipT3oBRk0DJLU3ckB3du_10pnb_Bcto,04284659a1f84df1ece0ad8bf3331fa3
YBu9EUNDHErCipT3oBRk0DJLU3ckB3du_10pnb_Bcto,14928fcef1ceb3e31d76113fa443de5a
0TB8jga-bvUKDzamFAMxKP2Wi5FZbz4CjoDbaJR5rL0,3384546ee9c8e91629acd2ecd22ed3ff
0TB8jga-bvUKDzamFAMxKP2Wi5FZbz4CjoDbaJR5rL0,bc63810b619d70f42452f2432b1da652
dvjGm4-TJHm2M9vd8Pz8yfzM6iMUytUB_WwBVu3oP6o,026777ea9c314f59f9250c258a77f2da
dvjGm4-TJHm2M9vd8Pz8yfzM6iMUytUB_WwBVu3oP6o,1b9370835b0f5c6adb8da6bc3b94586b
1AJevVtpMGE2aHjT-G-uV1tCgLvUtogrEeOXGtYr6lU,aef90a7a904c51e099aa3ba99ac9bf21
1AJevVtpMGE2aHjT-G-uV1tCgLvUtogrEeOXGtYr6lU,646c74d371db5d667a1ae358b230a4b9
lj_E0rjQIchHtS8Fo5tbDSR2pwF0GWPTCc0wJxdz8Pk,c80f356398d4e67dd71b0b1083c75b51
lj_E0rjQIchHtS8Fo5tbDSR2pwF0GWPTCc0wJxdz8Pk,c06ac045972fa7fbbbb4c2f1e9d90172
lj_E0rjQIchHtS8Fo5tbDSR2pwF0GWPTCc0wJxdz8Pk,6d626b4779e5ad7835f6938cbc500ea2
ODuK-nE1GXeZcIl0NeN_jBxCzTMZpnBnOTcnOmFntOg,912397663da254c9d10f43397a0c06c4
ODuK-nE1GXeZcIl0NeN_jBxCzTMZpnBnOTcnOmFntOg,6da6d597ed00e5f339661ea79cca87b2
vzqB2fio0A12TbuTFf9yA1x4WXQ3iLVjrZGB48I1Fek,38e9a3809e57e8abb874e2c5f8643da1
vzqB2fio0A12TbuTFf9yA1x4WXQ3iLVjrZGB48I1Fek,6f5a977e4afdf0c0f0372747caba4e84
SIHAb6fgQDObq-GM6uTbh6snDvVmC0A2B-GKzkEUssI,a6c0c60de62df86f75565357dcb89fa3
SIHAb6fgQDObq-GM6uTbh6snDvVmC0A2B-GKzkEUssI,13491581ea099f3ad23431b6920637c6
SIHAb6fgQDObq-GM6uTbh6snDvVmC0A2B-GKzkEUssI,214ebe26e52cd8cde16b99fc733d056a
mrJrmDWqztxtflUdZLjP22a4Zc3BmKrenkQbNvvUY48,7fd604db06a8421cfeac3dbaca1c4e1e
mNmNJAO5YfrQkqGe_gEMVbmpSzq3NOffDz3VbzAfnbQ,fe5be105fa09b2075f8ba55a45e6d4bf
mNmNJAO5YfrQkqGe_gEMVbmpSzq3NOffDz3VbzAfnbQ,2a61a329a51750399ac498cafad6fb54
1THGPmtU9KHCGD7ez1tG3OzJ8mhohHH54gB7AHMtZWE,e9aaed9867a2f9b8dc3093a2001d6b1e
1THGPmtU9KHCGD7ez1tG3OzJ8mhohHH54gB7AHMtZWE,b676dfd36a067a0f14aeb0f47d23b72a
PZChhSxVuyO9f5UK6WhnoQBCrQvCG0QpFcT8l26ygZY,e118f89e2077c710276d9d91cfd857e4
PZChhSxVuyO9f5UK6WhnoQBCrQvCG0QpFcT8l26ygZY,ca7e7e8fb8232b9478eeeed3a583cbf9
PZChhSxVuyO9f5UK6WhnoQBCrQvCG0QpFcT8l26ygZY,430b5ceb064f4e05a551ee0c5aeaf455
IGrg9yndQwo4NQP8Y6-gMZOXHdE6vlEDIlS4G6baKPs,9f2fe312f5ad11747e4ce016119fc199
IGrg9yndQwo4NQP8Y6-gMZOXHdE6vlEDIlS4G6baKPs,03fe8b72853794489e1ee3733c232104
IGrg9yndQwo4NQP8Y6-gMZOXHdE6vlEDIlS4G6baKPs,aa581baef3fdc5261de163743cba20e2
Vu3CEIT1WYp4K9S2HWJ3qzqZLWD4PST3jbsITykDpQU,fc497ce9fc1d116bbde9ff39e869e93a
Vu3CEIT1WYp4K9S2HWJ3qzqZLWD4PST3jbsITykDpQU,dd4b3bfda15bac1337d4f1a7cddd8bc6
cTfAPRBOZ-XM_N5yTgv5klsdslP7k3shffq5KzfSs3w,f57abb7779ebcf9bfe8a303e646b5165
cTfAPRBOZ-XM_N5yTgv5klsdslP7k3shffq5KzfSs3w,fc242ce05f8943b532e503cc893d0d1d
cTfAPRBOZ-XM_N5yTgv5klsdslP7k3shffq5KzfSs3w,61a2a840d2d22b9a7b4707e1c9060998
RBvdQf0N8v_cb7bIkfAnJ4-ePj2_0qzlApAcHXvDly0,1abd8208d087def610f7062776bb195b
RBvdQf0N8v_cb7bIkfAnJ4-ePj2_0qzlApAcHXvDly0,03ea49774a128e56c67c40934370c0e9
BDQE9C49TtoYtPGOLcINdrufHgoGZpGuMUFJ_StZPMo,ccddbbdaa06f059ed1d5863424a619a0
BDQE9C49TtoYtPGOLcINdrufHgoGZpGuMUFJ_StZPMo,86b6c0b803631c8be18c16cfcacd0fc0
BDQE9C49TtoYtPGOLcINdrufHgoGZpGuMUFJ_StZPMo,1798176024b06f5dc6ea0d11970e1da2
z-W3VNHWddUvT2Q6UkY1YWz4bFV3UGmxWW3dKksNMmY,56e737d113c1f60b49a4853e6f3ae6e5
z-W3VNHWddUvT2Q6UkY1YWz4bFV3UGmxWW3dKksNMmY,ed7fe60b99f4603c4e7e503e868cb8f8
z-W3VNHWddUvT2Q6UkY1YWz4bFV3UGmxWW3dKksNMmY,a7a638e23427678279007ae2e2a1e404
z-W3VNHWddUvT2Q6UkY1YWz4bFV3UGmxWW3dKksNMmY,b9ce6eb0edfad03cfef81ab76da2686a
z-W3VNHWddUvT2Q6UkY1YWz4bFV3UGmxWW3dKksNMmY,1ae9957de47d195eded9e95b477ccf8d
bb50fznydqH1fgzmFijGcaLtYv0A7rthQQCCTGRlJU8,6b6e4d951ca8ee5e2799175fc7fa4da5
bb50fznydqH1fgzmFijGcaLtYv0A7rthQQCCTGRlJU8,8e1847f01f11c5da44e4991a2ca3a841
5xqxW4siwJ2JZjsvbGnX4hArqM9rUT1yaya6ceEmzBQ,3a5dd11f1df7cdd1f20b9d90f635e4e8
5xqxW4siwJ2JZjsvbGnX4hArqM9rUT1yaya6ceEmzBQ,9a46eaf4b938078eb7097a56c1be60ca
5xqxW4siwJ2JZjsvbGnX4hArqM9rUT1yaya6ceEmzBQ,1970bbe188765c93897802cc5fef0abe
GnIrZIVkkbdXzkDmCry74cxFi4LIWwl2S44x5a8_DKI,e20387d721049ee37cc1db6be941a3a6
GnIrZIVkkbdXzkDmCry74cxFi4LIWwl2S44x5a8_DKI,6f248165799465e57c432de4983a176b
GnIrZIVkkbdXzkDmCry74cxFi4LIWwl2S44x5a8_DKI,67251969bf3aa66df49ab6efba449ecd
GnIrZIVkkbdXzkDmCry74cxFi4LIWwl2S44x5a8_DKI,41249801a15e4382cb9d3f9eac8383ed
GnIrZIVkkbdXzkDmCry74cxFi4LIWwl2S44x5a8_DKI,7a038d28af88485f4783f21b0be7a818
BES8fhGYi5ZlydfdUwF42mpmtZ_7LBx9QrQgIVXm9M0,837247bbd4051ff69cd2235e949dd632
BES8fhGYi5ZlydfdUwF42mpmtZ_7LBx9QrQgIVXm9M0,fdc1b81a8847f65b2af65c22941c07c1
Na63kNYZzrEHInX4Pld0pc-1FmUsWwHvzJI7w_Srtgc,d9539237b7aab0bca363d485ef056435
Na63kNYZzrEHInX4Pld0pc-1FmUsWwHvzJI7w_Srtgc,b069f52ee1751edccec4f848bc3a1ea5
QJfMd225tzMV8XFrpwqTEYK9xUXkIkXXVbtrtU6D2HM,4a2095b878459d83a17ee86f322deb4d
QJfMd225tzMV8XFrpwqTEYK9xUXkIkXXVbtrtU6D2HM,9b6768daf9907a1e19f8bb35d6632479
QJfMd225tzMV8XFrpwqTEYK9xUXkIkXXVbtrtU6D2HM,28c40b00732da0ecc528a2da7156330f
uTY5FBgjLxijNJB_uG9Phgf0RqpZGA9waXkl3cUZZOU,ba586392f7b449586b4ebf482b1e8eb3
uTY5FBgjLxijNJB_uG9Phgf0RqpZGA9waXkl3cUZZOU,cff70dd9b69dd0c789c9e72afbb9d24d
yJUrBXGs72HhyPUsNfLJO5teaG5VR0-Wz-fCZW-L680,7db67596d0636f8582a19c0b5ea489c0
yJUrBXGs72HhyPUsNfLJO5teaG5VR0-Wz-fCZW-L680,4260e8f1ebc9f0eaeae830d20aa3bd8c
KLTrZbpVfBq8gREmwKKoefd9owIgDVeQsTFxMu210NY,9938cf5c82adee785d4e1ff470b61f6b
KLTrZbpVfBq8gREmwKKoefd9owIgDVeQsTFxMu210NY,c16d73ae75b8bfece6cc1a84b8bf0a17
KLTrZbpVfBq8gREmwKKoefd9owIgDVeQsTFxMu210NY,249f665c0516f10442b0942f131d48d3
17dftzvsFs0G2o7C68pLFPFXDCFUoq3Ly0JItV_LAxE,f68af1f76f754b5ea97ab622e32cca0e
17dftzvsFs0G2o7C68pLFPFXDCFUoq3Ly0JItV_LAxE,20db993f42a0e42f7715a6ba0088ef63
F6wa6igx2BT2MGn7VoI_6_P7iJ-Nwqb2kRl690PpyFc,f613b8fcfbbf468409a0e6c311b9454e
F6wa6igx2BT2MGn7VoI_6_P7iJ-Nwqb2kRl690PpyFc,f8ef9e0fa44967f5022f187f9f6a5e39
F6wa6igx2BT2MGn7VoI_6_P7iJ-Nwqb2kRl690PpyFc,3af86aed73364d4d7d27a077b8c0aacf
dGkbbUHmDrosO26yS6FqQgUpR8McngfEQJrRtKnfnvg,faf3b7666611f28ba76093c22a500027
dGkbbUHmDrosO26yS6FqQgUpR8McngfEQJrRtKnfnvg,927c7377c2a83bf231886afb6e781d9f
dGkbbUHmDrosO26yS6FqQgUpR8McngfEQJrRtKnfnvg,44ad566bd8d20c3cc2fe32e64fd579be
w0K2f8Ydmh7_1N0VxeIBKUnmvETZCTouvGfziitms5Q,27d4f5979c9fbd7adda83a4842f88c57
w0K2f8Ydmh7_1N0VxeIBKUnmvETZCTouvGfziitms5Q,657bc22bd1d72a30918448493de55e1f
w0K2f8Ydmh7_1N0VxeIBKUnmvETZCTouvGfziitms5Q,003981667ee238d4fa02d98c7b77efcb
oN2-idLw7Rm54q36EAA_1Jt1wJ2xzi-EzFiKcIZaayE,9e16ff3b6daac47d352a2bacb0ebea40
oN2-idLw7Rm54q36EAA_1Jt1wJ2xzi-EzFiKcIZaayE,5ba57ea310b3a5e0967c20af47163e4c
oN2-idLw7Rm54q36EAA_1Jt1wJ2xzi-EzFiKcIZaayE,f902a621d7559194264c3326ddde311b
B0WEf1gfS0toyENhLbi508wjdezEnB4VWUvueSUoYwg,d1d35610dbfc70ec41aecad1d33868d4
B0WEf1gfS0toyENhLbi508wjdezEnB4VWUvueSUoYwg,ec5823c988b9de3f6569ebf785570566
cJhdSENkbMN0ZodggBK38f_kZJGZqkGPADVwcEohI8I,1dca6cfda981742a83b7225f24b77763
cJhdSENkbMN0ZodggBK38f_kZJGZqkGPADVwcEohI8I,4ee8251ae7e4ad42c75644db390fc5c5
T5_1Ztx0qIBb3WNgY74c1ifECdjCEAQymJC7rNUFTQk,a8eb3040caffa9663f4971e9cbc76e06
T5_1Ztx0qIBb3WNgY74c1ifECdjCEAQymJC7rNUFTQk,e59e77368495d9df3b142f013e09ee83
T5_1Ztx0qIBb3WNgY74c1ifECdjCEAQymJC7rNUFTQk,862946d757f69d2e00826efcd5c0c18b
XbMFI5UdatecXydKy7zmrbNYVzDC0U5pFiTbcW1--V0,c3e7119e16b3055495c3687246126faa
XbMFI5UdatecXydKy7zmrbNYVzDC0U5pFiTbcW1--V0,c6f06879c9d6ebe219cbd69e7124a304
XbMFI5UdatecXydKy7zmrbNYVzDC0U5pFiTbcW1--V0,07618360946d816f1dfd37a4b793a3d1
rbLZ3JoX6YEvQ_gQ5Byu4y_HfwlX7udlhLGZr5tDMAc,c571f981a941d607648dee87ce80fb74
rbLZ3JoX6YEvQ_gQ5Byu4y_HfwlX7udlhLGZr5tDMAc,d0bf34c2a5fd5e4d0948decaea536cc0
rbLZ3JoX6YEvQ_gQ5Byu4y_HfwlX7udlhLGZr5tDMAc,84cfe9cd039c6b348da5ec8559478f37
ADrQjvM6I-RSGe0_27H4bVrFMcLz3-ZgOX_iDb2D7Wc,0d6051e420fd8a60d8b31838b1714f08
ADrQjvM6I-RSGe0_27H4bVrFMcLz3-ZgOX_iDb2D7Wc,d02482212afebbe450b1948a9464a6c9
cPc0TYYxwjT9EmZKXpwFPnjcFFeZTveIrwhAcTXKHFA,8810bee14f5a38954bbb9fa20383c924
cPc0TYYxwjT9EmZKXpwFPnjcFFeZTveIrwhAcTXKHFA,5797d3977eb8f699e618049831cc3c2c
q08r7gS_ZvdJRTZ95a2G-2gWaLlDLF2zXWoG9uxP77E,24e27a7c1f395bcfbd9a13fbb2cff993
q08r7gS_ZvdJRTZ95a2G-2gWaLlDLF2zXWoG9uxP77E,91ac5047455d4f7b9047794add32a6ce
q08r7gS_ZvdJRTZ95a2G-2gWaLlDLF2zXWoG9uxP77E,379361ceb2b85cf2fe6b1ee5a9d830bc
q08r7gS_ZvdJRTZ95a2G-2gWaLlDLF2zXWoG9uxP77E,f6adaa7ea881c8a039dcef64f41f8c6c
q08r7gS_ZvdJRTZ95a2G-2gWaLlDLF2zXWoG9uxP77E,ae0b9e99a763b1ccc90a432d561c900f
K20rwey6FcUr2WrbkeJ87KkUW2q6L0-wgR6JT5iy-G4,9e09776f66aeae207ffb3d5481cd1d01
K20rwey6FcUr2WrbkeJ87KkUW2q6L0-wgR6JT5iy-G4,6cb7c1adac7840be2bae17b82713d505
K20rwey6FcUr2WrbkeJ87KkUW2q6L0-wgR6JT5iy-G4,9179a10944fb9b25433f8b008a5c37f7
K20rwey6FcUr2WrbkeJ87KkUW2q6L0-wgR6JT5iy-G4,0db79161e3465d929405c5b6d9e9957c
K20rwey6FcUr2WrbkeJ87KkUW2q6L0-wgR6JT5iy-G4,0870d8675684285a4002a258a839bc9e
oXJXeWQCkZ6XQPEADaiAImvFuO4e55ImBKrpZUlNqLc,933565c831620a067c62993e13d4f8ea
oXJXeWQCkZ6XQPEADaiAImvFuO4e55ImBKrpZUlNqLc,18a0f0e7da4804f158f37d172eadf9d5
oXJXeWQCkZ6XQPEADaiAImvFuO4e55ImBKrpZUlNqLc,74e6162f6ead7759017f38d2466a7f86
cED5o2sIjQfsgJA9c6wvxhsUTnQz6ZoqcwJCmQjnhJs,0b6ac249a22c50e90349d8a757ead644
cED5o2sIjQfsgJA9c6wvxhsUTnQz6ZoqcwJCmQjnhJs,cc7f96a0d9bc8fd1b8ed00076ea9fac8
KtiQ4nZ6b6n5IHWApFokgzkKfpj5MtzxGsOKBS2zwlQ,e9ecf3296441d8a8f3a8b3042bc85224
KtiQ4nZ6b6n5IHWApFokgzkKfpj5MtzxGsOKBS2zwlQ,df8a05ae177b2c8507cf126e3f52fd0f
KtiQ4nZ6b6n5IHWApFokgzkKfpj5MtzxGsOKBS2zwlQ,9ba8d3f2591c785c8545c8da922c683c
KtiQ4nZ6b6n5IHWApFokgzkKfpj5MtzxGsOKBS2zwlQ,04360fc9aab325341f6ba0853bb2b64a
pSd0beSmYvV1UqS-Fj0IG1DyKzuQ7nlB5O_2BvotvX4,6962fca4a209d7f9be1e3cc7ec4c0398
pSd0beSmYvV1UqS-Fj0IG1DyKzuQ7nlB5O_2BvotvX4,20fc64798d777869b5c2ed4cc67e317e
vH4d2L_hLSPylpEzrjN_HUFZ4eJEeJosXMfbaM-5lsk,56c1a5656bc08fad3e1d2287de9dffa8
vH4d2L_hLSPylpEzrjN_HUFZ4eJEeJosXMfbaM-5lsk,066232f2bca4a7736661b9038ef918a9
vH4d2L_hLSPylpEzrjN_HUFZ4eJEeJosXMfbaM-5lsk,c1d2077df7f4ca4d8587092352ce48c8
hMKcIQojYeupT1_PWjV6XDlmsn_7mNWQmRChPzjIJcg,12882a30b9e1a9dc1e8bc6f24c5d8f27
hMKcIQojYeupT1_PWjV6XDlmsn_7mNWQmRChPzjIJcg,6d1f6e55d673586178aaa56f63850269
hX65CmXWMoDEXceked4Bz4ft0eujzDmHJMUM8TcVvdo,112398956e21c6cb5848c4dbeb064dc1
nY_tYlRMcPO6BiPSsGT7U7CVrJwG98ZfVdZuj-Xj0s8,f58211bd1eedda3d0f01389d03cceb83
nY_tYlRMcPO6BiPSsGT7U7CVrJwG98ZfVdZuj-Xj0s8,919d1910fbd679f95b34c3673f26a590
DkMNvQQUXi62EQtW1lBt3tXvl-Jmg8M1-aBUYc6z1vc,0f20b52f1b0294349baca4732b602ce8
DkMNvQQUXi62EQtW1lBt3tXvl-Jmg8M1-aBUYc6z1vc,48ed26f9b3e51460de32d0576c9e1b84
DkMNvQQUXi62EQtW1lBt3tXvl-Jmg8M1-aBUYc6z1vc,10c6e04707a113542ba47a00b65dced5
WgNsALoT75d8UikD0pyojUzeliyP0cG_O8JvuDf6Byw,f0299a292ead059bcc2d46ac71c38330
WgNsALoT75d8UikD0pyojUzeliyP0cG_O8JvuDf6Byw,1b5e2e6b2f4f2a498de11ed3ecbba744
qonjbwPDaE7YGZe6LpVQJSuWiZ-n3ttgMF3mNrqoKx4,56a060d3ad8ed6545d74956e27a20d47
qonjbwPDaE7YGZe6LpVQJSuWiZ-n3ttgMF3mNrqoKx4,2c1552143b367070cc500b7eca6abaaf
qonjbwPDaE7YGZe6LpVQJSuWiZ-n3ttgMF3mNrqoKx4,54fd129dd924abc7d19b3f26831cc9c1
Y1VSDdyurSCt7P0e4BqTrw0C6w-BJdWDXjCnDF_ba3M,cc12602197cdb8066f0e7cb744820c38
Y1VSDdyurSCt7P0e4BqTrw0C6w-BJdWDXjCnDF_ba3M,ae569f41e3a47da30c467b2ac9803a1d
Y1VSDdyurSCt7P0e4BqTrw0C6w-BJdWDXjCnDF_ba3M,808d0e900a1b3c448fe4fd0878e0d39f
Z7Y5H8Rs3VwpYnrh_ldrvbf7YQsSmG6JuaeOjQP96zE,d89af08443fbc3d59b025babcadb7468
Z7Y5H8Rs3VwpYnrh_ldrvbf7YQsSmG6JuaeOjQP96zE,2c26f6598c904589eb7c8306d00a2157
Z7Y5H8Rs3VwpYnrh_ldrvbf7YQsSmG6JuaeOjQP96zE,163cb4da779c0e4ca71b03470fb636b7
26gnWpM3ws3ugDnBWRUn014NPtZIw28y1W6lZHSpRk4,807c2832ca4bf2c4c9dbc3934a4d4e8b
26gnWpM3ws3ugDnBWRUn014NPtZIw28y1W6lZHSpRk4,e70deb98c5244f56ce7ffed74f6ee0e7
26gnWpM3ws3ugDnBWRUn014NPtZIw28y1W6lZHSpRk4,0390988373c40c72cd8d1ade3e63f6df
ylbrWq_zykq1nB1Ru7nrQQ5CRnVtK4551CECb51_Pzk,f04ac8ffb856e3716fa1fd56f421a0d5
ylbrWq_zykq1nB1Ru7nrQQ5CRnVtK4551CECb51_Pzk,69ee278e42abb38c19de6b56a350483a
ylbrWq_zykq1nB1Ru7nrQQ5CRnVtK4551CECb51_Pzk,7ca3c990d0c101e4cb43bc7ac8439e5d
XAfhSHKVLh1TufsAmAgv7vKa7lmbjgXwP90BMR0za2Y,17eb51369487d1b24865ac17076769dc
XAfhSHKVLh1TufsAmAgv7vKa7lmbjgXwP90BMR0za2Y,eac47b0faa748b5b01365398d0f604f9
qzBByobQQSjIWJl4xB_8P8RdEXgdoa1N429Qk6rmOzw,7e61d32c260599dc3f152536fb3ca337
qzBByobQQSjIWJl4xB_8P8RdEXgdoa1N429Qk6rmOzw,904c6c2eaf731642adbfbc48e19f182b
qzBByobQQSjIWJl4xB_8P8RdEXgdoa1N429Qk6rmOzw,249a9b8ecb430d84506151bbf3cb83bb
wKgllBySGRgqwQEV0Ty5QLsq45EviD8GB1ssvdbrpFM,6a66d5b4b2c7e9445128310781fc6b72
wKgllBySGRgqwQEV0Ty5QLsq45EviD8GB1ssvdbrpFM,76df02767574edb15c6e5abfdaf3046b
wKgllBySGRgqwQEV0Ty5QLsq45EviD8GB1ssvdbrpFM,3874203e4614a2020d8e3d9bc27b913a
Y4e2uNX2mIJuMc8kJ-D3b3HgQehD6dXSBwqCeGMjB6k,48e1efe70da2fda90a7a8a7410407f82
Y4e2uNX2mIJuMc8kJ-D3b3HgQehD6dXSBwqCeGMjB6k,53931bf5540f1500a568840815513f5a
bRUIY6tfqp0SRzqphFRQ0wV5IG7CaVsT6USBUip-3xU,6a614a38b095160e733d53dd8e1eae44
bRUIY6tfqp0SRzqphFRQ0wV5IG7CaVsT6USBUip-3xU,b8e00e9bc3b4f64e478f69f84d7a61f8
bRUIY6tfqp0SRzqphFRQ0wV5IG7CaVsT6USBUip-3xU,3e7bdc1609ac35ef8df04383a1e0f7bf
q6ig-2R6NfsMqvwKFixtgth6Vr2OE2s_MBsJR_a_7QA,535cf2b3fb8f66f74afe3f1349989514
q6ig-2R6NfsMqvwKFixtgth6Vr2OE2s_MBsJR_a_7QA,41763e5e1ae137fc5d8b1a654b82a842
_Gqw-g6nwnBszeu-RoTbJOpr51jf7a4nPhWYHGBO3j0,6005af266732297800b0004a361e5328
_Gqw-g6nwnBszeu-RoTbJOpr51jf7a4nPhWYHGBO3j0,acbc2c0d9ccdca84668085763ffbc1f4
sz5sjW6rK1Gay3i2X85fGHu0FYbSh7b8q9BcKNpMq4k,78e0bdff438c27b77b947af7eba4862b
sz5sjW6rK1Gay3i2X85fGHu0FYbSh7b8q9BcKNpMq4k,c0c31b2c95e802ed893f48899143fb0d
rF5hMzRNGQQd2t2NMAdPO0puaVfSbW4WLllam0oItto,35681011b900311911b59c6cfc7fb862
rF5hMzRNGQQd2t2NMAdPO0puaVfSbW4WLllam0oItto,733ac006d27ad342268ec22524efe435
VdspwHpdezYz_ZH-2zjnQS37EeaVEWdgicBUYk-U6CM,cfb756d9cd68c20e15c7a82bb2e2d69d
VdspwHpdezYz_ZH-2zjnQS37EeaVEWdgicBUYk-U6CM,b2c7433b820b80c7f32a9a7d9a0d790d
pCtBcyQpIqGHleYiYqjTjmAMDTnblvQxDCuAOhgDCpo,d60e3265f3f388eb7393e571843100a6
pCtBcyQpIqGHleYiYqjTjmAMDTnblvQxDCuAOhgDCpo,ac69a9c0b97e83473906ee7115fbecfd
9EaimZrRMF80lcFWZgOgL10d8T21DT0ZJ5fWTxjNYbo,ea64bcfcb28a8d8e80c9e326f8574e76
9EaimZrRMF80lcFWZgOgL10d8T21DT0ZJ5fWTxjNYbo,1010fa29f4cd5a773cf0b840508289a6
TlIG_3sXZLuH7T9nQMivDNnzJn4fFYQy1P0KqC3ldUQ,578f12cd7dbbf39ccebc3116eaea41d6
TlIG_3sXZLuH7T9nQMivDNnzJn4fFYQy1P0KqC3ldUQ,424bf24bfcb4c8447e1d892c1e49f9d4
TlIG_3sXZLuH7T9nQMivDNnzJn4fFYQy1P0KqC3ldUQ,3b5b5e4c33ae4d8e9b582a67a84e1d2a
N8lTUHTD3JXcIQtTMNKhmzLBPajzI8tqLo1uJUVy_18,dbf3b9aa4985f2dffa940d3734e07069
N8lTUHTD3JXcIQtTMNKhmzLBPajzI8tqLo1uJUVy_18,1d828095732907eea6fb6178b416b052
N8lTUHTD3JXcIQtTMNKhmzLBPajzI8tqLo1uJUVy_18,7be987cb0dab32f651f74bd35911345c
N8lTUHTD3JXcIQtTMNKhmzLBPajzI8tqLo1uJUVy_18,c62de4e7b3a8df78ae7f9c640d32d117
hdX0tCobySqi8hLYy8c_K22HD7YBC97Hx2wkqA0MrF4,abb60ec123bc328b86c956b37a7e1a91
hdX0tCobySqi8hLYy8c_K22HD7YBC97Hx2wkqA0MrF4,ced1d4060d910195a7399780c39870d3
hdX0tCobySqi8hLYy8c_K22HD7YBC97Hx2wkqA0MrF4,cf030512fba76253b764458381aa404e
5TJEjrEATRi6qua4FW3KsC9a34Nf2JWV572lOKqWItU,37d071c2f664fbd797a866c8f90379b6
5TJEjrEATRi6qua4FW3KsC9a34Nf2JWV572lOKqWItU,c5825a8be3febf75303b119dfb804b05
OMKVe2JAZ7Omn-5otiXCiiYPbwdWDvNXUHHhEkTKN3Y,f092478fbf9b17c7e24e3eef7b052cbd
OMKVe2JAZ7Omn-5otiXCiiYPbwdWDvNXUHHhEkTKN3Y,e25109303b34330f73ec1e27610eecb8
59bc275b681516389ccf4138,154f1875b05cb4cbc2a391a5680a7ff7
59bc275b681516389ccf4138,c236a610a1c729442ceec4db83f1764d
59bc275b681516389ccf4138,839af39d0188cc4e155a96c8ea4c02ef
euYIzweveWQR2YkbEJBkSeRsOXNjePkXxNQdCHVc72Q,f1cd73767d9438168677c47f45282d6d
euYIzweveWQR2YkbEJBkSeRsOXNjePkXxNQdCHVc72Q,6f092da84a2a847754350e6a38f7595a
I7T7u9B89_G9v5RY380Q3n7yaScyr6KVXploESnm1jE,227842a66ee1ad03f1978171f9137d69
I7T7u9B89_G9v5RY380Q3n7yaScyr6KVXploESnm1jE,e7ffaec8293fb0321bcd11d32f7caa4c
I7T7u9B89_G9v5RY380Q3n7yaScyr6KVXploESnm1jE,560bf05fd758f3263453e6e93cc76b59
I7T7u9B89_G9v5RY380Q3n7yaScyr6KVXploESnm1jE,3569a2eab434f0fe3b7618e58802ba5d
I7T7u9B89_G9v5RY380Q3n7yaScyr6KVXploESnm1jE,e8c48301c229f3f1d5fafe1bc5cc5bbf
fVpAG_A95WbhNPXy_ucAI8OZav8gPuR3XNf_g_fvtRU,821b45e5a0b3066a2269c9ffb2cb9729
fVpAG_A95WbhNPXy_ucAI8OZav8gPuR3XNf_g_fvtRU,2b60e411cbed322759c00b039a1c4577
uAaeY5FmyJfEpMHU7YWHwciwCnSDkykg-eN2dn3mgEU,6a46e1d04f8632dc1250770c12b8d83c
uAaeY5FmyJfEpMHU7YWHwciwCnSDkykg-eN2dn3mgEU,d01d32adcf0f4ccb8ee0f071c64169f8
uAaeY5FmyJfEpMHU7YWHwciwCnSDkykg-eN2dn3mgEU,2d9890239731b27c3317e08703c81e07
ywxDJa9T9e9-ISArokH6itc4fwDRTCLuOHLZzOS2Tgg,17343b4cdf2f35bddd48a8f3ce1a766d
ywxDJa9T9e9-ISArokH6itc4fwDRTCLuOHLZzOS2Tgg,e77f9500665ccbfa6e85ca7fffdf3a85
0PghUpgAgKJiVgHZpWydh6WqIYKYTlzV-5QR7eSR318,588af03945635d2c5cedd75e9c100a8b
0PghUpgAgKJiVgHZpWydh6WqIYKYTlzV-5QR7eSR318,dadf7b0754930ca8619fc1863f5fc240
0PghUpgAgKJiVgHZpWydh6WqIYKYTlzV-5QR7eSR318,077a7af0538bd58a8ac58cc684897868
qFzAW1qkXMC0OZfRr7LfqyUx7Rea3XaF3s4OyyAW_Ss,0e3270f03ddf0b67efd50729eaf96c1c
qFzAW1qkXMC0OZfRr7LfqyUx7Rea3XaF3s4OyyAW_Ss,1320018183543ed30cfd349ebc58770e
xxc-j-QEiwIlUhhugmK30VWxX8bhUMSvtoo7vpST4Nk,82ee84e72800204c266cfc113f09fcfd
xxc-j-QEiwIlUhhugmK30VWxX8bhUMSvtoo7vpST4Nk,3ded06ebc42974bb3073439296545837
Sv7G5bjjzfSMgaP9mI0t7tlPxz2_X_XHR2pHH5PfgIw,cac5473fade5135506ae82ee1c90d04f
Sv7G5bjjzfSMgaP9mI0t7tlPxz2_X_XHR2pHH5PfgIw,8b7a924da27b85d07fa7a8fdf5397ef4
FNC89HJ3V08ITqMLZJpnLnYKgpUrhFt-bf3l7lmlXCg,f6ca7fe9e39eb8707b0d5dea77c2671e
FNC89HJ3V08ITqMLZJpnLnYKgpUrhFt-bf3l7lmlXCg,8ca8ad210678008c9575a510d7beb106
0ix2B0qPwwgPAyBJM88yn6Wkhl6oLxhlUGOkN8jpt9c,25239b1e2e3317f1d0a5e9d4be54d0df
0ix2B0qPwwgPAyBJM88yn6Wkhl6oLxhlUGOkN8jpt9c,c26874728e2bc7881fec077c6fc210b9
evD97JVk2hX0oa09ckL0at05ZUtRrlBG_ynLaE-qJAI,b6698939fe7cb32f0ce4de3c923bc5f8
evD97JVk2hX0oa09ckL0at05ZUtRrlBG_ynLaE-qJAI,869e24d80a0ab6ff0846a3ef036022b5
evD97JVk2hX0oa09ckL0at05ZUtRrlBG_ynLaE-qJAI,b2cc2c859ddde632a3b8f03d436efce8
6hDHPg9Gl4xq_yiwOERDmD9yYMRDLE9zTuXC3-G82fo,5bce9c75eb55183845e4fe3a368854d4
6hDHPg9Gl4xq_yiwOERDmD9yYMRDLE9zTuXC3-G82fo,da900e2a72ffb7e143f8cabe6e2bc3b5
EAWw2QfMPSiBeTdY3qxp7D4IFYFNzY8JgfekYkA8xMc,bb978f58b77e08c66fda59c58477b3f9
EAWw2QfMPSiBeTdY3qxp7D4IFYFNzY8JgfekYkA8xMc,df8db34bccd6d732898ef1cf6a80b5c3
EAWw2QfMPSiBeTdY3qxp7D4IFYFNzY8JgfekYkA8xMc,04ec2b080eaf438d5b9730b001db03b3
tGS2BVEi9Qo6wt-O3AYsb5-CTHP-rcDKjsgQTKvBLd0,9eb3242e38c6693a9ab9aee7277d04e5
tGS2BVEi9Qo6wt-O3AYsb5-CTHP-rcDKjsgQTKvBLd0,13c90d1e0b47d7ad32a5ec87401b2966
tGS2BVEi9Qo6wt-O3AYsb5-CTHP-rcDKjsgQTKvBLd0,f2810a4d7a0bb4fa2f323e53907c9994
8VDPJXsMB2HMFf8Q86E8ZD9Lc-r4VjBM8Dh5XMLe1iI,e6e3cc3ae0b8a96a11f75a51ea2787ee
8VDPJXsMB2HMFf8Q86E8ZD9Lc-r4VjBM8Dh5XMLe1iI,4fb3d25d7fcbca29405aec42c51d88bd
8VDPJXsMB2HMFf8Q86E8ZD9Lc-r4VjBM8Dh5XMLe1iI,b1f72220425fac99856b884853537953
v1lTWJL_fmILp-MVCJP95ti6NQ6HMkF3JDH_4LhCWa0,b5eda6d46ad53a794faa4239e20b737e
v1lTWJL_fmILp-MVCJP95ti6NQ6HMkF3JDH_4LhCWa0,03c2f513510ab7abc696fe4180004f8a
Cnx_3RZkrvCxS-9dQAN635WAesZY1gjRST5V7FYWUS8,5db7a33fb9946578b922085a840d4b38
Cnx_3RZkrvCxS-9dQAN635WAesZY1gjRST5V7FYWUS8,b2779e30ac78788a745a30bd89a40225
Cnx_3RZkrvCxS-9dQAN635WAesZY1gjRST5V7FYWUS8,150ffa6a4714c9c32c861fc388fab5bc
0RRTDLueddykSM_-MbQYeCfx43VR1uf19kN8n6L7sJA,87d4e832af70b7750647d262ed84a0c3
0RRTDLueddykSM_-MbQYeCfx43VR1uf19kN8n6L7sJA,daa4b87c942f1c2112fb7ae75d4bbdf0
0RRTDLueddykSM_-MbQYeCfx43VR1uf19kN8n6L7sJA,ebb76cb031ee42731d624908eeebb4a6
0RRTDLueddykSM_-MbQYeCfx43VR1uf19kN8n6L7sJA,196382286a99392f3d006386ed7784c2
6NGuzk2gwsmfRtM6l2BslVzfLrLy6eGSfWYT9cJ5ZH8,ad08b1f0300b837b4970dcbe2b436f17
6NGuzk2gwsmfRtM6l2BslVzfLrLy6eGSfWYT9cJ5ZH8,e52d059fb59ee09147d41e81e1492ebc
6NGuzk2gwsmfRtM6l2BslVzfLrLy6eGSfWYT9cJ5ZH8,46521df8b4a971c56023c229edd15d54
C_wJrNOhIWpaja4ncvdVenf51_qIKag-7RRYByEfvrg,5c0a921c07cfb6ad4c23020a39b9adac
C_wJrNOhIWpaja4ncvdVenf51_qIKag-7RRYByEfvrg,4983d109c66c0cae180bd4a0b3a4d3e6
C_wJrNOhIWpaja4ncvdVenf51_qIKag-7RRYByEfvrg,e569c5601f0176148f8094ead2669d2f
C_wJrNOhIWpaja4ncvdVenf51_qIKag-7RRYByEfvrg,6614b8f5e501031d2f8f3b7d638634c2
C_wJrNOhIWpaja4ncvdVenf51_qIKag-7RRYByEfvrg,98b39d8580dffb93b487d56c1ef9c9f9
TlIG_3sXZLuH7T9nQMivDNnzJn4fFYQy1P0KqC3ldUQ,e82e838efa2b9296671be5b28be38b41
TlIG_3sXZLuH7T9nQMivDNnzJn4fFYQy1P0KqC3ldUQ,c95229e958e8f0e604e7ee6a28f40c8b
KSnPLyfQjUzB3cWfhOb3cD-qbINpzoWJLe2A_lNbx9M,77dc69b364504c3845bdf0a2701c4e77
KSnPLyfQjUzB3cWfhOb3cD-qbINpzoWJLe2A_lNbx9M,0d5fe7741cc2986df2942450a7c344d7
sKLS3PYRYIwRlNcVaVcyt5PFfFFxwXUV67O704IvTkk,22b4207dd4756c17b939c6cc03ea2934
sKLS3PYRYIwRlNcVaVcyt5PFfFFxwXUV67O704IvTkk,a1d6b2d22036149709f5666187fd51b5
sKLS3PYRYIwRlNcVaVcyt5PFfFFxwXUV67O704IvTkk,d6ee5645d7d6b3ed77899e49263cac32
oltX4f-GEqRvJbjI2lsfXavAV39ZVaGlHOsn9S8Jdjw,722331b1c3ec4ca7992db59b9b1d1564
oltX4f-GEqRvJbjI2lsfXavAV39ZVaGlHOsn9S8Jdjw,6975d13b25b7f6267e56dac5e2ce0458
pPrKlT41Yvd82NOaN31WwdTZwVaTuDttLgy6FmMzRAM,075e85b80173b572e92ace0f44ff08bd
pPrKlT41Yvd82NOaN31WwdTZwVaTuDttLgy6FmMzRAM,ccb269a6b9fe7d043432645b8f644de2
pPrKlT41Yvd82NOaN31WwdTZwVaTuDttLgy6FmMzRAM,fe401d2e9b20ea62938d955214d00a6f
keIXnzG2_SICqPzhM1RpNigNR2A483pLl3s2E0CGNWc,f83d9a3947e8b59d3e8aa110a5137dbf
keIXnzG2_SICqPzhM1RpNigNR2A483pLl3s2E0CGNWc,f13110a3d0a2c346af9c361be3e68023
T5_1Ztx0qIBb3WNgY74c1ifECdjCEAQymJC7rNUFTQk,0b48e829981c349462ac58bb06b87f03
T5_1Ztx0qIBb3WNgY74c1ifECdjCEAQymJC7rNUFTQk,7d9b4922b94331d8c88a526f589be748
ukeiRGOQVbel106MYzhFhhyhE3iWMsb6ShJdu9avS14,74e1d60ed8cc6d9751d93ede5f8ddf2c
ukeiRGOQVbel106MYzhFhhyhE3iWMsb6ShJdu9avS14,1d0b5d9bd3d28d84a6df7da33f6e7329
ukeiRGOQVbel106MYzhFhhyhE3iWMsb6ShJdu9avS14,5a7955892b991d996fb1019e25a28bff
0QW7SNzqmRooRGXql2nRJG5HmfgDtvxaxDcovjh9DRQ,3b44bcff450d8687a983c6ef6f979756
0QW7SNzqmRooRGXql2nRJG5HmfgDtvxaxDcovjh9DRQ,1e24ff69f27df8631e45d6cf39d768f1
5NEY_5lj3LQcxtHNYCjcqS5vMJ8okWrt2PkRbl8SWfs,99cb28cf1ba70b41e10c513e16b492ed
5NEY_5lj3LQcxtHNYCjcqS5vMJ8okWrt2PkRbl8SWfs,72fb056693a213a37810bf95b2156358
vkFxfhTE30mCmnR67HYRg68RqO8ijppJdNDL9bVf05g,3c33537ea6a60f048eb12e594753b32a
vkFxfhTE30mCmnR67HYRg68RqO8ijppJdNDL9bVf05g,696151d44979573010f0797539040891
FlJ6-rg-jFweEckuyjjAv8WKCUezmttg_udsSCjFXdg,620c392dc4d87a99d8a46b5cc4e8fcb5
FlJ6-rg-jFweEckuyjjAv8WKCUezmttg_udsSCjFXdg,24a5a979f65f54dde93e39373627fc43
FlJ6-rg-jFweEckuyjjAv8WKCUezmttg_udsSCjFXdg,fff2bd95fb7f70e5da4761786e2c710d
85pSx8BihvIFzHAXyo4UIMehELIu_6AmakzM7CzmVHc,1c76dd73e6285e25a2c4c55ce2c0c6d0
85pSx8BihvIFzHAXyo4UIMehELIu_6AmakzM7CzmVHc,022ce742064f2d66c154183acf509bf3
85pSx8BihvIFzHAXyo4UIMehELIu_6AmakzM7CzmVHc,ce653c28af3d35d6b32b455f78c4cf93
vpjLNAha8VZXB2W0_4xNRPpNwYXjGJpj_nTPzMENOao,f17eba6b3254924940484155075da4b4
vpjLNAha8VZXB2W0_4xNRPpNwYXjGJpj_nTPzMENOao,bedd2b8722c1884674c58320e488f4b3
WY-foI1UM6dkA9wWSrOccAMQVbZAC2ay-PY6HNyK3LY,35b7f4dad512bdc57037a931a4611704
WY-foI1UM6dkA9wWSrOccAMQVbZAC2ay-PY6HNyK3LY,bb231b95cd58d109fceda6e0f92879e5
WY-foI1UM6dkA9wWSrOccAMQVbZAC2ay-PY6HNyK3LY,a49c0a408503d3ebe322f4c049bfacc2
d9tIaDZjr8t9DJAstEk0Tx373Ni-r80URAlZkLsDGr8,5172164997526c182da6ceee47d40359
d9tIaDZjr8t9DJAstEk0Tx373Ni-r80URAlZkLsDGr8,c51d658fd7b81a5f2b7bd21f966a1a46
d9tIaDZjr8t9DJAstEk0Tx373Ni-r80URAlZkLsDGr8,4753f180d8920e6ec03328fe385e9121
aaPAdgM3VmDUi5EFGFCWcT-uycp-3pjO77w937DNDZg,b4e06a8d948c3616b5f96386f5cc83b9
aaPAdgM3VmDUi5EFGFCWcT-uycp-3pjO77w937DNDZg,b5e5c354b566c320eef593bcada86f7f
aaPAdgM3VmDUi5EFGFCWcT-uycp-3pjO77w937DNDZg,aae2de9f03dfacbba1e0e634e70c584f
aaPAdgM3VmDUi5EFGFCWcT-uycp-3pjO77w937DNDZg,594de9e531d38d7254ab4ac5a2de44af
aaPAdgM3VmDUi5EFGFCWcT-uycp-3pjO77w937DNDZg,70e8f7a46bb3b4cde6fd297596c65ba1
59bc275b681516389ccf4162,f6a928aca04ac779b585e5f40978e03b
59bc275b681516389ccf4162,8253201baa6337eb0ad4398bad1834a9
ela3K7d9qiwzugqKZNlQXf8SKGvTCYN9Uwoj6RdRDBk,d51f69801bc13f0a3a951d564970c983
ela3K7d9qiwzugqKZNlQXf8SKGvTCYN9Uwoj6RdRDBk,16b78aa434fbd88e6d465b38fd70cd4c
VJZOdVq5nG7XxV9OSj6ZJ90OTwNMAM_rdMZw4vpw0T0,21d580241e99e8158981572e522ec5c2
VJZOdVq5nG7XxV9OSj6ZJ90OTwNMAM_rdMZw4vpw0T0,34d1eb2efb0c04e88ad7a423e113540d
VJZOdVq5nG7XxV9OSj6ZJ90OTwNMAM_rdMZw4vpw0T0,25ba686cffe03dcbff785ab2ce4fcdec
VJZOdVq5nG7XxV9OSj6ZJ90OTwNMAM_rdMZw4vpw0T0,6ed5aa7c1c426bff83723e6cf328b869
VJZOdVq5nG7XxV9OSj6ZJ90OTwNMAM_rdMZw4vpw0T0,44e8a897f074218827501e29d95212e4
VJZOdVq5nG7XxV9OSj6ZJ90OTwNMAM_rdMZw4vpw0T0,efb29d1d903307924024f6bb7eb66f73
VJZOdVq5nG7XxV9OSj6ZJ90OTwNMAM_rdMZw4vpw0T0,278b095d248d20cd6db412da7a58e328
9WqMFHDk2TR3-oEDL4YXL_OKUh8OpOnILG4cBw6JBdo,37adae70a4af6659023d5f5a1f3abfe5
9WqMFHDk2TR3-oEDL4YXL_OKUh8OpOnILG4cBw6JBdo,fb636e91c81428afc25a966fbae8b96f
9WqMFHDk2TR3-oEDL4YXL_OKUh8OpOnILG4cBw6JBdo,cf095af2039f4c687e34efd6e692e705
W1DhwegBSvAsBraLd1PNtjIcXFSHpIyVr7-PrEKV6BA,32484c96e86d3cd040f5bf481b3a2019
W1DhwegBSvAsBraLd1PNtjIcXFSHpIyVr7-PrEKV6BA,048aa352a99dd2b03fa68c15d49a6324
W1DhwegBSvAsBraLd1PNtjIcXFSHpIyVr7-PrEKV6BA,c3caedc9e424096a09b89da6864f8b58
W1DhwegBSvAsBraLd1PNtjIcXFSHpIyVr7-PrEKV6BA,34e426097193261992d134c419f26f75
W1DhwegBSvAsBraLd1PNtjIcXFSHpIyVr7-PrEKV6BA,6247d5e443deebaf40975a95f1efb040
W1DhwegBSvAsBraLd1PNtjIcXFSHpIyVr7-PrEKV6BA,a99242df9ceaccf8460bdcb581ab01e9
U--TFVlYwMGzYt80Abyn0wB99EwmbY0gcga35WEQ1fI,3bb6c3196aac1e88b76e0213b8259eec
U--TFVlYwMGzYt80Abyn0wB99EwmbY0gcga35WEQ1fI,d0a6348e3a475b0e55845a617a9d230a
U--TFVlYwMGzYt80Abyn0wB99EwmbY0gcga35WEQ1fI,138411c73f191dc3b636507402353c21
uf08nHj8NW5bU1jKEJqScNvFUONolbU1e2GOkQbJx4E,9ead3568a7f49411570e5693a710ab92
uf08nHj8NW5bU1jKEJqScNvFUONolbU1e2GOkQbJx4E,eed29c1ec493760862596ceb2f062430
NstLEdWIquRPVL4FtyjfQu5cMWSx_896oZSU_6cMdr0,d25050c60d5923dbb4911471e7c474f3
NstLEdWIquRPVL4FtyjfQu5cMWSx_896oZSU_6cMdr0,a59079bd020b63e8141e49927ba0d2c7
NstLEdWIquRPVL4FtyjfQu5cMWSx_896oZSU_6cMdr0,5f38c9e62bf47b99a0e63db61bfef9bd
WY-foI1UM6dkA9wWSrOccAMQVbZAC2ay-PY6HNyK3LY,4ffb3cce30702c9a24526bef78e552d7
WY-foI1UM6dkA9wWSrOccAMQVbZAC2ay-PY6HNyK3LY,ad64cab58fac6818ec11cb9786ae0d13
59bc276e681516389ccf486b,bce6676f1b7b959ccadc20953b1d04c0
59bc276e681516389ccf486b,d210d084c63b34d50c46b7fe1a779cdf
59bc276e681516389ccf486b,681ee1c1de3d9c838f5f6102896589ac
59bc276f681516389ccf48b0,e5a63421d5a185d725de3014d7037f98
59bc276f681516389ccf48b0,8422e15b061d352c93cf55735bfb367c
K7M5hwCYRUP6JUGRu6Aw1aFFUr8hxcc2HfxvINNgM-Q,81a1150a2f6f46fa6eaa019f36bb13e6
g5dXQOee9z0ycjenYwpludqK5JBLEXxA3VAPP7S9jj4,177646284b48a5bf7dec423b3b78221b
g5dXQOee9z0ycjenYwpludqK5JBLEXxA3VAPP7S9jj4,87d5654711832da50e353d8c08aceaa1
g5dXQOee9z0ycjenYwpludqK5JBLEXxA3VAPP7S9jj4,0ed510afeb88026e7ddfe37186fe3095
k1pRntj05Wsoev_SLDOZ1d6T3f6RuQxx3HxHNuy0Dck,5403e49efe469c37f5105af5e28c0452
k1pRntj05Wsoev_SLDOZ1d6T3f6RuQxx3HxHNuy0Dck,94fd4f02b1b324371dc1ce788cd20546
SkGkB_nxSWIrR1nPm021UAlPqKb-hUSVnqNxf5DZiSo,13ba0380c7727032b7cfbc1792da0758
SkGkB_nxSWIrR1nPm021UAlPqKb-hUSVnqNxf5DZiSo,7d1018b1d31364f067c46beb6efe1755
SkGkB_nxSWIrR1nPm021UAlPqKb-hUSVnqNxf5DZiSo,efff3ec624f71c18ac23fa9f18fa9be3
p4x9jFL_gMbiDN8z3NIPNVSla2s9y6SEnQh8Z3d2-tU,9ea76bbcda5350dfd27bb40eab9162ab
p4x9jFL_gMbiDN8z3NIPNVSla2s9y6SEnQh8Z3d2-tU,494077a2861613354b874ee2137f4910
p4x9jFL_gMbiDN8z3NIPNVSla2s9y6SEnQh8Z3d2-tU,c73b0e6747b0da0a26f1ac164bdb16c9
JpAYFyDkWKxxJ_CEJLW7J6pAHNDENq07_NSFgTN2K4E,05bf05a5eaa2729f70e0db6f3c8e320d
JpAYFyDkWKxxJ_CEJLW7J6pAHNDENq07_NSFgTN2K4E,f43ae9378e9251e1e943e1999e36c488
jpCMhSbmRPNpbDdZdI7hZd8Y9av7i5cn29ylTCJHxfQ,5b98d56c7f8a01459589c72ad460988e
jpCMhSbmRPNpbDdZdI7hZd8Y9av7i5cn29ylTCJHxfQ,d3d515ca7f7aee0f80846995087f7890
jpCMhSbmRPNpbDdZdI7hZd8Y9av7i5cn29ylTCJHxfQ,8080185c91d8634236becb7a7e464686
PMRjxBjzHBVxfATw1fX5GG8Ksyp_7BkqdyWaDvho-tc,a616e6c6963154418ecf396ab6b53ee9
PMRjxBjzHBVxfATw1fX5GG8Ksyp_7BkqdyWaDvho-tc,25fe482271a62671bec6d8929b920738
PMRjxBjzHBVxfATw1fX5GG8Ksyp_7BkqdyWaDvho-tc,89c28bc4bbadc4241bfb936c8b1df07b
PMRjxBjzHBVxfATw1fX5GG8Ksyp_7BkqdyWaDvho-tc,196b5d8b3d1d557b82cc7287d0615faf
PMRjxBjzHBVxfATw1fX5GG8Ksyp_7BkqdyWaDvho-tc,4a18a4d909c03456fa0821283f797045
UGy_sdIHzARXHIDtWBw_lKvsTzj4WHcobmnJRQ2uiw8,6e28d8ea8ad6a99bc5dcf4461e3c693a
UGy_sdIHzARXHIDtWBw_lKvsTzj4WHcobmnJRQ2uiw8,f116e6fd2172d006ac6ccf34c7751945
UGy_sdIHzARXHIDtWBw_lKvsTzj4WHcobmnJRQ2uiw8,c9fe7e8b21051e50f104515df0c733fd
b8lbSlmABHQ3WjdWXt7FDitnjCHBSkUz42oLXRqu_DU,37f5c26aca3dbe239757d5b8dcd9adee
b8lbSlmABHQ3WjdWXt7FDitnjCHBSkUz42oLXRqu_DU,c7d5790fdf328f444eb76c02a4cbd9ae
b8lbSlmABHQ3WjdWXt7FDitnjCHBSkUz42oLXRqu_DU,e82657356750962caf1d695a35a1be90
rVgKz6uA6gO8wmtxkY8oU3Fe3k6OHDOAhAPbGVpY32A,8236d77cafce31d968198ce4b1763e11
rVgKz6uA6gO8wmtxkY8oU3Fe3k6OHDOAhAPbGVpY32A,837f31a3d24e1d5eed2a3ee5a07405b7
qY9aOKuirc4g-3LxZYZYvrZcKyGaf2iX2SQOQPoVdmg,dd86a53ef0e2e08dccb40728642daba6
qY9aOKuirc4g-3LxZYZYvrZcKyGaf2iX2SQOQPoVdmg,ce8632b764525e58859c0b78b1f0182f
qY9aOKuirc4g-3LxZYZYvrZcKyGaf2iX2SQOQPoVdmg,9261cc0ecdd1428dd5a8cb16a7f99108
qY9aOKuirc4g-3LxZYZYvrZcKyGaf2iX2SQOQPoVdmg,a6001adb11625eb9d8c76e87976f7979
DL_WAdynzJel4FVSUAOJqQAjVrOc_Me8LZa4al2ZqXE,38003146107bacdcb8412feef422664e
DL_WAdynzJel4FVSUAOJqQAjVrOc_Me8LZa4al2ZqXE,e04c15e7611a9b03b1f1920631f8f113
f5nHfVaq9zhTSzegIjT27PK43lmiUeYo9CKJ4xLmsMI,a8385e3e944ea7e3a9244bd1ba9f5c99
f5nHfVaq9zhTSzegIjT27PK43lmiUeYo9CKJ4xLmsMI,9e4274343d9e5836d8226bb9a553c2e1
KGzJCosVL4DMUh9g-nEl4D_7TwPBCQ6hipd87aOxtWw,1be7fbc3ba971595ed6b9c70544b8f34
KGzJCosVL4DMUh9g-nEl4D_7TwPBCQ6hipd87aOxtWw,3aa17fb43faf43147529b974dbb433cb
KGzJCosVL4DMUh9g-nEl4D_7TwPBCQ6hipd87aOxtWw,c276e46b0163c8c1b445b4af9aaee8e8
CE5PaY-_MjLeFzqHc1WwCbJjCAM4xva20sWN7MPPLmc,1e5d68b1a98e6827e873f0da8e2c5072
CE5PaY-_MjLeFzqHc1WwCbJjCAM4xva20sWN7MPPLmc,db4e6e3441dc7d27e30c45568ebe32fa
CE5PaY-_MjLeFzqHc1WwCbJjCAM4xva20sWN7MPPLmc,c671d7b384813c695d7badf185a04c6a
V2eo5TFgvj4wj5oyVrzB7-vwmswZEwWz762-XuRfzls,abee0014beebdb5eaa95a0d10e70acb1
V2eo5TFgvj4wj5oyVrzB7-vwmswZEwWz762-XuRfzls,3d87933edabe81c587d7f4a59af2a918
V2eo5TFgvj4wj5oyVrzB7-vwmswZEwWz762-XuRfzls,5a08e842963b6b25ae46d828a57521b7
489HgtmBtqFJ9c4i5YSmS5RcbGxfg0kUD5him8uUE1E,f71180f35a8dc76281069a383a69afe9
NU781sAsq4b4CtVf1wqf-ivPX0wwDn64WJUL1ZCkTQg,59276a3b1b21d72cd467d84575876a36
NU781sAsq4b4CtVf1wqf-ivPX0wwDn64WJUL1ZCkTQg,4e33ffe232e61aad9150081f59398211
SIHAb6fgQDObq-GM6uTbh6snDvVmC0A2B-GKzkEUssI,41ef8ad75f67734752216e46d680b696
SIHAb6fgQDObq-GM6uTbh6snDvVmC0A2B-GKzkEUssI,1cd1e4549e2156c88ac75f99c25d7873
SIHAb6fgQDObq-GM6uTbh6snDvVmC0A2B-GKzkEUssI,675e4bc1ac4329ab50f9604a320668c1
N1iLWrIpDkxDyjcZb-It95lRyaa962Zzwqavgsp_yGs,22121ddcf1956c34fee0336b3aafc034
N1iLWrIpDkxDyjcZb-It95lRyaa962Zzwqavgsp_yGs,c0ebb0225f3121e5058c802ba9be3866
N1iLWrIpDkxDyjcZb-It95lRyaa962Zzwqavgsp_yGs,2862cc7200e419a345c14c00edc36d46
MtUohvFgj2NX2MFhcLamQ_bJz5fOGfdVJgCD1vdI53s,643616999cd14df9e0fc205f2bfd8209
MtUohvFgj2NX2MFhcLamQ_bJz5fOGfdVJgCD1vdI53s,853e298d9bf5a11f3cfba6ef9e863124
MtUohvFgj2NX2MFhcLamQ_bJz5fOGfdVJgCD1vdI53s,31ce8cb434228dd928c2e9d8e69f71dc
MtUohvFgj2NX2MFhcLamQ_bJz5fOGfdVJgCD1vdI53s,3f8cd90a333ce7806d280b523c7739bf
I5GFuCtUHboX3aGbon_rYuCPxc8wyUZohwvvPB24j-s,e2eb30df9e4be8e8cec37b0af9b56a99
I5GFuCtUHboX3aGbon_rYuCPxc8wyUZohwvvPB24j-s,857ec0bce2c24adb24f28b7739a52ea9
I5GFuCtUHboX3aGbon_rYuCPxc8wyUZohwvvPB24j-s,4748372f85fc26144ff5905840615b4f
ndQmIqL9tdnNKKZzeQPLHaG1oLf1UBIIF3I1sHvWExY,0514ad5150305573ec6e57daae5ebf79
ndQmIqL9tdnNKKZzeQPLHaG1oLf1UBIIF3I1sHvWExY,f5ce1ca96c5568efb43f937644d72222
ndQmIqL9tdnNKKZzeQPLHaG1oLf1UBIIF3I1sHvWExY,b459a848e59754adac93c22fbf562603
ndQmIqL9tdnNKKZzeQPLHaG1oLf1UBIIF3I1sHvWExY,26a77a019f119b6b3150e505f02c5d57
ndQmIqL9tdnNKKZzeQPLHaG1oLf1UBIIF3I1sHvWExY,ae693e97757ad02cb77c01247d4524cc
TpKPp47HoA807XrETDbC9bDhKoirCmnJfVT6yE3R9Vc,1d661ef1cbfd6ad46c3188ca2a27bd5c
TpKPp47HoA807XrETDbC9bDhKoirCmnJfVT6yE3R9Vc,46f0bfaa3cba524b6ebea92230ff8b30
Xu8qHbFzez_Bykc_DlvQg73scmKM7BHKkxhQy2CtNa8,2976a25d9836e8ab0af512b661a54f16
Xu8qHbFzez_Bykc_DlvQg73scmKM7BHKkxhQy2CtNa8,a8084be5bb778809a7f9069aeacff122
Xu8qHbFzez_Bykc_DlvQg73scmKM7BHKkxhQy2CtNa8,57aebb5b0d783e7e4ee0da4f1af4401c
Xu8qHbFzez_Bykc_DlvQg73scmKM7BHKkxhQy2CtNa8,090605f41513e85fbf4604b517b88951
Xu8qHbFzez_Bykc_DlvQg73scmKM7BHKkxhQy2CtNa8,7eac567bcc9c191aef2e8eee19177aca
4qlqgGEPnbkySuq_MAHB1dC_t_ltqTgeKo0e4FPSxH4,63550603c07b204075a4dded04f2d0d0
4qlqgGEPnbkySuq_MAHB1dC_t_ltqTgeKo0e4FPSxH4,d5de45040ef52f29f568c02964fa8cd6
4qlqgGEPnbkySuq_MAHB1dC_t_ltqTgeKo0e4FPSxH4,e34661a66f7d9b32a48ef2abee55a706
petaqFJr80kYQwcULgKLBZM751R31wsHcdxSrjGvw6M,9b28d95c894e551e9b7870bb10a23c27
petaqFJr80kYQwcULgKLBZM751R31wsHcdxSrjGvw6M,61ce6ed008e088e844296448ab1a9b89
petaqFJr80kYQwcULgKLBZM751R31wsHcdxSrjGvw6M,cf8baf1bd6738c918c1d92774f2eee3d
U5odvYdNQNabJPINniKdxmribHCOH4UXSBixAe_Qe-o,906d2eeb58998c2c9b34f72bd9495c47
U5odvYdNQNabJPINniKdxmribHCOH4UXSBixAe_Qe-o,fda4be9c856751d9584ada4fd3404c5a
U5odvYdNQNabJPINniKdxmribHCOH4UXSBixAe_Qe-o,47d3b028f2d934d690a3863fc6aa74cb
U5odvYdNQNabJPINniKdxmribHCOH4UXSBixAe_Qe-o,b15add0b4309c096933b232ade238310
D00-s_iSFJTuoiceXOtt6DfE-ozZOtePxcy-kZQFrNQ,c1ba81154903246a30bfa0d776fa0efa
D00-s_iSFJTuoiceXOtt6DfE-ozZOtePxcy-kZQFrNQ,f7dce34481e17bf92bd096f432b6ab2c
D00-s_iSFJTuoiceXOtt6DfE-ozZOtePxcy-kZQFrNQ,7e49d30cd6fae63842d7942f2f488fef
D00-s_iSFJTuoiceXOtt6DfE-ozZOtePxcy-kZQFrNQ,93640b6e3786dd218d5344ece0620f1a
rHuEAA6EHJt4hz3VfhWpBrqR1lsecV8IHbeZXuBSTtI,faf8eb35c7f9f5c3c969f130200e747c
rHuEAA6EHJt4hz3VfhWpBrqR1lsecV8IHbeZXuBSTtI,e04a947883793763a75c12c2778f4b89
w1-o7ZTIxV1_Ny-2JD9HhO1vMWfa1rDq7m4tMKBb6is,685f73fabe48097e0463e911c12a3f2e
w1-o7ZTIxV1_Ny-2JD9HhO1vMWfa1rDq7m4tMKBb6is,6f4cb36974be397f123c35f1b6b7bc33
w1-o7ZTIxV1_Ny-2JD9HhO1vMWfa1rDq7m4tMKBb6is,e0fa376a87a6b7bfe045c380c357fc79
K9VX6X7rI2rZvdTu2gLntz3QJ8U6uNnUKcXmt5R5lYg,e29ec90a472248fef37d0b0a21a77f35
K9VX6X7rI2rZvdTu2gLntz3QJ8U6uNnUKcXmt5R5lYg,4a732a967739c7e13acebcc2593f44a1
jX5uELDMPHB1r9RnA1o3R_JNVNaViHpbmIxAH3v8DnA,ae8c6a81ebb86c1b82b6682a8308170c
jX5uELDMPHB1r9RnA1o3R_JNVNaViHpbmIxAH3v8DnA,5cd7d90da2aafa18511f5f521ed30abc
jX5uELDMPHB1r9RnA1o3R_JNVNaViHpbmIxAH3v8DnA,a6c5477c70a188c29539838e869d4ba5
kmHT8QMfCU_tKs4IRz_HopuquzIQN4F8iJrv9uixchc,f5eb074c970bc065d160bb0dd4a073e2
kmHT8QMfCU_tKs4IRz_HopuquzIQN4F8iJrv9uixchc,bc545e599ff40b28594bc823503bf1a8
5TM9fQDmC20gmmXZuGLU0ucsepZRpx_SI-cW_afGpuk,97bc0228b8c44d66607a5a4f3d02504f
5TM9fQDmC20gmmXZuGLU0ucsepZRpx_SI-cW_afGpuk,be8d2bd79e1c97080480f5141cf7d79f
PsPb1_Y-xHLFmJ77Eu31HDfArlxoAzSN0v53MQA_Sik,d592592059ebd06c85788b92b6d8a7ca
PsPb1_Y-xHLFmJ77Eu31HDfArlxoAzSN0v53MQA_Sik,cae4040ec2e8d503e5f17635f287c549
PsPb1_Y-xHLFmJ77Eu31HDfArlxoAzSN0v53MQA_Sik,bc306267d3a58d6cfb39693873aad447
3lqFXTxm9s3cltziV-MU0Ru7SIFr1crgfkpYlty3_8o,8312b9df29a2ba88e95089426210d13b
3lqFXTxm9s3cltziV-MU0Ru7SIFr1crgfkpYlty3_8o,c092e8da44db16087802253ddf86d071
jw4ADW38_ehDYm6YP4yV6se4PZRG9nDgWz9ceUwyIsU,c0252b2cbd8e640eeaf0fbc905b411a8
jw4ADW38_ehDYm6YP4yV6se4PZRG9nDgWz9ceUwyIsU,a625eda3914da1d14e67b123dcd3830a
jw4ADW38_ehDYm6YP4yV6se4PZRG9nDgWz9ceUwyIsU,12d92458269f28d9e8ea005e34326719
TlIG_3sXZLuH7T9nQMivDNnzJn4fFYQy1P0KqC3ldUQ,a43636620da6d236b73ef98ee1eeec9e
TlIG_3sXZLuH7T9nQMivDNnzJn4fFYQy1P0KqC3ldUQ,d2111ffdc00efdfc44f3ae90c828b113
kXcmuWtWua9QBmggl8WinzOTK699TzhEB-Ppwb7FjV4,0bda071c0200507071eebe8733460588
kXcmuWtWua9QBmggl8WinzOTK699TzhEB-Ppwb7FjV4,21014549d42e920167318457cfd1a4a5
6VGAL0i8H2arwCCu7CK2I_kAVbQY7zFp2qeIRIekL7Q,57e284aeeac5f15077478a3244642b71
6VGAL0i8H2arwCCu7CK2I_kAVbQY7zFp2qeIRIekL7Q,e7b7aa114747853c8f1dec6aac778d75
6VGAL0i8H2arwCCu7CK2I_kAVbQY7zFp2qeIRIekL7Q,ac8f7e536102a7df455641deda84c713
6VGAL0i8H2arwCCu7CK2I_kAVbQY7zFp2qeIRIekL7Q,30ca2e9bd0cfbecd6940e437bdefc519
ZMVjJy1LazGLdP6feEfT8MWqpNBvw0_G0GfNsbwqvrQ,9205aa6a63767e1d9cefafb4c6494033
ZMVjJy1LazGLdP6feEfT8MWqpNBvw0_G0GfNsbwqvrQ,11cafff8a124f659eb1cd393477c1fcb
ZMVjJy1LazGLdP6feEfT8MWqpNBvw0_G0GfNsbwqvrQ,b7d0ef37723c2434e3cfa0c347ef0b98
sp4sZkTs3ceVv3gizbv3lD2PSQvkQjerP2VFEZ9Vi1Q,e2e9e155015a1e84707f16d6913b5298
sp4sZkTs3ceVv3gizbv3lD2PSQvkQjerP2VFEZ9Vi1Q,5765af871252fe17107ee6cccf6123f2
sp4sZkTs3ceVv3gizbv3lD2PSQvkQjerP2VFEZ9Vi1Q,ccd54fab417dea7c7ffdc7e6effa1c44
2aJQIOdBbvgYWOXDRTI8J1oInWp27begNBGx8LNRYGo,654d41745327393ae66fd0d462b7f3f0
2aJQIOdBbvgYWOXDRTI8J1oInWp27begNBGx8LNRYGo,aa592a0a4516a0ec2f0fc96f5fa37f8d
sViq7Zrbp5qpdGZk0ZgTOX6s0Cpid5L1D4uNRseSxII,79eeb7776a4fc3de66a5d670225dd95e
sViq7Zrbp5qpdGZk0ZgTOX6s0Cpid5L1D4uNRseSxII,74ecd5e01d07e06c680b51afe769f8bb
sViq7Zrbp5qpdGZk0ZgTOX6s0Cpid5L1D4uNRseSxII,3e013f3ccdb4984a074efc7dec6293af
c2CHx2YHCJjx_nf5thSriGeQUY8GJL5Qzy-f9018xIQ,cee7789d4028bce96d74b7411343ec46
c2CHx2YHCJjx_nf5thSriGeQUY8GJL5Qzy-f9018xIQ,21d950173205a9d6e098449652503e1b
c2CHx2YHCJjx_nf5thSriGeQUY8GJL5Qzy-f9018xIQ,5ec594450507530432ba7be503ce6054
4PHz7YSvqsSLBdU2XPf7lh9ORQC-0B-dukLIG4PxS48,e7259e2a3b64a1c8c3e3c7a5dafbbd9c
4PHz7YSvqsSLBdU2XPf7lh9ORQC-0B-dukLIG4PxS48,c2530cda2c356f4163772c4906cb36ad
4PHz7YSvqsSLBdU2XPf7lh9ORQC-0B-dukLIG4PxS48,c2127e9d51ae482c6d8f49434b97f9e4
4PHz7YSvqsSLBdU2XPf7lh9ORQC-0B-dukLIG4PxS48,a1331829a683622936661cf6782fc128
AaEqTg39qkCJ41BcJeiby0-CYzNz0luCsYgL_JvdEoE,c01c1237182dad51a6264972d2670e8a
AaEqTg39qkCJ41BcJeiby0-CYzNz0luCsYgL_JvdEoE,037d5dd47e50fcc88508a96d8161f1d6
EVXFFYf95mgXGg2zze_8SymNla9zM3xx-GqGqfyFFb8,90ff6403171e967fa0da7939b3302c2d
EVXFFYf95mgXGg2zze_8SymNla9zM3xx-GqGqfyFFb8,3779249b74ba78710674cc542ba733fc
Yjvw2sx9u1J7SBbPbOvbiVLlAHgxoTTgLIkcRBRYkfQ,c805b1a3120b87f66bba31af88baf82d
Yjvw2sx9u1J7SBbPbOvbiVLlAHgxoTTgLIkcRBRYkfQ,689b09dea6681654bcf95594dd14fa5e
ZtCB_Rlk9ClRlA24anmshJc-yi3MsBm3w7IiD9hO3SI,67d0cf11d09b2bef28eea2cfb984c9c3
ZtCB_Rlk9ClRlA24anmshJc-yi3MsBm3w7IiD9hO3SI,03a19517c7d2e0ac093ccec656df57ca
ZtCB_Rlk9ClRlA24anmshJc-yi3MsBm3w7IiD9hO3SI,5f2307b71cd97e325c3b313a4cf7a279
n3jnfpTNc_uE4yo22sGNY67Ha74tyA4DPSJNMBEGVlQ,0bd0e9b46ff6deb6e1a0b88dc655ac68
n3jnfpTNc_uE4yo22sGNY67Ha74tyA4DPSJNMBEGVlQ,5c77cd5a932f0c14bb4d9a3c9ffb826f
n3jnfpTNc_uE4yo22sGNY67Ha74tyA4DPSJNMBEGVlQ,f820e4866465582058d85a7b0fd1fde5
LIYKBlhyjwMidV3G3uol5s3JXNimymtR5lma4KThWks,24c9af4e0d65b232f29fea8b5da3a774
LIYKBlhyjwMidV3G3uol5s3JXNimymtR5lma4KThWks,c556ad126a789585be7912a6baf34771
LIYKBlhyjwMidV3G3uol5s3JXNimymtR5lma4KThWks,13d0e9c3fd73d5554c0903376395df92
4ILmdGi7cOtZv6qiQ6TnehCUU3OOI6M3K4S-c7Ir-LA,f5a2b8f520dadc515c2e0c3f1c6a4038
O-WUYdJIDRNO9f1P-24DLIndqZa-IExQTRgKGbnXvqU,b0bc8bd4c78b52cfbc5f47efd329e63a
O-WUYdJIDRNO9f1P-24DLIndqZa-IExQTRgKGbnXvqU,9d939af6203c51087cefc096ae5e3bb3
Wyojww01j4Ki2Kcz0Ejp2wlLV-J9WXgnsLZJQI6PTTA,486f79ff6a04763dae134bf13eb7c0c8
Wyojww01j4Ki2Kcz0Ejp2wlLV-J9WXgnsLZJQI6PTTA,acaf5ea5ae2650294ee47a823b022d65
ExlRs_DoqMdlnIhGWQ9PhyD--VGy4HPJuslo4_u1F3w,55d4cb80765a4f0c6c0aa8ea42113904
ExlRs_DoqMdlnIhGWQ9PhyD--VGy4HPJuslo4_u1F3w,cdadcd7fcc8c7d6ad68b54abbf1b0501
ExlRs_DoqMdlnIhGWQ9PhyD--VGy4HPJuslo4_u1F3w,7cbd8701d6f299cf6e90c9cd478db224
ExlRs_DoqMdlnIhGWQ9PhyD--VGy4HPJuslo4_u1F3w,b667f18bc1f0c0c8deb47e684dc2d33c
UjdkaKfwVBHiRzjusSnW42fMvC05bsrSFp5KPnZ6tvM,259e773caf2e47bea1b6c4ea36a58741
UjdkaKfwVBHiRzjusSnW42fMvC05bsrSFp5KPnZ6tvM,2716affe1c0b72c670f368bfc857339f
UjdkaKfwVBHiRzjusSnW42fMvC05bsrSFp5KPnZ6tvM,1e40d9e80765b812f83748d9c96342cd
QRGlgUXKL5x0xOqFjD71FrwBg1ewMY1fF0nPMB_7fYA,93a209636c884645dc74c1946ab249d3
QRGlgUXKL5x0xOqFjD71FrwBg1ewMY1fF0nPMB_7fYA,cabdb15c014e52367abe58d6dfe0f8d1
2FXVWCFPSgSqnTSjOif2Z8s7GaRfe0GaD9eJfktnGkU,bcc191d1eb4024d4ea7d93ce52374c17
2FXVWCFPSgSqnTSjOif2Z8s7GaRfe0GaD9eJfktnGkU,789998d77b5d7c68e83daac765a3f7d9
2FXVWCFPSgSqnTSjOif2Z8s7GaRfe0GaD9eJfktnGkU,aa6dc692dc8c83c9a0ddec7ece8d2214
_OwGY4b-GDYGS_ItNTmO1Pe7iffOPxQYXfOA_PwArrw,142fae659b67bb825f13e73b654a55ae
_OwGY4b-GDYGS_ItNTmO1Pe7iffOPxQYXfOA_PwArrw,46fffb79bd6204bd8309c0f42eb8c23e
_OwGY4b-GDYGS_ItNTmO1Pe7iffOPxQYXfOA_PwArrw,b5c486bd1237eb11ded496b70e69a967
LMRhpdER4a5mtfAkWkcGi_5Lltr_Y5-yKRlYKKsRv6I,087c6ddd3ed2375230f8deb0ff15a170
LMRhpdER4a5mtfAkWkcGi_5Lltr_Y5-yKRlYKKsRv6I,af3bd3c809a5d8b70ef2c160359f8265
_zFbooQZB3_hn2xiodGKyOwLG3NDhLQoFdaVQGCFngQ,b99a7b32c1800a92ecae531612418f12
_zFbooQZB3_hn2xiodGKyOwLG3NDhLQoFdaVQGCFngQ,8bb77925002c996e964991118ac9ea17
q1FueQkgYQ_wcgSXzw-rr9w_CFhDtWcO81iyWO-wrK8,d64cb2949bebf562ef34d471cb441fb7
q1FueQkgYQ_wcgSXzw-rr9w_CFhDtWcO81iyWO-wrK8,498e9a8c873e0e30dda9232d2d3aed51
q1FueQkgYQ_wcgSXzw-rr9w_CFhDtWcO81iyWO-wrK8,b67c9b23c167012da6bd595e9d2bef06
S96FNXGFNwHK6maWsuqxSSV7ZuiROU8ugIViJYxc98c,e8b777cf9480dea666b7b7089951ff42
S96FNXGFNwHK6maWsuqxSSV7ZuiROU8ugIViJYxc98c,651469f950e9e33b477849cf53df7fdf
WL-KMPCuuVLSa3mJyiNXnGTHvoygZEl4u0URI5DWULc,dd00a0bc5c798a1c88c1386f8904eb9a
WL-KMPCuuVLSa3mJyiNXnGTHvoygZEl4u0URI5DWULc,ba1ab8cdffcaaab3ca76b4acd5f75284
I6SMIUIACvpEJpx63AVVaj4tKdJbsw9DpyWK2r94GgQ,54f31324c7f0e1d88a2e681f88505558
I6SMIUIACvpEJpx63AVVaj4tKdJbsw9DpyWK2r94GgQ,c5771e6d2b35a8dbf23d89f7bad15b21
I6SMIUIACvpEJpx63AVVaj4tKdJbsw9DpyWK2r94GgQ,2d1d9473cde159f56c7c30445e23d1ea
MCJTwdYUwGWP_9q1M5VWBDMCn-wpAkoXchzv1piAsmI,2f1cc144d8400df0d07c98efcb0129ec
Eju1_wRfN5KKQP0Ca-VPlDx0iit-xJ3wxH7EM-Xs8NY,94649d89b8442426612316e21f340d65
Eju1_wRfN5KKQP0Ca-VPlDx0iit-xJ3wxH7EM-Xs8NY,b6ebdaa78737e93b270d8656b1dd1012
FJiz276i4gOtso-HxLnNh6aeMv-pmOYV-u_40s_tuRE,e74bad4db08f77a52450379adb09d674
FJiz276i4gOtso-HxLnNh6aeMv-pmOYV-u_40s_tuRE,e5a6857de8abf3d81fcc697d67065551
URsAqyO4RDQ-SlMDOJ-GlD0OVoCh256Pf_XYtIJHoU4,8eee96f175ba57760904a56e7b4a5fe7
URsAqyO4RDQ-SlMDOJ-GlD0OVoCh256Pf_XYtIJHoU4,848451a9893aaa00c08d5b34ee021117
URsAqyO4RDQ-SlMDOJ-GlD0OVoCh256Pf_XYtIJHoU4,f1ffd1d3f6ae94bd9dde5f35f55c4714
9UFHG00TNhVCbt815jL-xCLVUPEuUdDO0yHBPjYoAVk,2438d3df76351022b0dcc1a6dc73dee1
9UFHG00TNhVCbt815jL-xCLVUPEuUdDO0yHBPjYoAVk,3986a8553c93f50236aabd06341ae42e
9UFHG00TNhVCbt815jL-xCLVUPEuUdDO0yHBPjYoAVk,85100a6e6286ee25ee81151adfbb721b
gbOA_pKwN8NQJzx8oh_wTCbJ5I2qdFvMEHX13gffEQs,9cdd792af280d923679ecc9b98a05b3e
gbOA_pKwN8NQJzx8oh_wTCbJ5I2qdFvMEHX13gffEQs,0504b138334381f867acd7f540451516
ciQGNWqXFbUG0X0oOCSQdOG_LNhPYJP1CoiUAonmYPU,c3eb2e48eb4c29158485c4b888f45f8a
ciQGNWqXFbUG0X0oOCSQdOG_LNhPYJP1CoiUAonmYPU,a7f664e54685ee9c8cfac9ff69fc5aca
ciQGNWqXFbUG0X0oOCSQdOG_LNhPYJP1CoiUAonmYPU,e945c935c658cce6c2e9c6f63a7a838d
ciQGNWqXFbUG0X0oOCSQdOG_LNhPYJP1CoiUAonmYPU,6a598ca3e1cd028769bab3f436f53aa0
ciQGNWqXFbUG0X0oOCSQdOG_LNhPYJP1CoiUAonmYPU,36ebe2e1ba676f0c83d6fb9373b08c85
8U4gOvl_8Vxtl_z4R0vCzHlP1yh_zQy3P5UqpXbZYTY,5da79e93062216ba4fff6ee0c7759bc1
8U4gOvl_8Vxtl_z4R0vCzHlP1yh_zQy3P5UqpXbZYTY,408533f7b7f185bac9f4252223231965
d5H9abc2bG5ZGZwxq-6RviKO0P_gHhZ7Gv5-mMc7F4s,26c932b1f62a3e966c47758f2bebbdae
d5H9abc2bG5ZGZwxq-6RviKO0P_gHhZ7Gv5-mMc7F4s,7329950bbfdc741582178a5f10fab680
tGS2BVEi9Qo6wt-O3AYsb5-CTHP-rcDKjsgQTKvBLd0,558a429562662f1b110f39f039a11e55
tGS2BVEi9Qo6wt-O3AYsb5-CTHP-rcDKjsgQTKvBLd0,2642745376df0e097a807b2af6846da5
tGS2BVEi9Qo6wt-O3AYsb5-CTHP-rcDKjsgQTKvBLd0,249751074c29ca31abe4d739619e31e1
tGS2BVEi9Qo6wt-O3AYsb5-CTHP-rcDKjsgQTKvBLd0,d56859ad8676a61ba02b3ee973572dc0
tGS2BVEi9Qo6wt-O3AYsb5-CTHP-rcDKjsgQTKvBLd0,263303cf5af748f9f017cd2dfae8b522
ybQWJXvc-zx1kYtlTwfSChUBV95bO34weqngDFBl7zc,aa51d9ed289de7c88508e2e6a76d0247
ybQWJXvc-zx1kYtlTwfSChUBV95bO34weqngDFBl7zc,f645a5a753dd3e5ddfb4c191735c159d
ybQWJXvc-zx1kYtlTwfSChUBV95bO34weqngDFBl7zc,546999b2def031cd66fe69401024d55d
sT2J6ZYhZch-m0azKHNV9fPVY0GSLEo6mG1oYy7Dwbo,ee93430819a0759cef31133a450c307e
sT2J6ZYhZch-m0azKHNV9fPVY0GSLEo6mG1oYy7Dwbo,c1a3fa3ee73e6042d263cca753b20ad1
CdGmN49IuFUblUTnOUmDraKKgTn3eC0SpJajr6qRfVQ,825b7c73bd7d9d37d0f78f9e2fe14b5b
CdGmN49IuFUblUTnOUmDraKKgTn3eC0SpJajr6qRfVQ,eeab0e35424105e96341217ab655cd66
tCOAShvXLzKE13qSmwOsQgb1JzpZczOVK0mCgCHtd6U,7ddf38cc482ecb65b321ba12b436b213
RJ8cPrCV1zY7oR0FsOf7SisLFKl8GQr6SFHuGHEm_5A,4febd6f04a1554d629c24b35173c44d0
RJ8cPrCV1zY7oR0FsOf7SisLFKl8GQr6SFHuGHEm_5A,3e4172028c752c3984934b2666436376
RJ8cPrCV1zY7oR0FsOf7SisLFKl8GQr6SFHuGHEm_5A,f38130c8ecbca71b6913a051c49f98f7
l2MmaBYj5jHK-6izflgKdfQJ9VfeMtM4zw5bXMjUpwY,22f38d7c38cd05f5dfa9842a952cad15
l2MmaBYj5jHK-6izflgKdfQJ9VfeMtM4zw5bXMjUpwY,73cf9a8cd3d3d5cef2b8ebc7b252b6d2
EyXlLXKS0K0XLKpbVUaBdR7e1G8xVRSc63G42DqViwU,f5ad3542127244f6a8fa2fd28a80cb75
EyXlLXKS0K0XLKpbVUaBdR7e1G8xVRSc63G42DqViwU,f0cd34f74e10386562f7a0c5d991bd56
s73uwxdvhJuFb0X_OsdUA1BhMk5gx4RmzNw0cwy_2Fw,28f64f63834943470ee5dfbd611e498a
s73uwxdvhJuFb0X_OsdUA1BhMk5gx4RmzNw0cwy_2Fw,b30acd194bee438ef7d7e6e503cc1a2e
YIo9tBpN-5zvDMu_wB9S-wsjLnXi8iX2PrvTV67S0TQ,2ba5e0081ff6d376567b967f0f810bf5
YIo9tBpN-5zvDMu_wB9S-wsjLnXi8iX2PrvTV67S0TQ,9383c7fe8be19518863ad691b54dc748
YJiHDNNjFmbhily1zzbtnGUxVk5sFHRBOjDZQvjvyl0,ab1a42e8d7414b299e494e011bfcd4db
YJiHDNNjFmbhily1zzbtnGUxVk5sFHRBOjDZQvjvyl0,c4113f0eaaf3151d46f25598017dda4e
OOii9fHGTjHrKyuFhsKUyvSFSRDN4ebpt-yR6gK7Uh8,2817991529fc479be5fe2e7b1337917b
OOii9fHGTjHrKyuFhsKUyvSFSRDN4ebpt-yR6gK7Uh8,51e4435310961dd62122a0d2bc1f42ea
enh8WbWz9Ol669Z5u-vLDF820m2dn9iICA9_z6jl_lQ,050845503e627e6aa3246b5d963dc884
enh8WbWz9Ol669Z5u-vLDF820m2dn9iICA9_z6jl_lQ,861864f196012a4e33be727cf50ef71a
enh8WbWz9Ol669Z5u-vLDF820m2dn9iICA9_z6jl_lQ,061f791ab8419fd44e9217ade1684615
59bc2765681516389ccf4548,c5bb324e9b662420261ac459da29108a
59bc2765681516389ccf4548,ad160cc1f2644faaf9a4cfe2c1cee230
a-IOPcy2snxGm88ScUOW_E3XEkvO91NNKnSQuXnfacU,9b209cc57d4a5f058135e4aca542624e
a-IOPcy2snxGm88ScUOW_E3XEkvO91NNKnSQuXnfacU,6f7352959f6d99b1e262a37b95f1b983
GOxxOMY0zUtqmNpuxACcwgm1UTpoSUExzmfLn0DEpkA,3194a074bdb40d55dd04275e6b09133e
GOxxOMY0zUtqmNpuxACcwgm1UTpoSUExzmfLn0DEpkA,8582ff96d778341eafe23e9ffb27ac6d
YOYBXyWsvE4tz70F1ntjKROmaAlKpRaatGCpWE-cHwQ,58975af1183b56628e24df0abc0af659
YOYBXyWsvE4tz70F1ntjKROmaAlKpRaatGCpWE-cHwQ,03de8ab05cf2a9a5baf4b47c7e657977
YOYBXyWsvE4tz70F1ntjKROmaAlKpRaatGCpWE-cHwQ,8d8a8bee51bfa693651b11d726b6e4f8
GcgfIRxHFeGgadhpsTw7a5bhm_K3rxDKn8uBDytZ9p0,ea83461a39aa7b57060a35b3e50c1370
GcgfIRxHFeGgadhpsTw7a5bhm_K3rxDKn8uBDytZ9p0,d2a10f705bc3f1c1b0e4f28dd0ced0df
GcgfIRxHFeGgadhpsTw7a5bhm_K3rxDKn8uBDytZ9p0,664db4f7219dd5ba9b287ffd90196a6e
v3ClQb9YrQhd827TorO4lK6E0tXA7FdnOJWrVrfLSWw,fc50f26108b80d27eec517801c20ad2b
v3ClQb9YrQhd827TorO4lK6E0tXA7FdnOJWrVrfLSWw,6ad1c756d32e729ce97f003f9aa53681
ela3K7d9qiwzugqKZNlQXf8SKGvTCYN9Uwoj6RdRDBk,fc5b6f2bb07a2b65d413e07fe3c15174
ela3K7d9qiwzugqKZNlQXf8SKGvTCYN9Uwoj6RdRDBk,bde08ba10b6e63e1cff759a11d56c90c
ela3K7d9qiwzugqKZNlQXf8SKGvTCYN9Uwoj6RdRDBk,b259082e8b764ae9294d84b2888581be
pozisiuLWWhbGu0knoxSdfwUaXBHDLyJdOqiTLAlzOM,edfe47fdda791f04a40ebb06ad29426e
pozisiuLWWhbGu0knoxSdfwUaXBHDLyJdOqiTLAlzOM,4077aca20a6cd729b317759b9ecabfeb
pozisiuLWWhbGu0knoxSdfwUaXBHDLyJdOqiTLAlzOM,45af5387ebac27f1158bc3005ee341a9
Wyojww01j4Ki2Kcz0Ejp2wlLV-J9WXgnsLZJQI6PTTA,05ea76e0a24fd5e66b004b603505035b
Wyojww01j4Ki2Kcz0Ejp2wlLV-J9WXgnsLZJQI6PTTA,76e7441c3a32ae5fd750c61c122be0e8
Wyojww01j4Ki2Kcz0Ejp2wlLV-J9WXgnsLZJQI6PTTA,b073b640c073f35869c906054cc73bd9
cvDF05jdSdIyiAp3A7bMnxg2KZ0zwUksDXYsLW1w2NY,0b8738856d47e7cc82e5642478ca847d
cvDF05jdSdIyiAp3A7bMnxg2KZ0zwUksDXYsLW1w2NY,6192a1e47147429f0ddd03db40a2b952
IefaN1ApNHVmqq0lHr9A-pcgxk-ZdPO6DZriRK-C1JU,27562ea009af83ad668256c1950821c3
IefaN1ApNHVmqq0lHr9A-pcgxk-ZdPO6DZriRK-C1JU,0f148df305afea0705451d3375e00a54
IefaN1ApNHVmqq0lHr9A-pcgxk-ZdPO6DZriRK-C1JU,a68acdb9a26128836e63851fcbf6600a
40jyjsY-6305fXhV2zgB2kzDoJ-oAOiEJFzFgPsHaXU,a3eb74ce49c6c4a187283855b4d33032
40jyjsY-6305fXhV2zgB2kzDoJ-oAOiEJFzFgPsHaXU,8a8252116c901f4db8eef319bcc79f79
L77kDhnDEsZqD-2UeLtToNYBTRey8gI5X_q5jXNgkt8,d2d796379ed8a8bbd13b8870e6b084ce
L77kDhnDEsZqD-2UeLtToNYBTRey8gI5X_q5jXNgkt8,f234ba13ddf37ac097d85f0d165b4dbe
L77kDhnDEsZqD-2UeLtToNYBTRey8gI5X_q5jXNgkt8,5ec5b94ae2c053b029218e08bfb622a9
IRRl47RhJx43fBiKc_DSNTeLOQhCIkhwr-_xQPBqzyU,70d2da986fbb856c09b0fcdf005477ce
IRRl47RhJx43fBiKc_DSNTeLOQhCIkhwr-_xQPBqzyU,49600ad4cf7fde16179d354384a039c2
IRRl47RhJx43fBiKc_DSNTeLOQhCIkhwr-_xQPBqzyU,059ec25a8fe22411a8d52fc17cae3b49
UNxDQmJU62GSnqUfq7T1Bj958mAkGW0elwAyhsoj4pk,e769c0b19f54c2dbb2eada11cc3e1eb1
UNxDQmJU62GSnqUfq7T1Bj958mAkGW0elwAyhsoj4pk,5df34d4294da2a082d5e11a3e915d383
UNxDQmJU62GSnqUfq7T1Bj958mAkGW0elwAyhsoj4pk,dcb1cfb7a077409b97eb7931b19a508a
tGS2BVEi9Qo6wt-O3AYsb5-CTHP-rcDKjsgQTKvBLd0,c54670dd3bf56484e47495f912a0a33c
tGS2BVEi9Qo6wt-O3AYsb5-CTHP-rcDKjsgQTKvBLd0,42047d3096e069e278e0fc7a4de90a1e
tGS2BVEi9Qo6wt-O3AYsb5-CTHP-rcDKjsgQTKvBLd0,7f714ed1b1095cdc71e8eb97a1be480e
hsn4SIwxi7Oq1tU7M81Nc-7QDHznAaiTln5Jz04SeD4,a58061bac96c2c84d5e6bf37affd7808
hsn4SIwxi7Oq1tU7M81Nc-7QDHznAaiTln5Jz04SeD4,7e6a57e2fcabf518e9007a77d4cc4960
hsn4SIwxi7Oq1tU7M81Nc-7QDHznAaiTln5Jz04SeD4,a728275e5402bf1a484a2c46ce38af52
g5dXQOee9z0ycjenYwpludqK5JBLEXxA3VAPP7S9jj4,32fe89510c1c99e2c4998fe78b178fb2
g5dXQOee9z0ycjenYwpludqK5JBLEXxA3VAPP7S9jj4,b58937c3fce9664180253c775647d0bc
g5dXQOee9z0ycjenYwpludqK5JBLEXxA3VAPP7S9jj4,c71dc5bf1bc40f63d04863b1f86cded5
